image,candidate,member,parameters_json,baseline_psnr,baseline_mse,baseline_ssim,mse,psnr,ssim,coherence,contrast,fragmentation,continuity,ridge_coverage,delta_psnr,delta_mse,delta_ssim,runtime_seconds
34__M_Right_ring_finger.BMP,M3 TV (weight=0.01),M3 TV,"{""weight"": 0.01}",27.38889028602457,0.0018243618056768378,0.852031355201602,0.0013424536602728938,28.72100696641529,0.9127342816181183,0.6546183824539185,0.18661823868751526,2.300556586270872,41.84905660377358,0.411224365234375,1.332116680390719,-0.00048190814540394395,0.06070292641651631,0.24196810001740232
12__M_Left_middle_finger.BMP,M3 TV (weight=0.01),M3 TV,"{""weight"": 0.01}",27.200596265626643,0.001905199125245581,0.8736786578543186,0.0013980621436891624,28.54473523825346,0.9204127996438741,0.6557433605194092,0.18529273569583893,1.8636112644947542,43.02857142857143,0.442138671875,1.3441389726268156,-0.0005071369815564187,0.04673414178955548,0.015052100003231317
379__F_Left_ring_finger.BMP,M3 TV (weight=0.01),M3 TV,"{""weight"": 0.01}",27.29697459443381,0.001863384765742222,0.8307089306706786,0.0013385239586171424,28.73373850848288,0.9058721581663489,0.5549435019493103,0.1812436580657959,6.701414743112435,15.228260869565217,0.3483734130859375,1.4367639140490702,-0.0005248608071250797,0.07516322749567028,0.020793199946638197
216__M_Right_ring_finger.BMP,M3 TV (weight=0.01),M3 TV,"{""weight"": 0.01}",27.409242552997565,0.001815832331964324,0.8339104979358911,0.0013187648897043948,28.79832623866327,0.9048065441499948,0.6159604787826538,0.16511613130569458,1.1926502925720248,38.50785340314136,0.4094085693359375,1.3890836856657067,-0.0004970674422599291,0.07089604621410373,0.020427400013431907
598__M_Right_little_finger.BMP,M3 TV (weight=0.01),M3 TV,"{""weight"": 0.01}",27.232376829257564,0.0018913082504083206,0.873195821332097,0.0014305879125144968,28.44485448766236,0.9252261088967919,0.6357633471488953,0.22809313237667084,6.61052962933816,14.67621776504298,0.387786865234375,1.2124776584047972,-0.0004607203378938238,0.052030287564694855,0.014402200002223253
241__M_Right_thumb_finger.BMP,M3 TV (weight=0.01),M3 TV,"{""weight"": 0.01}",27.683054149489543,0.0017048830187297685,0.8502431259251237,0.0011876194734059566,29.253226898875337,0.9063100666842461,0.6632646322250366,0.1757650226354599,0.9870725339107177,64.75247524752476,0.48472033584393137,1.5701727493857938,-0.0005172635453238119,0.05606694075912233,0.015308399975765496
318__F_Left_little_finger.BMP,M3 TV (weight=0.01),M3 TV,"{""weight"": 0.01}",27.680894438410597,0.001705731054009289,0.804882369456917,0.0011913210237677685,29.23971193962476,0.8950886508578658,0.5395686626434326,0.18601013720035553,9.390161197767227,10.659459459459459,0.2924957275390625,1.5588175012141612,-0.0005144100302415205,0.09020628140094877,0.020427700015716255
533__M_Left_thumb_finger.BMP,M3 TV (weight=0.01),M3 TV,"{""weight"": 0.01}",27.13216588011231,0.0019354564872124708,0.877849622436881,0.0014004627596481763,28.53728435211948,0.9256735489919186,0.6957241892814636,0.19839942455291748,5.8388795884202365,19.236363636363638,0.3737030029296875,1.405118472007171,-0.0005349937275642945,0.04782392655503753,0.014622499991673976
352__M_Left_ring_finger.BMP,M3 TV (weight=0.01),M3 TV,"{""weight"": 0.01}",27.179633251246813,0.001914417585057521,0.8731976190728247,0.001433092559192794,28.437257589058525,0.9255833205273748,0.6599111557006836,0.21689239144325256,6.424965580541532,16.271929824561404,0.3657379150390625,1.2576243378117127,-0.0004813250258647269,0.052385701454550126,0.014844799996353686
399__M_Right_ring_finger.BMP,M3 TV (weight=0.01),M3 TV,"{""weight"": 0.01}",27.19164994656221,0.0019091278159366633,0.7421257503849864,0.001174907906857593,29.29996173486729,0.8486265444083214,0.5282931923866272,0.12513644993305206,20.903736603263496,9.386590584878745,0.316070556640625,2.108311788305077,-0.0007342199090790704,0.10650079402333501,0.018279300013091415
576__M_Left_middle_finger.BMP,M3 TV (weight=0.01),M3 TV,"{""weight"": 0.01}",26.928755659828724,0.002028263774235365,0.9142761199680268,0.0015766107322072725,28.022755214604793,0.9401969886974693,0.6821211576461792,0.21542313694953918,5.5803970667143625,18.8659793814433,0.4265594482421875,1.0939995547760688,-0.00045165304202809237,0.025920868729442437,0.013415599998552352
506__M_Right_ring_finger.BMP,M3 TV (weight=0.01),M3 TV,"{""weight"": 0.01}",27.395784631250596,0.0018214679623487747,0.8722582732038497,0.0013324225746106156,28.753580178708575,0.9228654530304671,0.5772148370742798,0.2152414619922638,1.7416843111809304,29.634703196347033,0.446807861328125,1.3577955474579788,-0.0004890453877381591,0.05060717982661733,0.016973799967672676
559__M_Right_index_finger.BMP,M3 TV (weight=0.01),M3 TV,"{""weight"": 0.01}",27.192835645833707,0.001908606662071044,0.8851221825720071,0.001421013882669714,28.474016791890683,0.9291640943655968,0.6630384922027588,0.2245810627937317,6.351615867055487,16.75796178343949,0.3819732666015625,1.2811811460569764,-0.00048759277940132995,0.04404191179358963,0.014967399998567998
52__M_Right_little_finger.BMP,M3 TV (weight=0.01),M3 TV,"{""weight"": 0.01}",26.879822313048408,0.0020512461016534865,0.7911558452983201,0.0012583600741753699,29.00195069660356,0.8718018569258451,0.5430788397789001,0.13134902715682983,12.213611859838275,12.927710843373495,0.3623046875,2.122128383555154,-0.0007928860274781166,0.08064601162752505,0.01621889998205006
384__F_Left_middle_finger.BMP,M3 TV (weight=0.01),M3 TV,"{""weight"": 0.01}",27.13703414382276,0.0019332881351077943,0.8732754213032723,0.0014449197031797783,28.401562867724035,0.9233808262705206,0.6221140623092651,0.2065064013004303,7.938106942821453,12.392561983471074,0.3786773681640625,1.2645287239012752,-0.000488368431928016,0.05010540496724836,0.014578000002074987
410__M_Right_ring_finger.BMP,M3 TV (weight=0.01),M3 TV,"{""weight"": 0.01}",27.172578282168498,0.001917530019942655,0.8590272322995662,0.001431066958509185,28.443400454640276,0.9172712174409627,0.6175315976142883,0.18395747244358063,2.501867064973861,25.159574468085108,0.40863037109375,1.270822172471778,-0.00048646306143347,0.058243985141396504,0.015668799984268844
337__F_Right_index_finger.BMP,M3 TV (weight=0.01),M3 TV,"{""weight"": 0.01}",27.1670497656429,0.0019199725669341115,0.8783707026723028,0.0013995555961087373,28.540098448908076,0.9259063779899478,0.6762794256210327,0.22271320223808289,4.25108191949753,24.45631067961165,0.3984222412109375,1.373048683265175,-0.0005204169708253742,0.04753567531764502,0.022565499995835125
74__F_Right_ring_finger.BMP,M3 TV (weight=0.01),M3 TV,"{""weight"": 0.01}",27.081354535094363,0.001958233818376267,0.8777061184492111,0.0014641120455407002,28.344256863254103,0.9246194355303049,0.6736783981323242,0.20909437537193298,5.087793121915765,18.37719298245614,0.3988800048828125,1.2629023281597398,-0.000494121772835567,0.04691331708109381,0.015046899963635951
296__M_Left_index_finger.BMP,M3 TV (weight=0.01),M3 TV,"{""weight"": 0.01}",27.391662357015832,0.0018231976999867365,0.8645058621141016,0.0013098210606663713,28.827880308123504,0.9204121428511143,0.6714999079704285,0.22211503982543945,4.909646010396898,18.533333333333335,0.369842529296875,1.4362179511076718,-0.0005133766393203652,0.05590628073701265,0.014964999980293214
103__F_Left_middle_finger.BMP,M3 TV (weight=0.01),M3 TV,"{""weight"": 0.01}",27.088767679458144,0.0019548940827578748,0.8772183270350099,0.0014572986034863506,28.36451451277743,0.9232478650284409,0.6528384685516357,0.20404040813446045,7.2380072380072376,16.173027989821882,0.396331787109375,1.2757468333192854,-0.0004975954792715241,0.04602953799343101,0.014355099992826581
355__M_Right_middle_finger.BMP,M3 TV (weight=0.01),M3 TV,"{""weight"": 0.01}",27.07127176320906,0.0019627854217751043,0.9183189378033877,0.0014795995133836566,28.298558201890494,0.9422280533237457,0.7432973980903625,0.22806361317634583,2.562838836865451,39.86390532544379,0.4644012451171875,1.227286438681432,-0.0004831859083914477,0.023909115520358015,0.01016819995129481
86__M_Right_index_finger.BMP,M3 TV (weight=0.01),M3 TV,"{""weight"": 0.01}",27.582988301158558,0.0017446212977138959,0.8206633272415698,0.0012450637758335084,29.048084021560477,0.9006420226854086,0.6265069246292114,0.18552915751934052,1.372517358307767,54.214285714285715,0.3816067164753909,1.4650957204019193,-0.0004995575218803875,0.07997869544383884,0.018692499957978725
576__M_Left_little_finger.BMP,M3 TV (weight=0.01),M3 TV,"{""weight"": 0.01}",27.250599018190513,0.0018833892975043372,0.8615081280892491,0.001395064219211492,28.554057999837603,0.9177519129476547,0.5782504081726074,0.20023232698440552,10.751266798854372,9.998154981549815,0.3462982177734375,1.3034589816470898,-0.0004883250782928453,0.05624378485840553,0.016813999973237514
537__M_Right_thumb_finger.BMP,M3 TV (weight=0.01),M3 TV,"{""weight"": 0.01}",27.160549724632475,0.0019228483217214737,0.8889713668987751,0.0014647947442630676,28.342232269679947,0.9309183689352274,0.6876855492591858,0.21363255381584167,3.466587992329252,24.757679180887372,0.41375732421875,1.1816825450474724,-0.0004580535774584061,0.0419470020364523,0.01306929998099804
34__M_Right_ring_finger.BMP,M3 TV (weight=0.02),M3 TV,"{""weight"": 0.02}",27.38889028602457,0.0018243618056768378,0.852031355201602,0.0012503360027422891,29.029732633695193,0.9407316445982457,0.6840745210647583,0.1805790662765503,1.8542555164101613,47.45925925925926,0.4114532470703125,1.640842347670624,-0.0005740258029345486,0.08870028939664365,0.04195330000948161
12__M_Left_middle_finger.BMP,M3 TV (weight=0.02),M3 TV,"{""weight"": 0.02}",27.200596265626643,0.001905199125245581,0.8736786578543186,0.0012929962628073618,28.88402730374429,0.9408749792202711,0.679178774356842,0.17893806099891663,1.4093705957168883,47.00653594771242,0.4438934326171875,1.6834310381176465,-0.0006122028624382192,0.06719632136595244,0.04265679995296523
379__F_Left_ring_finger.BMP,M3 TV (weight=0.02),M3 TV,"{""weight"": 0.02}",27.29697459443381,0.001863384765742222,0.8307089306706786,0.0012089520624414527,29.175909195113597,0.9426344510675668,0.5795237421989441,0.17503821849822998,6.590509666080843,14.458666666666666,0.3472900390625,1.8789346006797878,-0.0006544327033007693,0.11192552039688819,0.04999239998869598
216__M_Right_ring_finger.BMP,M3 TV (weight=0.02),M3 TV,"{""weight"": 0.02}",27.409242552997565,0.001815832331964324,0.8339104979358911,0.0012153410746823488,29.15301824069559,0.9376118296965361,0.6406987905502319,0.15854571759700775,1.0714549619448754,41.13333333333333,0.412994384765625,1.743775687698026,-0.0006004912572819751,0.103701331760645,0.04203200002666563
598__M_Right_little_finger.BMP,M3 TV (weight=0.02),M3 TV,"{""weight"": 0.02}",27.232376829257564,0.0018913082504083206,0.873195821332097,0.0013300966007534349,28.7611681643843,0.9494951010679007,0.6619700193405151,0.22236737608909607,6.627218934911242,14.39367816091954,0.386810302734375,1.528791335126737,-0.0005612116496548857,0.07629927973580364,0.01748159999260679
241__M_Right_thumb_finger.BMP,M3 TV (weight=0.02),M3 TV,"{""weight"": 0.02}",27.683054149489543,0.0017048830187297685,0.8502431259251237,0.001063966248600941,29.73072148618845,0.9305717186890841,0.6885805726051331,0.17056399583816528,0.6664339437021992,81.41891891891892,0.48724332013854527,2.0476673366989075,-0.0006409167701288275,0.08032859276396032,0.017277600010856986
318__F_Left_little_finger.BMP,M3 TV (weight=0.02),M3 TV,"{""weight"": 0.02}",27.680894438410597,0.001705731054009289,0.804882369456917,0.0010648546447977727,29.727096704135416,0.9370431328734159,0.5706948041915894,0.18057087063789368,9.121409100440344,10.837078651685394,0.29107666015625,2.046202265724819,-0.0006408764092115163,0.13216076341649885,0.026838899997528642
533__M_Left_thumb_finger.BMP,M3 TV (weight=0.02),M3 TV,"{""weight"": 0.02}",27.13216588011231,0.0019354564872124708,0.877849622436881,0.001251222133203796,29.02665581864744,0.9467567633266449,0.7231506109237671,0.19262641668319702,5.164146071560309,20.137254901960784,0.3722991943359375,1.8944899385351306,-0.0006842343540086747,0.06890714088976391,0.016295500041451305
352__M_Left_ring_finger.BMP,M3 TV (weight=0.02),M3 TV,"{""weight"": 0.02}",27.179633251246813,0.001914417585057521,0.8731976190728247,0.0013220748998564698,28.78743939954072,0.9500070106333495,0.6849148273468018,0.2108405977487564,6.031918904201399,16.376506024096386,0.3642730712890625,1.607806148293907,-0.0005923426852010511,0.0768093915605248,0.01854819996515289
399__M_Right_ring_finger.BMP,M3 TV (weight=0.02),M3 TV,"{""weight"": 0.02}",27.19164994656221,0.0019091278159366633,0.7421257503849864,0.0009029102818236768,30.443554014524793,0.9096315685558319,0.5590227842330933,0.11867561936378479,18.03576841467111,9.925788497217068,0.302032470703125,3.251904067962581,-0.0010062175341129865,0.16750581817084553,0.031366399955004454
576__M_Left_middle_finger.BMP,M3 TV (weight=0.02),M3 TV,"{""weight"": 0.02}",26.928755659828724,0.002028263774235365,0.9142761199680268,0.0015028892178615837,28.230730312857474,0.9505768032218218,0.6995571851730347,0.20861440896987915,5.666738397532458,18.583333333333332,0.425445556640625,1.3019746530287506,-0.0005253745563737811,0.036300683253794985,0.015428299957420677
506__M_Right_ring_finger.BMP,M3 TV (weight=0.02),M3 TV,"{""weight"": 0.02}",27.395784631250596,0.0018214679623487747,0.8722582732038497,0.0012204250684451636,29.134888802040084,0.9455651290085316,0.6029711961746216,0.20997056365013123,1.7058442223056192,30.215311004784688,0.4472503662109375,1.7391041707894885,-0.000601042893903611,0.07330685580468188,0.02493240003241226
559__M_Right_index_finger.BMP,M3 TV (weight=0.02),M3 TV,"{""weight"": 0.02}",27.192835645833707,0.001908606662071044,0.8851221825720071,0.001303052790208544,28.850379894816935,0.9493237113127708,0.6852331161499023,0.21888159215450287,6.053074641225046,16.8125,0.380645751953125,1.6575442489832284,-0.0006055538718624999,0.06420152874076368,0.07951589999720454
52__M_Right_little_finger.BMP,M3 TV (weight=0.02),M3 TV,"{""weight"": 0.02}",26.879822313048408,0.0020512461016534865,0.7911558452983201,0.0009503713708462451,30.22106654928927,0.9151933128168583,0.5788462162017822,0.12519660592079163,8.038106579339088,15.88341968911917,0.3587799072265625,3.341244236240861,-0.0011008747308072415,0.12403746751853828,0.046839899965561926
384__F_Left_middle_finger.BMP,M3 TV (weight=0.02),M3 TV,"{""weight"": 0.02}",27.13703414382276,0.0019332881351077943,0.8732754213032723,0.0013473174250908063,28.705300733751624,0.9452597654626369,0.6499377489089966,0.20033755898475647,7.669209543905211,12.4375,0.37603759765625,1.5682665899288644,-0.000585970710016988,0.07198434415936461,0.019328399968799204
410__M_Right_ring_finger.BMP,M3 TV (weight=0.02),M3 TV,"{""weight"": 0.02}",27.172578282168498,0.001917530019942655,0.8590272322995662,0.0013301828220132505,28.76088664946483,0.9458726369031668,0.6386489868164062,0.17733794450759888,2.49934718543664,25.438661710037174,0.4090423583984375,1.5883083672963316,-0.0005873471979294044,0.08684540460360057,0.01679690001765266
337__F_Right_index_finger.BMP,M3 TV (weight=0.02),M3 TV,"{""weight"": 0.02}",27.1670497656429,0.0019199725669341115,0.8783707026723028,0.0012548639975604342,29.014033405651407,0.948008709911108,0.6985312700271606,0.21707534790039062,3.7669126691266914,25.473958333333332,0.39697265625,1.8469836400085065,-0.0006651085693736773,0.0696380072388052,0.016553199966438115
74__F_Right_ring_finger.BMP,M3 TV (weight=0.02),M3 TV,"{""weight"": 0.02}",27.081354535094363,0.001958233818376267,0.8777061184492111,0.0013591907271502742,28.667195970298323,0.9462854996604919,0.6963770389556885,0.2026795595884323,4.946319018404909,19.093167701863354,0.39794921875,1.5858414352039603,-0.000599043091225993,0.06857938121128082,0.019636099983472377
296__M_Left_index_finger.BMP,M3 TV (weight=0.02),M3 TV,"{""weight"": 0.02}",27.391662357015832,0.0018231976999867365,0.8645058621141016,0.0011555308697924706,29.3721844793351,0.9329840414656401,0.6843225955963135,0.21848991513252258,4.468534072572303,19.105263157894736,0.3687896728515625,1.9805221223192682,-0.0006676668301942659,0.06847817935153844,0.006540399976074696
103__F_Left_middle_finger.BMP,M3 TV (weight=0.02),M3 TV,"{""weight"": 0.02}",27.088767679458144,0.0019548940827578748,0.8772183270350099,0.0013466631636846905,28.707410193078605,0.9436883691824675,0.6763342022895813,0.19779513776302338,6.078674306953694,16.914835164835164,0.39410400390625,1.6186425136204612,-0.0006082309190731843,0.06647004214745755,0.020066299999598414
355__M_Right_middle_finger.BMP,M3 TV (weight=0.02),M3 TV,"{""weight"": 0.02}",27.07127176320906,0.0019627854217751043,0.9183189378033877,0.0013700939923151573,28.632496379942598,0.9516730094845295,0.7649431228637695,0.22213482856750488,2.171195473386407,43.79333333333334,0.463836669921875,1.5612246167335364,-0.000592691429459947,0.033354071681141795,0.014332699996884912
86__M_Right_index_finger.BMP,M3 TV (weight=0.02),M3 TV,"{""weight"": 0.02}",27.582988301158558,0.0017446212977138959,0.8206633272415698,0.0011232642254634996,29.495180726226025,0.939162298103571,0.6549491286277771,0.1798221319913864,1.16780091007933,60.226190476190474,0.382693789489906,1.9121924250674667,-0.0006213570722503963,0.11849897086200123,0.03103489999193698
576__M_Left_little_finger.BMP,M3 TV (weight=0.02),M3 TV,"{""weight"": 0.02}",27.250599018190513,0.0018833892975043372,0.8615081280892491,0.0012923966435140232,28.886041785600195,0.9436987577652931,0.603450357913971,0.1941058337688446,10.850310008857397,10.07442748091603,0.34454345703125,1.6354427674096819,-0.000590992653990314,0.08219062967604396,0.020651499973610044
537__M_Right_thumb_finger.BMP,M3 TV (weight=0.02),M3 TV,"{""weight"": 0.02}",27.160549724632475,0.0019228483217214737,0.8889713668987751,0.001375914765908375,28.614084686020917,0.9500515561397076,0.7074858546257019,0.20719540119171143,3.3576857796472583,24.50871080139373,0.413543701171875,1.453534961388442,-0.0005469335558130988,0.0610801892409325,0.01868009997997433
34__M_Right_ring_finger.BMP,M3 TV (weight=0.04),M3 TV,"{""weight"": 0.04}",27.38889028602457,0.0018243618056768378,0.852031355201602,0.001601616947424662,27.954413443764494,0.939534327190876,0.7283220291137695,0.17081314325332642,1.6371483851763655,47.47328244274809,0.41009521484375,0.5655231577399249,-0.0002227448582521757,0.08750297198927404,0.01957070000935346
12__M_Left_middle_finger.BMP,M3 TV (weight=0.04),M3 TV,"{""weight"": 0.04}",27.200596265626643,0.001905199125245581,0.8736786578543186,0.0016711893295893827,27.76974345954534,0.9352484899690151,0.7185057997703552,0.16815128922462463,1.234949058351343,51.59398496240601,0.4448089599609375,0.5691471939186954,-0.00023400979565619835,0.061569832114696466,0.020673599967267364
379__F_Left_ring_finger.BMP,M3 TV (weight=0.04),M3 TV,"{""weight"": 0.04}",27.29697459443381,0.001863384765742222,0.8307089306706786,0.001496324094480085,28.249743308029984,0.945632379406929,0.623729407787323,0.16574573516845703,6.41394258415535,14.589385474860336,0.3449554443359375,0.9527687135961749,-0.000367060671262137,0.11492344873625038,0.014825099962763488
216__M_Right_ring_finger.BMP,M3 TV (weight=0.04),M3 TV,"{""weight"": 0.04}",27.409242552997565,0.001815832331964324,0.8339104979358911,0.001553021174610207,28.088226228588994,0.9363039113931656,0.6909116506576538,0.14979584515094757,1.2494793835901707,40.796178343949045,0.40807465892059763,0.6789836755914287,-0.0002628111573541169,0.10239341345727448,0.017308400012552738
598__M_Right_little_finger.BMP,M3 TV (weight=0.04),M3 TV,"{""weight"": 0.04}",27.232376829257564,0.0018913082504083206,0.873195821332097,0.0016507763254668783,27.82311768164396,0.9508714531235695,0.7043911218643188,0.21278153359889984,6.26660849561734,15.037151702786378,0.3847198486328125,0.5907408523863964,-0.00024053192494144222,0.07767563179147241,0.019112099951598793
241__M_Right_thumb_finger.BMP,M3 TV (weight=0.04),M3 TV,"{""weight"": 0.04}",27.683054149489543,0.0017048830187297685,0.8502431259251237,0.0012550975888414662,29.0132250474262,0.9278619903790951,0.7226114273071289,0.163717582821846,0.5189750243269543,87.36923076923077,0.48249526581842656,1.3301708979366573,-0.00044978542988830233,0.07761886445397137,0.01381439995020628
318__F_Left_little_finger.BMP,M3 TV (weight=0.04),M3 TV,"{""weight"": 0.04}",27.680894438410597,0.001705731054009289,0.804882369456917,0.0012506060907788712,29.028794605224437,0.940378179884553,0.6037764549255371,0.17335577309131622,8.313036111405275,10.94186046511628,0.288177490234375,1.3479001668138402,-0.00045512496323041785,0.13549581042763592,0.007462600013241172
533__M_Left_thumb_finger.BMP,M3 TV (weight=0.04),M3 TV,"{""weight"": 0.04}",27.13216588011231,0.0019354564872124708,0.877849622436881,0.0014813217486557293,28.29350600837802,0.9457855584710836,0.7667462825775146,0.18307186663150787,4.265716888925702,24.04390243902439,0.368438720703125,1.16134012826571,-0.0004541347385567415,0.06793593603420256,0.017752900021150708
352__M_Left_ring_finger.BMP,M3 TV (weight=0.04),M3 TV,"{""weight"": 0.04}",27.179633251246813,0.001914417585057521,0.8731976190728247,0.0016472748396720203,27.832339348952203,0.9499316554510593,0.7252268195152283,0.20077890157699585,6.55557435290137,15.927272727272728,0.36077880859375,0.6527060977053907,-0.00026714274538550066,0.07673403637823462,0.015345900028478354
399__M_Right_ring_finger.BMP,M3 TV (weight=0.04),M3 TV,"{""weight"": 0.04}",27.19164994656221,0.0019091278159366633,0.7421257503849864,0.0009776339086423357,30.098237435981808,0.9243149929219484,0.6339728832244873,0.11016198992729187,8.147203901790169,14.685714285714285,0.2753143310546875,2.9065874894195964,-0.0009314939072943276,0.182189242536962,0.0227306000306271
576__M_Left_middle_finger.BMP,M3 TV (weight=0.04),M3 TV,"{""weight"": 0.04}",26.928755659828724,0.002028263774235365,0.9142761199680268,0.0019805576542918603,27.03212510706613,0.944156421323061,0.72667396068573,0.1963309645652771,5.774922399480257,18.325396825396826,0.422760009765625,0.10336944723740515,-4.770611994350457e-05,0.029880301355034167,0.014500999997835606
506__M_Right_ring_finger.BMP,M3 TV (weight=0.04),M3 TV,"{""weight"": 0.04}",27.395784631250596,0.0018214679623487747,0.8722582732038497,0.0014824350416893259,28.290243277471436,0.9449536888800859,0.6391006708145142,0.20142066478729248,1.2277889567204392,34.14364640883978,0.4474029541015625,0.8944586462208406,-0.0003390329206594488,0.07269541567623616,0.014292400039266795
559__M_Right_index_finger.BMP,M3 TV (weight=0.04),M3 TV,"{""weight"": 0.04}",27.192835645833707,0.001908606662071044,0.8851221825720071,0.0015912388352656189,27.98264630502181,0.949314033860445,0.7210720777511597,0.20924226939678192,5.72419075261015,17.74113475177305,0.3785247802734375,0.7898106591881024,-0.00031736782680542516,0.06419185128843785,0.015774200030136853
52__M_Right_little_finger.BMP,M3 TV (weight=0.04),M3 TV,"{""weight"": 0.04}",26.879822313048408,0.0020512461016534865,0.7911558452983201,0.001005702946583978,29.975302774412334,0.9210843260986805,0.6477258801460266,0.11612233519554138,4.782764169497586,18.858267716535433,0.34136962890625,3.095480461363927,-0.0010455431550695086,0.12992848080036046,0.028185000002849847
384__F_Left_middle_finger.BMP,M3 TV (weight=0.04),M3 TV,"{""weight"": 0.04}",27.13703414382276,0.0019332881351077943,0.8732754213032723,0.0017292235254357604,27.621488646850917,0.9406409360935688,0.6907249689102173,0.18997934460639954,7.403446715748776,12.196428571428571,0.3709869384765625,0.4844545030281573,-0.0002040646096720339,0.06736551479029651,0.02137050003511831
410__M_Right_ring_finger.BMP,M3 TV (weight=0.04),M3 TV,"{""weight"": 0.04}",27.172578282168498,0.001917530019942655,0.8590272322995662,0.0017116621005442002,27.66581965332287,0.9467557268385887,0.6803709268569946,0.16658097505569458,2.6547018134230695,25.174904942965778,0.4080963134765625,0.4932413711543724,-0.0002058679193984547,0.08772849453902243,0.01779710000846535
337__F_Right_index_finger.BMP,M3 TV (weight=0.04),M3 TV,"{""weight"": 0.04}",27.1670497656429,0.0019199725669341115,0.8783707026723028,0.0014851757716363866,28.282221442361084,0.9488605674676895,0.7349866628646851,0.20777368545532227,3.437089673283386,26.73446327683616,0.395111083984375,1.1151716767181838,-0.0004347967952977249,0.07048986479538677,0.0226686000241898
74__F_Right_ring_finger.BMP,M3 TV (weight=0.04),M3 TV,"{""weight"": 0.04}",27.081354535094363,0.001958233818376267,0.8777061184492111,0.0017514557747301588,27.566008243943287,0.9438217865710259,0.732318639755249,0.191700279712677,4.742442936458976,18.495384615384616,0.395751953125,0.4846537088489242,-0.00020677804364610834,0.0661156681218148,0.01657769997837022
296__M_Left_index_finger.BMP,M3 TV (weight=0.04),M3 TV,"{""weight"": 0.04}",27.391662357015832,0.0018231976999867365,0.8645058621141016,0.0012578891334113008,29.003576346216565,0.9476583960852623,0.7213307619094849,0.21033909916877747,3.6700308616231543,21.734375,0.365875244140625,1.6119139892007333,-0.0005653085665754357,0.08315253397116062,0.009956100024282932
103__F_Left_middle_finger.BMP,M3 TV (weight=0.04),M3 TV,"{""weight"": 0.04}",27.088767679458144,0.0019548940827578748,0.8772183270350099,0.0017104127124146075,27.66899084287426,0.939714152769208,0.7131197452545166,0.18724028766155243,5.467275015733166,18.364779874213838,0.387939453125,0.5802231634161146,-0.0002444813703432673,0.062495825734198096,0.02291180001338944
355__M_Right_middle_finger.BMP,M3 TV (weight=0.04),M3 TV,"{""weight"": 0.04}",27.07127176320906,0.0019627854217751043,0.9183189378033877,0.0017097393170573195,27.67070101183206,0.9471564583754539,0.7956762313842773,0.21149611473083496,1.9867549668874174,48.015151515151516,0.4608154296875,0.5994292486230002,-0.00025304610471778483,0.028837520572066233,0.02273670001886785
86__M_Right_index_finger.BMP,M3 TV (weight=0.04),M3 TV,"{""weight"": 0.04}",27.582988301158558,0.0017446212977138959,0.8206633272415698,0.0013108869112086557,28.82434772807615,0.9424918395798803,0.689751923084259,0.17212170362472534,0.9290301732843236,59.3780487804878,0.38172847120499576,1.2413594269175938,-0.0004337343865052402,0.12182851233831049,0.026416199980303645
576__M_Left_little_finger.BMP,M3 TV (weight=0.04),M3 TV,"{""weight"": 0.04}",27.250599018190513,0.0018833892975043372,0.8615081280892491,0.0016478008302417396,27.830952826597116,0.9420870979145766,0.6435227394104004,0.18397749960422516,10.275048234396733,10.23030303030303,0.3400726318359375,0.5803538084066027,-0.00023558846726259765,0.08057896982532742,0.02282720000948757
537__M_Right_thumb_finger.BMP,M3 TV (weight=0.04),M3 TV,"{""weight"": 0.04}",27.160549724632475,0.0019228483217214737,0.8889713668987751,0.0017758702387847898,27.505887708989544,0.9484027340028286,0.7388510704040527,0.19620725512504578,3.258535140339184,23.453924914675767,0.412078857421875,0.3453379843570694,-0.00014697808293668386,0.0594313671040535,0.02453509997576475
34__M_Right_ring_finger.BMP,M3 TV (weight=0.06),M3 TV,"{""weight"": 0.06}",27.38889028602457,0.0018243618056768378,0.852031355201602,0.002322024523787016,26.341331978234855,0.9219416416741609,0.7474439144134521,0.16217157244682312,1.7236856896616328,44.43382352941177,0.4072113037109375,-1.0475583077897141,0.0004976627181101784,0.06991028647255892,0.02095129998633638
12__M_Left_middle_finger.BMP,M3 TV (weight=0.06),M3 TV,"{""weight"": 0.06}",27.200596265626643,0.001905199125245581,0.8736786578543186,0.0024568297961571465,26.096249294581163,0.9125221397058964,0.7350500822067261,0.1585310995578766,1.1022699872550032,50.156716417910445,0.4429779052734375,-1.10434697104548,0.0005516306709115655,0.03884348185157771,0.024948300037067384
379__F_Left_ring_finger.BMP,M3 TV (weight=0.06),M3 TV,"{""weight"": 0.06}",27.29697459443381,0.001863384765742222,0.8307089306706786,0.0021510986871699626,26.673396647821356,0.9317171364021302,0.6464127898216248,0.15767483413219452,6.108980647462767,14.263456090651559,0.342193603515625,-0.6235779466124534,0.0002877139214277405,0.10100820573145153,0.015383799967821687
216__M_Right_ring_finger.BMP,M3 TV (weight=0.06),M3 TV,"{""weight"": 0.06}",27.409242552997565,0.001815832331964324,0.8339104979358911,0.0022650729252029402,26.449178110889456,0.9168540258185863,0.7123409509658813,0.14118264615535736,1.3378693475020067,39.0375,0.40524505855381376,-0.9600644421081093,0.0004492405932386163,0.08294352788269521,0.028680200048256665
598__M_Right_little_finger.BMP,M3 TV (weight=0.06),M3 TV,"{""weight"": 0.06}",27.232376829257564,0.0018913082504083206,0.873195821332097,0.0023207923074456847,26.343637237260005,0.9402832877293825,0.7233303785324097,0.20424015820026398,6.272723640576931,15.686468646864686,0.3819122314453125,-0.8887395919975596,0.00042948405703736414,0.06708746639728547,0.022929900034796447
241__M_Right_thumb_finger.BMP,M3 TV (weight=0.06),M3 TV,"{""weight"": 0.06}",27.683054149489543,0.0017048830187297685,0.8502431259251237,0.0017194223409573188,27.646174346458906,0.9113138351967335,0.7425410151481628,0.15716664493083954,0.5939221961922988,90.29508196721312,0.4786625813380504,-0.03687980303063654,1.4539322227550243e-05,0.061070709271609736,0.019680799974594265
318__F_Left_little_finger.BMP,M3 TV (weight=0.06),M3 TV,"{""weight"": 0.06}",27.680894438410597,0.001705731054009289,0.804882369456917,0.001778683208308326,27.499013948810976,0.927237589689076,0.6448827385902405,0.16619393229484558,7.758989726027398,11.625396825396825,0.28515625,-0.1818804895996209,7.295215429903691e-05,0.12235522023215895,0.019233700004406273
533__M_Left_thumb_finger.BMP,M3 TV (weight=0.06),M3 TV,"{""weight"": 0.06}",27.13216588011231,0.0019354564872124708,0.877849622436881,0.0020547477419350156,26.872414881481383,0.9320122268490791,0.7886574268341064,0.17459680140018463,3.8492113300698714,24.664948453608247,0.3647003173828125,-0.25975099863092765,0.00011929125472254481,0.05416260441219811,0.03304750000825152
352__M_Left_ring_finger.BMP,M3 TV (weight=0.06),M3 TV,"{""weight"": 0.06}",27.179633251246813,0.001914417585057521,0.8731976190728247,0.0023639971035620618,26.263530599006742,0.9368801526873708,0.7451454997062683,0.19174888730049133,6.46321106022343,15.217910447761193,0.3564910888671875,-0.9161026522400704,0.0004495795185045408,0.06368253361454612,0.030806099995970726
399__M_Right_ring_finger.BMP,M3 TV (weight=0.06),M3 TV,"{""weight"": 0.06}",27.19164994656221,0.0019091278159366633,0.7421257503849864,0.0013317595886922502,28.755741676040365,0.9031812611889839,0.651887059211731,0.10426708310842514,5.821897463316106,16.486238532110093,0.2568511962890625,1.5640917294781538,-0.0005773682272444132,0.1610555108039975,0.07452349999221042
576__M_Left_middle_finger.BMP,M3 TV (weight=0.06),M3 TV,"{""weight"": 0.06}",26.928755659828724,0.002028263774235365,0.9142761199680268,0.0029755387996689598,25.2643438236028,0.9249346613687277,0.7418929934501648,0.1849486529827118,5.7615869890238125,18.26287262872629,0.4184417724609375,-1.6644118362259235,0.0009472750254335949,0.010658541400700883,0.048105299996677786
506__M_Right_ring_finger.BMP,M3 TV (weight=0.06),M3 TV,"{""weight"": 0.06}",27.395784631250596,0.0018214679623487747,0.8722582732038497,0.0017387150818682277,27.597715787277018,0.939030529515624,0.6314107179641724,0.19641327857971191,1.1303305360506937,35.38728323699422,0.4454803466796875,0.2019311560264221,-8.275288048054693e-05,0.0667722563117743,0.008790799998678267
559__M_Right_index_finger.BMP,M3 TV (weight=0.06),M3 TV,"{""weight"": 0.06}",27.192835645833707,0.001908606662071044,0.8851221825720071,0.0022213392549742896,26.53385108578181,0.9379687089281082,0.7371633052825928,0.20061320066452026,5.360188418744416,18.040441176470587,0.375762939453125,-0.6589845600518984,0.0003127325929032456,0.0528465263561011,0.03319629997713491
52__M_Right_little_finger.BMP,M3 TV (weight=0.06),M3 TV,"{""weight"": 0.06}",26.879822313048408,0.0020512461016534865,0.7911558452983201,0.0014063883211519414,28.518947486982942,0.8939069116843938,0.6730573177337646,0.10892939567565918,4.16505230530802,19.71153846153846,0.3150634765625,1.6391251739345343,-0.0006448577805015451,0.10275106638607379,0.06659889995353296
384__F_Left_middle_finger.BMP,M3 TV (weight=0.06),M3 TV,"{""weight"": 0.06}",27.13703414382276,0.0019332881351077943,0.8732754213032723,0.0025375894258391142,25.955786440682324,0.9205003097826838,0.7118846774101257,0.18068286776542664,7.503353454057679,11.900921658986174,0.364013671875,-1.1812477031404356,0.0006043012907313199,0.04722488847941153,0.023397100041620433
410__M_Right_ring_finger.BMP,M3 TV (weight=0.06),M3 TV,"{""weight"": 0.06}",27.172578282168498,0.001917530019942655,0.8590272322995662,0.002522054591552568,25.982455170676793,0.9310672255631686,0.698845624923706,0.15704834461212158,2.629305487736168,24.052044609665426,0.4062347412109375,-1.1901231114917046,0.000604524571609913,0.07203999326360233,0.029665399983059615
337__F_Right_index_finger.BMP,M3 TV (weight=0.06),M3 TV,"{""weight"": 0.06}",27.1670497656429,0.0019199725669341115,0.8783707026723028,0.002040200312289653,26.90327190294083,0.9379997619585991,0.7508056163787842,0.19957369565963745,3.0632027917797595,28.13939393939394,0.393524169921875,-0.2637778627020708,0.0001202277453555417,0.05962905928629636,0.017416999966371804
74__F_Right_ring_finger.BMP,M3 TV (weight=0.06),M3 TV,"{""weight"": 0.06}",27.081354535094363,0.001958233818376267,0.8777061184492111,0.002595708710111992,25.857440455731115,0.9265745272638798,0.749125599861145,0.18175296485424042,4.973384621362241,18.03076923076923,0.3927154541015625,-1.2239140793632473,0.000637474891735725,0.048868408814668696,0.022036199981812388
296__M_Left_index_finger.BMP,M3 TV (weight=0.06),M3 TV,"{""weight"": 0.06}",27.391662357015832,0.0018231976999867365,0.8645058621141016,0.0016704053235240659,27.771781345941143,0.9421321310842037,0.74639892578125,0.20322389900684357,3.3620508510191214,23.416184971098264,0.3630828857421875,0.38011898892531093,-0.00015279237646267062,0.07762626897010205,0.028979599999729544
103__F_Left_middle_finger.BMP,M3 TV (weight=0.06),M3 TV,"{""weight"": 0.06}",27.088767679458144,0.0019548940827578748,0.8772183270350099,0.0024909308335465453,26.036383314864203,0.9192640280780793,0.7301785945892334,0.17792761325836182,4.306220095693781,19.664335664335663,0.3826904296875,-1.0523843645939408,0.0005360367507886705,0.04204570104306937,0.021350800001528114
355__M_Right_middle_finger.BMP,M3 TV (weight=0.06),M3 TV,"{""weight"": 0.06}",27.07127176320906,0.0019627854217751043,0.9183189378033877,0.002445888958946499,26.115632634123486,0.9331003547757863,0.8104395866394043,0.20169760286808014,1.5344586029755154,53.1551724137931,0.457427978515625,-0.9556391290855757,0.0004831035371713945,0.014781416972398653,0.054431999975349754
86__M_Right_index_finger.BMP,M3 TV (weight=0.06),M3 TV,"{""weight"": 0.06}",27.582988301158558,0.0017446212977138959,0.8206633272415698,0.0017900768179173036,27.47128331655995,0.9343785849429369,0.7181289196014404,0.1649644821882248,0.8523419108693887,67.87142857142857,0.3801573831198889,-0.11170498459860667,4.545552020340771e-05,0.11371525770136715,0.015357500000391155
576__M_Left_little_finger.BMP,M3 TV (weight=0.06),M3 TV,"{""weight"": 0.06}",27.250599018190513,0.0018833892975043372,0.8615081280892491,0.002400307425388334,26.1973313137199,0.924361982863307,0.6633010506629944,0.17500141263008118,10.44994067719266,9.933198380566802,0.334381103515625,-1.0532677044706134,0.0005169181278839967,0.0628538547740578,0.04681750002782792
537__M_Right_thumb_finger.BMP,M3 TV (weight=0.06),M3 TV,"{""weight"": 0.06}",27.160549724632475,0.0019228483217214737,0.8889713668987751,0.0026156402681713382,25.82421985229601,0.9337684869545698,0.7509138584136963,0.1862645149230957,3.5400208674914295,22.198019801980198,0.40948486328125,-1.3363298723364636,0.0006927919464498646,0.044797120055794726,0.025461899989750236
