Method,Existing technique ID,Classification,Allowed role,Member-technique status,Controlled PSNR if available,Controlled MSE if available,Controlled SSIM if available,Structural metric if available,Notes
CLAHE,C3,Basic contrast-enhancement baseline,M1 baseline; optional contrast comparator,Not a main contribution,10.454648555593684,0.0936142299712216,0.4603401788437706,,Do not remove; use for Mode A comparison and benchmarking.
Contrast Stretching,C4,Basic/global contrast baseline,Contrast baseline and diagnostic comparator,Not a main contribution,17.111871512767234,0.023010817724715,0.5540773241533956,,Do not remove; use for Mode A comparison and benchmarking.
Gaussian Filter,D1,Basic smoothing baseline,M1/M3 smoothing comparator,Not a main contribution,15.914590563335452,0.0287506567032075,0.5761990853928363,,Do not remove; use for Mode A comparison and benchmarking.
Median Filter,D2,Basic impulse-noise baseline,M1 denoising comparator,Not a main contribution,15.874611741545817,0.0290084943870108,0.5783367052362692,,Do not remove; use for Mode A comparison and benchmarking.
Bilateral Filter,D3,Classical edge-aware denoising comparator,Denoising comparator where already available,Baseline/comparator,15.777232660911148,0.0300179155817386,0.5184151205701001,,Do not remove; use for Mode A comparison and benchmarking.
Ordinary Gabor,G1,Conventional ridge-enhancement baseline,M2 comparator,Not the advanced contribution,13.677734820789729,0.0448205080672521,0.4408601672750404,,Do not remove; use for Mode A comparison and benchmarking.
Wiener Deconvolution,R1,Conventional restoration comparator,M3 restoration comparator,"Comparator, not member headline",16.17071484500286,0.0276152032236431,0.5436438730260577,,Do not remove; use for Mode A comparison and benchmarking.
Closing,M3-2,Morphological structural support,Ridge map cleanup after grayscale enhancement,Downstream/supporting only,,,,4.655810460399397,Do not remove; use for Mode A comparison and benchmarking.
Thinning / Medial Axis,T4,Downstream structural analysis,Skeleton/minutiae analysis after enhancement,Downstream/supporting only,,,,19.99128366338705,Do not remove; use for Mode A comparison and benchmarking.
Thresholding / Opening,N/A,Downstream binary/ridge-map support,Segmentation and cleanup,Downstream/supporting only,,,,,Do not remove; use for Mode A comparison and benchmarking.
