Image,Severity,Method,MSE,PSNR (dB),SSIM,Coherence,Match score (%),Runtime (s),Ridge endings,Bifurcations
100__M_Left_index_finger.BMP,0.35,Degraded input,0.013743376069934242,18.61906569427805,0.7534941369731343,0.7455171346664429,31.333333333333332,0.0,126,31
100__M_Left_index_finger.BMP,0.35,Global HE,0.009605849961423595,20.174642011068727,0.8123558214968145,0.7733224034309387,31.666666666666668,0.005922700000155601,126,31
100__M_Left_index_finger.BMP,0.35,M1 CLAHE,0.05471759615885718,12.618729901964782,0.6915808759404435,0.729202151298523,6.333333333333333,0.0062126000002535875,126,31
100__M_Left_index_finger.BMP,0.35,M1 Median + CLAHE,0.04424515077143231,13.541343206409964,0.723562501248644,0.750544548034668,8.333333333333334,0.009365100000650273,126,31
100__M_Left_index_finger.BMP,0.35,M1 Wiener + CLAHE,0.03895833344785425,14.093996295624473,0.7315918631040635,0.7779986262321472,5.0,0.00907439999991766,126,31
100__M_Left_index_finger.BMP,0.35,M1 CLAHE + Unsharp,0.055553031507349845,12.552922367952835,0.6673943051903686,0.6994755268096924,5.666666666666667,0.007276100000126462,126,31
100__M_Left_index_finger.BMP,0.35,M1 Wiener + CLAHE + Unsharp,0.037597573332480844,14.248401849213526,0.7417858323673838,0.7755193114280701,6.666666666666667,0.010204799999883107,126,31
100__M_Left_index_finger.BMP,0.35,Gabor,0.0677488487947137,11.690980800306946,0.581677825011682,0.7283830642700195,4.333333333333333,0.4760087000004205,126,31
100__M_Left_index_finger.BMP,0.35,Hybrid,0.03747527667211193,14.26255152162726,0.7175270213738325,0.7708708047866821,4.666666666666667,0.4731542999998055,126,31
100__M_Left_little_finger.BMP,0.55,Degraded input,0.02899053114227728,15.377438277616974,0.4986737671315174,0.6290611624717712,23.333333333333332,0.0,119,52
100__M_Left_little_finger.BMP,0.55,Global HE,0.026214523940962773,15.814580247208173,0.5525806709958483,0.7007082104682922,21.666666666666668,0.005786599999737518,119,52
100__M_Left_little_finger.BMP,0.55,M1 CLAHE,0.1061227073724442,9.741916789505966,0.45723265206568925,0.6128778457641602,2.3333333333333335,0.005395700000008219,119,52
100__M_Left_little_finger.BMP,0.55,M1 Median + CLAHE,0.07775552312265639,11.092687524426069,0.5040589608902627,0.6722787618637085,5.333333333333333,0.008663799999339972,119,52
100__M_Left_little_finger.BMP,0.55,M1 Wiener + CLAHE,0.05149819314168187,12.882080082862473,0.5728728772175454,0.7301690578460693,3.3333333333333335,0.008478099999592814,119,52
100__M_Left_little_finger.BMP,0.55,M1 CLAHE + Unsharp,0.11158158121363071,9.524074885298006,0.42392150178814225,0.5512603521347046,1.6666666666666667,0.006342900000163354,119,52
100__M_Left_little_finger.BMP,0.55,M1 Wiener + CLAHE + Unsharp,0.04837224576062961,13.15403749311807,0.5779916713957296,0.7161505222320557,4.666666666666667,0.009488200000305369,119,52
100__M_Left_little_finger.BMP,0.55,Gabor,0.08208319115582402,10.857457677972564,0.3911398219502752,0.6243966817855835,3.0,0.48640570000043226,119,52
100__M_Left_little_finger.BMP,0.55,Hybrid,0.04876659334632251,13.118775815535756,0.5662367468469569,0.7166635394096375,5.333333333333333,0.4763100000000122,119,52
100__M_Left_middle_finger.BMP,0.75,Degraded input,0.046722813277117706,13.304710153403427,0.35951745683521324,0.45195692777633667,3.3333333333333335,0.0,117,39
100__M_Left_middle_finger.BMP,0.75,Global HE,0.02805567422153795,15.51979290062462,0.5455608326771035,0.5902785658836365,9.666666666666666,0.00612730000011652,117,39
100__M_Left_middle_finger.BMP,0.75,M1 CLAHE,0.0725857315226254,11.39148741972173,0.47634848786720146,0.46173688769340515,1.6666666666666667,0.005662200000188022,117,39
100__M_Left_middle_finger.BMP,0.75,M1 Median + CLAHE,0.05799150424890706,12.366356258866038,0.5725797997761578,0.5762279033660889,4.0,0.008593200000177603,117,39
100__M_Left_middle_finger.BMP,0.75,M1 Wiener + CLAHE,0.05241862844246524,12.80514346755724,0.5609416446584276,0.6651174426078796,3.3333333333333335,0.008987700000034238,117,39
100__M_Left_middle_finger.BMP,0.75,M1 CLAHE + Unsharp,0.0866019977511531,10.624720894804039,0.4029992907916943,0.3861914873123169,0.0,0.006869599999845377,117,39
100__M_Left_middle_finger.BMP,0.75,M1 Wiener + CLAHE + Unsharp,0.05137519633836094,12.892465053883061,0.5639698069985889,0.6459100842475891,2.6666666666666665,0.009555300000101852,117,39
100__M_Left_middle_finger.BMP,0.75,Gabor,0.08822468877334802,10.544098650082992,0.3745170202725528,0.4793400168418884,0.3333333333333333,0.47361410000030446,117,39
100__M_Left_middle_finger.BMP,0.75,Hybrid,0.052239684165132645,12.819994574174146,0.5252963556946028,0.6435558795928955,2.6666666666666665,0.47159990000000107,117,39
100__M_Left_ring_finger.BMP,0.35,Degraded input,0.015466220776917025,18.106157946550315,0.7298089802646358,0.7240442037582397,36.666666666666664,0.0,114,39
100__M_Left_ring_finger.BMP,0.35,Global HE,0.011363614465984672,19.44483509033553,0.7697472881198376,0.7490112781524658,35.333333333333336,0.006326700000499841,114,39
100__M_Left_ring_finger.BMP,0.35,M1 CLAHE,0.05193886497475818,12.845075452840241,0.6810037148653735,0.6962262988090515,9.666666666666666,0.005789100000583858,114,39
100__M_Left_ring_finger.BMP,0.35,M1 Median + CLAHE,0.04204879018786634,13.762464950454325,0.7116209555014712,0.7229911684989929,9.0,0.008702699999957986,114,39
100__M_Left_ring_finger.BMP,0.35,M1 Wiener + CLAHE,0.03732878456910531,14.27956150537776,0.7141147446090063,0.7443675994873047,5.333333333333333,0.008601700000326673,114,39
100__M_Left_ring_finger.BMP,0.35,M1 CLAHE + Unsharp,0.05570274971612111,12.54123365740764,0.6559000952215844,0.6708161234855652,7.333333333333333,0.007095699999808858,114,39
100__M_Left_ring_finger.BMP,0.35,M1 Wiener + CLAHE + Unsharp,0.03458678030236205,14.610898647563689,0.7248134234149172,0.7412740588188171,6.666666666666667,0.010067700000035984,114,39
100__M_Left_ring_finger.BMP,0.35,Gabor,0.06462149018310519,11.896230312945814,0.5784912199853237,0.6939588785171509,3.0,0.4857447000003958,114,39
100__M_Left_ring_finger.BMP,0.35,Hybrid,0.03594299243281436,14.443857685470704,0.6993749885482067,0.7389211654663086,4.333333333333333,0.481842900000629,114,39
100__M_Left_thumb_finger.BMP,0.55,Degraded input,0.02941291993819025,15.314618592026854,0.5651442030550434,0.5539150834083557,11.0,0.0,206,66
100__M_Left_thumb_finger.BMP,0.55,Global HE,0.021070904192549724,16.76316827590317,0.7115361398765314,0.6192182302474976,13.0,0.005943600000136939,206,66
100__M_Left_thumb_finger.BMP,0.55,M1 CLAHE,0.06636002334473784,11.780934698675527,0.6468377363153061,0.5647563338279724,4.666666666666667,0.005491999999321706,206,66
100__M_Left_thumb_finger.BMP,0.55,M1 Median + CLAHE,0.05692611751840714,12.44688434980473,0.6959484331562427,0.6152458786964417,4.0,0.008905299999241834,206,66
100__M_Left_thumb_finger.BMP,0.55,M1 Wiener + CLAHE,0.05003321771854653,13.00741566025798,0.6851623855864438,0.6229187846183777,3.3333333333333335,0.00800230000004376,206,66
100__M_Left_thumb_finger.BMP,0.55,M1 CLAHE + Unsharp,0.0734075139208153,11.342594838532742,0.5978318014487382,0.5210536122322083,3.3333333333333335,0.006644600000072387,206,66
100__M_Left_thumb_finger.BMP,0.55,M1 Wiener + CLAHE + Unsharp,0.04661783493575352,13.31447900212469,0.6950796950118812,0.617775559425354,3.3333333333333335,0.009515400000054797,206,66
100__M_Left_thumb_finger.BMP,0.55,Gabor,0.0899436486078485,10.46029499043868,0.5043219000902546,0.5673123002052307,1.3333333333333333,0.4832550999999512,206,66
100__M_Left_thumb_finger.BMP,0.55,Hybrid,0.0543979412223083,12.644175365648787,0.6478060715763321,0.6121479868888855,2.3333333333333335,0.4735798000001523,206,66
100__M_Right_index_finger.BMP,0.75,Degraded input,0.04761685501696956,13.222392921289629,0.3539538532269868,0.3996579349040985,3.3333333333333335,0.0,156,63
100__M_Right_index_finger.BMP,0.75,Global HE,0.05175169481079923,12.860754229739339,0.4715673765338929,0.5225767493247986,3.6666666666666665,0.0060376999999789405,156,63
100__M_Right_index_finger.BMP,0.75,M1 CLAHE,0.10689283562639948,9.710514019211503,0.4062249938041969,0.40926000475883484,1.0,0.005693799999789917,156,63
100__M_Right_index_finger.BMP,0.75,M1 Median + CLAHE,0.08739126850467276,10.585319567210833,0.486984971515682,0.5131613612174988,2.3333333333333335,0.00869090000014694,156,63
100__M_Right_index_finger.BMP,0.75,M1 Wiener + CLAHE,0.06245045365986744,12.044644024257709,0.528003138637521,0.5931046605110168,4.0,0.00903199999993376,156,63
100__M_Right_index_finger.BMP,0.75,M1 CLAHE + Unsharp,0.12376623463116762,9.073978214991111,0.344869299855612,0.34397488832473755,0.0,0.007190499999524036,156,63
100__M_Right_index_finger.BMP,0.75,M1 Wiener + CLAHE + Unsharp,0.05934702107240809,12.266010756021295,0.5271354686457559,0.5759593844413757,3.0,0.01031790000070032,156,63
100__M_Right_index_finger.BMP,0.75,Gabor,0.08482417891637148,10.714803355592363,0.3414691966466935,0.4403727352619171,0.3333333333333333,0.4799886000000697,156,63
100__M_Right_index_finger.BMP,0.75,Hybrid,0.05952640482466422,12.252903464413459,0.5007784594210699,0.5750994682312012,1.6666666666666667,0.47018130000014935,156,63
100__M_Right_little_finger.BMP,0.35,Degraded input,0.015030377033854693,18.23030125090482,0.6506499463224802,0.7181093692779541,26.0,0.0,148,45
100__M_Right_little_finger.BMP,0.35,Global HE,0.0307783875086996,15.117541367598339,0.587319826726526,0.7394503951072693,24.0,0.00570880000032048,148,45
100__M_Right_little_finger.BMP,0.35,M1 CLAHE,0.08062299681799037,10.935410628273823,0.5135576328880047,0.6710096001625061,3.3333333333333335,0.005769899999904737,148,45
100__M_Right_little_finger.BMP,0.35,M1 Median + CLAHE,0.05103121668761896,12.921640770837985,0.5513576327958761,0.705086350440979,4.0,0.008038500000111526,148,45
100__M_Right_little_finger.BMP,0.35,M1 Wiener + CLAHE,0.030877494633179688,15.103579450955731,0.6445810885840836,0.7461245656013489,7.0,0.008443100000476988,148,45
100__M_Right_little_finger.BMP,0.35,M1 CLAHE + Unsharp,0.07759585222652779,11.101614927015373,0.5020279644201998,0.6409551501274109,4.0,0.006727099999807251,148,45
100__M_Right_little_finger.BMP,0.35,M1 Wiener + CLAHE + Unsharp,0.029888978000333535,15.244889346229431,0.6507051136718881,0.739486038684845,6.0,0.009411500000169326,148,45
100__M_Right_little_finger.BMP,0.35,Gabor,0.05845743818671389,12.33160220893603,0.4778830068457153,0.699549674987793,2.0,0.4842717999999877,148,45
100__M_Right_little_finger.BMP,0.35,Hybrid,0.031313214783209406,15.042723430845498,0.6507228107135673,0.7401773929595947,8.666666666666666,0.536532499999339,148,45
100__M_Right_middle_finger.BMP,0.55,Degraded input,0.029319538359486547,15.328428720086029,0.5511808460732186,0.6152935028076172,15.333333333333334,0.0,131,52
100__M_Right_middle_finger.BMP,0.55,Global HE,0.023243789773570705,16.33693061154064,0.6841829407084565,0.6851174235343933,16.333333333333332,0.006206999999449181,131,52
100__M_Right_middle_finger.BMP,0.55,M1 CLAHE,0.05562566388758609,12.547247927122312,0.6232232805102238,0.6131360530853271,5.0,0.005917399999816553,131,52
100__M_Right_middle_finger.BMP,0.55,M1 Median + CLAHE,0.04741476448649219,13.24086402280124,0.6785791630622184,0.6657800078392029,3.0,0.008226699999795528,131,52
100__M_Right_middle_finger.BMP,0.55,M1 Wiener + CLAHE,0.04219439717002045,13.747452134859277,0.6626273663685778,0.7061532139778137,3.3333333333333335,0.008940800000345916,131,52
100__M_Right_middle_finger.BMP,0.55,M1 CLAHE + Unsharp,0.06671666914720203,11.757656441314069,0.5673723750391253,0.5591053366661072,2.6666666666666665,0.006707000000460539,131,52
100__M_Right_middle_finger.BMP,0.55,M1 Wiener + CLAHE + Unsharp,0.039236603200273314,14.063085975008494,0.6712181008879431,0.6993449926376343,3.3333333333333335,0.010411700000076962,131,52
100__M_Right_middle_finger.BMP,0.55,Gabor,0.06838624627931901,11.650312340344644,0.50710380775558,0.6131896376609802,1.3333333333333333,0.48514909999994416,131,52
100__M_Right_middle_finger.BMP,0.55,Hybrid,0.03966041732958485,14.016427202118493,0.6387706597690016,0.6959279179573059,4.0,0.47856529999990016,131,52
100__M_Right_ring_finger.BMP,0.75,Degraded input,0.0444522475178492,13.52106276090305,0.3550941612588185,0.4300806522369385,3.0,0.0,153,56
100__M_Right_ring_finger.BMP,0.75,Global HE,0.031774609821183165,14.979197736944108,0.5219387564135222,0.5734508633613586,6.0,0.0062721000003875815,153,56
100__M_Right_ring_finger.BMP,0.75,M1 CLAHE,0.07393008166711164,11.311788140573677,0.4566582811114452,0.4344850182533264,1.0,0.0058845000003202586,153,56
100__M_Right_ring_finger.BMP,0.75,M1 Median + CLAHE,0.05826271429550446,12.34609286682247,0.5514266733649618,0.5490242838859558,2.0,0.0087586999998166,153,56
100__M_Right_ring_finger.BMP,0.75,M1 Wiener + CLAHE,0.047353634705263936,13.246466804018587,0.5601741852721013,0.6368811130523682,1.3333333333333333,0.009442799999305862,153,56
100__M_Right_ring_finger.BMP,0.75,M1 CLAHE + Unsharp,0.08912959338921893,10.499780747312602,0.38525509895265475,0.3632851243019104,0.3333333333333333,0.007364299999608193,153,56
100__M_Right_ring_finger.BMP,0.75,M1 Wiener + CLAHE + Unsharp,0.04563417312384346,13.407098143352282,0.5631148768980407,0.6187236905097961,0.3333333333333333,0.010793899999953283,153,56
100__M_Right_ring_finger.BMP,0.75,Gabor,0.08035624575861758,10.949803616749422,0.3645979081521394,0.45710569620132446,1.3333333333333333,0.4801591000004919,153,56
100__M_Right_ring_finger.BMP,0.75,Hybrid,0.047573398357846255,13.22635824082629,0.5242371505009416,0.6194145083427429,1.6666666666666667,0.4729910000005475,153,56
100__M_Right_thumb_finger.BMP,0.35,Degraded input,0.014676160546734462,18.333875460180593,0.7454772353886063,0.6178157329559326,20.333333333333332,0.0,202,49
100__M_Right_thumb_finger.BMP,0.35,Global HE,0.02923438759245016,15.341059994153854,0.7617676074136496,0.6374923586845398,16.0,0.005897799999729614,202,49
100__M_Right_thumb_finger.BMP,0.35,M1 CLAHE,0.0619317861131428,12.080863947539314,0.684792790554036,0.6068854928016663,9.333333333333334,0.005719300000237126,202,49
100__M_Right_thumb_finger.BMP,0.35,M1 Median + CLAHE,0.04749205693216111,13.233790202486462,0.7109642685197769,0.6255695819854736,7.0,0.008420199999818578,202,49
100__M_Right_thumb_finger.BMP,0.35,M1 Wiener + CLAHE,0.03996259678010344,13.983462989588794,0.7217867850068249,0.6425838470458984,7.333333333333333,0.00878759999977774,202,49
100__M_Right_thumb_finger.BMP,0.35,M1 CLAHE + Unsharp,0.06385221755846718,11.94824015288869,0.665091698296963,0.5846037864685059,6.0,0.0072481000006519025,202,49
100__M_Right_thumb_finger.BMP,0.35,M1 Wiener + CLAHE + Unsharp,0.03805271032501804,14.196144049307422,0.7333877398558427,0.6399317979812622,7.666666666666667,0.009195599999657134,202,49
100__M_Right_thumb_finger.BMP,0.35,Gabor,0.09470314425766325,10.236356016610992,0.5332342702761586,0.5969614386558533,2.6666666666666665,0.48461829999996553,202,49
100__M_Right_thumb_finger.BMP,0.35,Hybrid,0.05424919015506057,12.656067406833703,0.6801472974158856,0.6314497590065002,6.333333333333333,0.4738647000003766,202,49
101__M_Left_index_finger.BMP,0.55,Degraded input,0.03159750777263544,15.003471706498273,0.4813576344806824,0.622675895690918,20.333333333333332,0.0,139,49
101__M_Left_index_finger.BMP,0.55,Global HE,0.02619462601070231,15.817877977370408,0.5593831581100337,0.7082104682922363,14.333333333333334,0.006436500000745582,139,49
101__M_Left_index_finger.BMP,0.55,M1 CLAHE,0.10968200666020086,9.598646126178851,0.402068818765519,0.596010148525238,2.3333333333333335,0.00653630000033445,139,49
101__M_Left_index_finger.BMP,0.55,M1 Median + CLAHE,0.08408755068416549,10.75268297536027,0.4423796405032619,0.6680803298950195,4.0,0.008882099999937054,139,49
101__M_Left_index_finger.BMP,0.55,M1 Wiener + CLAHE,0.05384673993873014,12.688405852068303,0.5233499403287742,0.736355721950531,2.0,0.009887900000649097,139,49
101__M_Left_index_finger.BMP,0.55,M1 CLAHE + Unsharp,0.11517345510007299,9.38647604523629,0.36770061972409596,0.52903813123703,1.0,0.007540200000221375,139,49
101__M_Left_index_finger.BMP,0.55,M1 Wiener + CLAHE + Unsharp,0.05149556246896464,12.882301938379491,0.5251455284541191,0.720618724822998,2.0,0.01002410000000964,139,49
101__M_Left_index_finger.BMP,0.55,Gabor,0.06212101941919012,12.067614260198416,0.4007558364332387,0.6158396005630493,2.0,0.48279619999993884,139,49
101__M_Left_index_finger.BMP,0.55,Hybrid,0.04069655241004497,13.904423802762981,0.5500529051887237,0.7194344401359558,4.666666666666667,0.48033610000038607,139,49
101__M_Left_little_finger.BMP,0.75,Degraded input,0.05249411921634412,12.798893467834585,0.31787687399880465,0.43683627247810364,2.6666666666666665,0.0,108,29
101__M_Left_little_finger.BMP,0.75,Global HE,0.040564038916431025,13.91858809301197,0.44551060021148475,0.5855093598365784,6.666666666666667,0.0066039000003002,108,29
101__M_Left_little_finger.BMP,0.75,M1 CLAHE,0.10657023493291032,9.723640768239939,0.35071025900611696,0.43129733204841614,2.0,0.0060897000003024004,108,29
101__M_Left_little_finger.BMP,0.75,M1 Median + CLAHE,0.08671889060037112,10.618862867238033,0.4182797211843197,0.5567021369934082,1.3333333333333333,0.009600100000170642,108,29
101__M_Left_little_finger.BMP,0.75,M1 Wiener + CLAHE,0.058381946793223935,12.337214272058707,0.4525196048179047,0.6491449475288391,3.3333333333333335,0.008751899999879242,108,29
101__M_Left_little_finger.BMP,0.75,M1 CLAHE + Unsharp,0.12297385107761387,9.101872262842507,0.29809194142394124,0.35852760076522827,1.0,0.0070201000007728,108,29
101__M_Left_little_finger.BMP,0.75,M1 Wiener + CLAHE + Unsharp,0.056887273999118616,12.449848768405172,0.44883659990864877,0.626741349697113,2.0,0.009697800000139978,108,29
101__M_Left_little_finger.BMP,0.75,Gabor,0.07057647407607294,11.51340042314322,0.3058243392815616,0.4571399986743927,0.6666666666666666,0.4777954999999565,108,29
101__M_Left_little_finger.BMP,0.75,Hybrid,0.047111783757028715,13.26870452094414,0.44937960885400097,0.6286625862121582,1.0,0.4747964999996839,108,29
101__M_Left_middle_finger.BMP,0.35,Degraded input,0.014536725946923552,18.3753339700501,0.6752780183906122,0.7884659767150879,25.0,0.0,101,25
101__M_Left_middle_finger.BMP,0.35,Global HE,0.017527875508968022,17.56270719995516,0.6723397796734124,0.8134651184082031,19.666666666666668,0.005636300000332994,101,25
101__M_Left_middle_finger.BMP,0.35,M1 CLAHE,0.0853776409948708,10.686558490291896,0.5297630886589835,0.7597976922988892,4.0,0.005850399999872025,101,25
101__M_Left_middle_finger.BMP,0.35,M1 Median + CLAHE,0.05877230561577172,12.308272717398099,0.5651648461238253,0.791537344455719,8.0,0.009237900000698573,101,25
101__M_Left_middle_finger.BMP,0.35,M1 Wiener + CLAHE,0.040517297990103306,13.923595244942675,0.6503103226416961,0.8274237513542175,3.3333333333333335,0.008478099999592814,101,25
101__M_Left_middle_finger.BMP,0.35,M1 CLAHE + Unsharp,0.0809919183797437,10.915583141853718,0.5187458060603757,0.7234940528869629,6.333333333333333,0.0068564999992304365,101,25
101__M_Left_middle_finger.BMP,0.35,M1 Wiener + CLAHE + Unsharp,0.03788355926764511,14.215492245557531,0.6637329205423541,0.820096492767334,3.3333333333333335,0.009567299999616807,101,25
101__M_Left_middle_finger.BMP,0.35,Gabor,0.06845733569546489,11.645800072617405,0.48551381772577873,0.7766071557998657,3.0,0.4861577000001489,101,25
101__M_Left_middle_finger.BMP,0.35,Hybrid,0.036601882749238424,14.36496574535238,0.6636967824955153,0.8172705173492432,7.333333333333333,0.4684202999997069,101,25
101__M_Left_ring_finger.BMP,0.55,Degraded input,0.03317685179006998,14.79164827325185,0.4682602212348413,0.6389328837394714,7.666666666666667,0.0,122,28
101__M_Left_ring_finger.BMP,0.55,Global HE,0.024002839508281845,16.197373787120107,0.5773233347745612,0.7159593105316162,13.0,0.006417200000214507,122,28
101__M_Left_ring_finger.BMP,0.55,M1 CLAHE,0.09150221401629947,10.385683974807778,0.4787682251912887,0.6278712153434753,3.3333333333333335,0.0063655000003564055,122,28
101__M_Left_ring_finger.BMP,0.55,M1 Median + CLAHE,0.06890167976827463,11.617701902084846,0.5197432698565752,0.6830000281333923,3.6666666666666665,0.009501900000032037,122,28
101__M_Left_ring_finger.BMP,0.55,M1 Wiener + CLAHE,0.04595286859120987,13.37687372755612,0.5434232682174885,0.7177280783653259,3.0,0.008522000000084518,122,28
101__M_Left_ring_finger.BMP,0.55,M1 CLAHE + Unsharp,0.09803266637540678,10.086291848926251,0.44463314996502057,0.5746614336967468,1.3333333333333333,0.007019599999694037,122,28
101__M_Left_ring_finger.BMP,0.55,M1 Wiener + CLAHE + Unsharp,0.04364557513121716,13.600597793010182,0.5513102512162417,0.7038739919662476,2.3333333333333335,0.009516699999949196,122,28
101__M_Left_ring_finger.BMP,0.55,Gabor,0.07078020579882659,11.500881789524621,0.4014056990963798,0.6315008401870728,1.6666666666666667,0.4824508000001515,122,28
101__M_Left_ring_finger.BMP,0.55,Hybrid,0.0416378392034704,13.805118162978756,0.5447963960487459,0.7025963664054871,3.0,0.47605880000082834,122,28
101__M_Left_thumb_finger.BMP,0.75,Degraded input,0.05030515913200471,12.983874728434019,0.38697803301858463,0.5152073502540588,4.666666666666667,0.0,109,39
101__M_Left_thumb_finger.BMP,0.75,Global HE,0.028486576703845166,15.453597377720204,0.6046690432143254,0.6631722450256348,7.333333333333333,0.006407699999726901,109,39
101__M_Left_thumb_finger.BMP,0.75,M1 CLAHE,0.08625979654189751,10.641915705447555,0.5078407333516637,0.5359721779823303,2.0,0.005820399999720394,109,39
101__M_Left_thumb_finger.BMP,0.75,M1 Median + CLAHE,0.06875974756779775,11.626657263729104,0.5974487267759968,0.6604031324386597,1.6666666666666667,0.008731599999919126,109,39
101__M_Left_thumb_finger.BMP,0.75,M1 Wiener + CLAHE,0.05366302489923562,12.703248504859184,0.6318305413290751,0.727670431137085,5.666666666666667,0.008715799999663432,109,39
101__M_Left_thumb_finger.BMP,0.75,M1 CLAHE + Unsharp,0.09919852416973564,10.034947890323924,0.43706483696614234,0.44613954424858093,1.0,0.006974199999604025,109,39
101__M_Left_thumb_finger.BMP,0.75,M1 Wiener + CLAHE + Unsharp,0.05197792967438317,12.841810228130262,0.6310136268588644,0.712190568447113,4.0,0.010466099999575817,109,39
101__M_Left_thumb_finger.BMP,0.75,Gabor,0.09694313027077653,10.134829611206191,0.38605349266980676,0.5457196831703186,3.0,0.48161720000007335,109,39
101__M_Left_thumb_finger.BMP,0.75,Hybrid,0.05586076896053817,12.528930902422468,0.5898971108772156,0.7098715901374817,4.0,0.4758017000003747,109,39
101__M_Right_index_finger.BMP,0.35,Degraded input,0.01171742032113527,19.311679910152563,0.6614376664790504,0.7373018264770508,46.0,0.0,101,23
101__M_Right_index_finger.BMP,0.35,Global HE,0.01881059670375395,17.255974276799577,0.6075618578841631,0.7678461670875549,25.666666666666668,0.00549940000018978,101,23
101__M_Right_index_finger.BMP,0.35,M1 CLAHE,0.09852285123214516,10.064630282532613,0.46524553201865626,0.706628143787384,4.0,0.005639599999994971,101,23
101__M_Right_index_finger.BMP,0.35,M1 Median + CLAHE,0.07129200637153338,11.469591627617728,0.5057771170744798,0.7517819404602051,3.3333333333333335,0.008132900000418886,101,23
101__M_Right_index_finger.BMP,0.35,M1 Wiener + CLAHE,0.05079919073788493,12.941432062371526,0.5932942542069268,0.7954208254814148,5.333333333333333,0.008414300000367803,101,23
101__M_Right_index_finger.BMP,0.35,M1 CLAHE + Unsharp,0.09082651177204609,10.417873647419508,0.45194630689017046,0.6646950840950012,4.666666666666667,0.006261000000449712,101,23
101__M_Right_index_finger.BMP,0.35,M1 Wiener + CLAHE + Unsharp,0.04746602435132327,13.23617142298671,0.5985226500793039,0.7857149243354797,6.333333333333333,0.008949400000346941,101,23
101__M_Right_index_finger.BMP,0.35,Gabor,0.0636945045507101,11.95898036208714,0.48564514158099387,0.7251216769218445,5.666666666666667,0.47784580000006827,101,23
101__M_Right_index_finger.BMP,0.35,Hybrid,0.03792606760760832,14.210621851076873,0.6264857206184313,0.7832586169242859,9.0,0.4794627999999648,101,23
101__M_Right_little_finger.BMP,0.55,Degraded input,0.03111008411515054,15.070988146484057,0.4790093485556735,0.6314757466316223,11.0,0.0,106,26
101__M_Right_little_finger.BMP,0.55,Global HE,0.02702197570069182,15.682829008898537,0.5585920301148184,0.7206099033355713,10.666666666666666,0.006061000000045169,106,26
101__M_Right_little_finger.BMP,0.55,M1 CLAHE,0.10158117770048859,9.931867564034773,0.4433790197287779,0.6099244952201843,3.3333333333333335,0.006154000000606175,106,26
101__M_Right_little_finger.BMP,0.55,M1 Median + CLAHE,0.07497298241053023,11.250952126609782,0.4844762060986713,0.67779141664505,4.666666666666667,0.00909490000049118,106,26
101__M_Right_little_finger.BMP,0.55,M1 Wiener + CLAHE,0.04712140345184847,13.267817831123692,0.5379548620586011,0.7446025013923645,3.0,0.009668900000178837,106,26
101__M_Right_little_finger.BMP,0.55,M1 CLAHE + Unsharp,0.10593288295966642,9.749692082474281,0.4114735620168771,0.5463787317276001,2.6666666666666665,0.006888800000524498,106,26
101__M_Right_little_finger.BMP,0.55,M1 Wiener + CLAHE + Unsharp,0.04636835176635416,13.337783414882708,0.5378878135654236,0.7295063138008118,2.6666666666666665,0.010467600000993116,106,26
101__M_Right_little_finger.BMP,0.55,Gabor,0.060938273903628076,12.151098514711771,0.406188175862681,0.6301510334014893,2.6666666666666665,0.47882099999878847,106,26
101__M_Right_little_finger.BMP,0.55,Hybrid,0.038275808737033026,14.170756242398873,0.5508583046746713,0.7310113310813904,3.0,0.4711117999995622,106,26
101__M_Right_middle_finger.BMP,0.75,Degraded input,0.04796896464423395,13.190396551873977,0.3083482774909668,0.43649202585220337,7.0,0.0,123,36
101__M_Right_middle_finger.BMP,0.75,Global HE,0.03247782857177261,14.884130148625598,0.43631171651132966,0.5735706686973572,6.666666666666667,0.005918299999393639,123,36
101__M_Right_middle_finger.BMP,0.75,M1 CLAHE,0.13717152665684595,8.627360278358255,0.3038238323976404,0.43266233801841736,1.6666666666666667,0.0063665999987279065,123,36
101__M_Right_middle_finger.BMP,0.75,M1 Median + CLAHE,0.10776439134760525,9.675247196312561,0.37010106515594615,0.5471259355545044,1.6666666666666667,0.008887399999366608,123,36
101__M_Right_middle_finger.BMP,0.75,M1 Wiener + CLAHE,0.06639903432326331,11.778382367634242,0.430890852036357,0.667601466178894,1.6666666666666667,0.008903100000679842,123,36
101__M_Right_middle_finger.BMP,0.75,M1 CLAHE + Unsharp,0.14563754267934886,8.367266574626363,0.25979151800288,0.3573080897331238,0.3333333333333333,0.007192600000053062,123,36
101__M_Right_middle_finger.BMP,0.75,M1 Wiener + CLAHE + Unsharp,0.06433406071183595,11.915590354318244,0.42880670914217206,0.641933262348175,1.3333333333333333,0.009739899998749024,123,36
101__M_Right_middle_finger.BMP,0.75,Gabor,0.0967790435572747,10.142186742283288,0.2659035033769729,0.46593940258026123,2.0,0.48482760000115377,123,36
101__M_Right_middle_finger.BMP,0.75,Hybrid,0.05811478244401933,12.357133836631997,0.42247589420151055,0.6424271464347839,3.0,0.48132880000048317,123,36
101__M_Right_ring_finger.BMP,0.35,Degraded input,0.013287294932447832,18.765634250382472,0.6183204370443193,0.7047290802001953,36.666666666666664,0.0,142,38
101__M_Right_ring_finger.BMP,0.35,Global HE,0.023624167847595873,16.266434804086344,0.5631825907705911,0.7184012532234192,13.333333333333334,0.006224199998541735,142,38
101__M_Right_ring_finger.BMP,0.35,M1 CLAHE,0.10812339295793746,9.660803344144043,0.40289768784345764,0.6535036563873291,2.6666666666666665,0.006045599999197293,142,38
101__M_Right_ring_finger.BMP,0.35,M1 Median + CLAHE,0.07377882846006095,11.320682452514006,0.4446189067946485,0.6977446675300598,4.0,0.008610400000179652,142,38
101__M_Right_ring_finger.BMP,0.35,M1 Wiener + CLAHE,0.04372454368732369,13.59274714156008,0.5699954419959122,0.7531870007514954,8.333333333333334,0.008460299999569543,142,38
101__M_Right_ring_finger.BMP,0.35,M1 CLAHE + Unsharp,0.09778481259785263,10.097285922178454,0.3972781945087645,0.6214354634284973,2.0,0.0068787000000156695,142,38
101__M_Right_ring_finger.BMP,0.35,M1 Wiener + CLAHE + Unsharp,0.04030782872727819,13.946105954753039,0.5747860774898121,0.7419245839118958,9.333333333333334,0.00999740000042948,142,38
101__M_Right_ring_finger.BMP,0.35,Gabor,0.06311228923403986,11.998860666374565,0.43715104680469397,0.7007104158401489,3.3333333333333335,0.4785203999999794,142,38
101__M_Right_ring_finger.BMP,0.35,Hybrid,0.036007136263972936,14.436114177625752,0.5909969953713499,0.741683304309845,6.666666666666667,0.4700876999995671,142,38
101__M_Right_thumb_finger.BMP,0.55,Degraded input,0.03017926065945312,15.202914039061158,0.5375099442117055,0.7007127404212952,23.0,0.0,130,25
101__M_Right_thumb_finger.BMP,0.55,Global HE,0.019183297880881137,17.170767293682005,0.6703605149947033,0.7780959010124207,25.0,0.0061671000003116205,130,25
101__M_Right_thumb_finger.BMP,0.55,M1 CLAHE,0.08514229213995372,10.69854662235768,0.5443712255867655,0.7030238509178162,5.666666666666667,0.006063099999664701,130,25
101__M_Right_thumb_finger.BMP,0.55,M1 Median + CLAHE,0.06274314644648792,12.024337060704786,0.5881356638159679,0.7640968561172485,5.0,0.009101100000407314,130,25
101__M_Right_thumb_finger.BMP,0.55,M1 Wiener + CLAHE,0.04329878760303833,13.635242640318994,0.6343264715313813,0.7809693813323975,6.666666666666667,0.010027599999375525,130,25
101__M_Right_thumb_finger.BMP,0.55,M1 CLAHE + Unsharp,0.08889649886979797,10.51115343095806,0.5086534051155531,0.6447688937187195,3.0,0.0072995999998966,130,25
101__M_Right_thumb_finger.BMP,0.55,M1 Wiener + CLAHE + Unsharp,0.04085337010130615,13.887721115665649,0.6386710166964618,0.7732033729553223,7.666666666666667,0.009908899999572895,130,25
101__M_Right_thumb_finger.BMP,0.55,Gabor,0.06429155276611817,11.918460850549156,0.4598363134550438,0.6974524259567261,6.333333333333333,0.4900671000013972,130,25
101__M_Right_thumb_finger.BMP,0.55,Hybrid,0.03511976016807631,14.544484585414672,0.6363540348243474,0.7720947861671448,9.333333333333334,0.48150510000050417,130,25
102__M_Left_index_finger.BMP,0.75,Degraded input,0.05395443717666126,12.679728334259686,0.38379667733758527,0.4317303001880646,4.666666666666667,0.0,137,53
102__M_Left_index_finger.BMP,0.75,Global HE,0.04427444301300882,13.538468936703172,0.5198541781934647,0.5616310238838196,6.666666666666667,0.006370200000674231,137,53
102__M_Left_index_finger.BMP,0.75,M1 CLAHE,0.09720709618695303,10.123020301113236,0.4368661578247747,0.43315136432647705,1.0,0.006114800000432297,137,53
102__M_Left_index_finger.BMP,0.75,M1 Median + CLAHE,0.08221940137438484,10.85025689569143,0.5123756401110166,0.5451400876045227,2.6666666666666665,0.009054100000867038,137,53
102__M_Left_index_finger.BMP,0.75,M1 Wiener + CLAHE,0.06487479057454311,11.879240311082967,0.5405000227410114,0.6275231242179871,4.0,0.009210700000039651,137,53
102__M_Left_index_finger.BMP,0.75,M1 CLAHE + Unsharp,0.1159243750549606,9.358252366951614,0.37191599924154506,0.3611568212509155,0.0,0.0076575000002776505,137,53
102__M_Left_index_finger.BMP,0.75,M1 Wiener + CLAHE + Unsharp,0.06321577007223708,11.991745672712765,0.5386934348626948,0.6072661876678467,4.0,0.010765700000774814,137,53
102__M_Left_index_finger.BMP,0.75,Gabor,0.0764512259543691,11.16615545948867,0.3807623238357001,0.45346149802207947,2.3333333333333335,0.4825983999999153,137,53
102__M_Left_index_finger.BMP,0.75,Hybrid,0.053694692026016684,12.700686442398936,0.5304631350890766,0.6055809855461121,2.0,0.47662490000038815,137,53
102__M_Left_little_finger.BMP,0.35,Degraded input,0.014761937221154767,18.308566459512242,0.7036076577764759,0.7085781693458557,21.333333333333332,0.0,130,33
102__M_Left_little_finger.BMP,0.35,Global HE,0.03223230138938108,14.917086847133385,0.6813406649930477,0.7335332632064819,17.333333333333332,0.005891799999517389,130,33
102__M_Left_little_finger.BMP,0.35,M1 CLAHE,0.06462345470223908,11.89609828769403,0.6069602540418547,0.6766397356987,4.0,0.005897400000321795,130,33
102__M_Left_little_finger.BMP,0.35,M1 Median + CLAHE,0.04479099539391512,13.488092860866548,0.6431880304813048,0.7064300775527954,7.333333333333333,0.00823589999890828,130,33
102__M_Left_little_finger.BMP,0.35,M1 Wiener + CLAHE,0.03085619719882955,15.1065759860112,0.7107371256329229,0.7410978674888611,7.0,0.00926429999890388,130,33
102__M_Left_little_finger.BMP,0.35,M1 CLAHE + Unsharp,0.06823096247425871,11.660185024660802,0.5903471310978938,0.6481463313102722,5.333333333333333,0.006973500001549837,130,33
102__M_Left_little_finger.BMP,0.35,M1 Wiener + CLAHE + Unsharp,0.029994723267780618,15.229551405220004,0.7156634405228437,0.7362213134765625,7.0,0.0092253000002529,130,33
102__M_Left_little_finger.BMP,0.35,Gabor,0.06159220565270053,12.10474243293329,0.5274015377077628,0.6810387969017029,4.666666666666667,0.4918331999997463,130,33
102__M_Left_little_finger.BMP,0.35,Hybrid,0.03184047593806236,14.97020449234325,0.7017865921339537,0.7317425608634949,6.666666666666667,0.4752115000010235,130,33
102__M_Left_middle_finger.BMP,0.55,Degraded input,0.03004280731702362,15.222594876023889,0.5468670990929038,0.6064059734344482,19.0,0.0,138,50
102__M_Left_middle_finger.BMP,0.55,Global HE,0.01642396916105037,17.845218791025296,0.711386939556473,0.6843118071556091,15.0,0.005562199999985751,138,50
102__M_Left_middle_finger.BMP,0.55,M1 CLAHE,0.07579850334902194,11.203393694824333,0.565090754891817,0.6085320115089417,3.3333333333333335,0.005350899999029934,138,50
102__M_Left_middle_finger.BMP,0.55,M1 Median + CLAHE,0.06446389167527151,11.9068347974087,0.6104767915471626,0.6683903336524963,2.3333333333333335,0.007835000000341097,138,50
102__M_Left_middle_finger.BMP,0.55,M1 Wiener + CLAHE,0.05381044381855809,12.69133425958415,0.6280192587988271,0.7002481818199158,2.3333333333333335,0.008075400000961963,138,50
102__M_Left_middle_finger.BMP,0.55,M1 CLAHE + Unsharp,0.08347619500915388,10.784373550568615,0.5176294169566316,0.5492845177650452,2.0,0.006241799999770592,138,50
102__M_Left_middle_finger.BMP,0.55,M1 Wiener + CLAHE + Unsharp,0.05121223140889073,12.906263007628437,0.6340614210470931,0.6896527409553528,3.3333333333333335,0.009298699998907978,138,50
102__M_Left_middle_finger.BMP,0.55,Gabor,0.07041070462521856,11.52361309519083,0.47562027173729604,0.6078273057937622,2.3333333333333335,0.46931079999922076,138,50
102__M_Left_middle_finger.BMP,0.55,Hybrid,0.04405116010552017,13.560426497765299,0.6211620494195165,0.6849960684776306,3.0,0.46853510000073584,138,50
102__M_Left_ring_finger.BMP,0.75,Degraded input,0.04920290191181604,13.080092824537143,0.33820481812262626,0.4430690109729767,2.6666666666666665,0.0,129,38
102__M_Left_ring_finger.BMP,0.75,Global HE,0.028418251629423085,15.464026446017499,0.5529025745172996,0.5841303467750549,3.0,0.006554999999934807,129,38
102__M_Left_ring_finger.BMP,0.75,M1 CLAHE,0.11177547023112909,9.516534944113507,0.391262761398468,0.4537091851234436,2.6666666666666665,0.005965499998637824,129,38
102__M_Left_ring_finger.BMP,0.75,M1 Median + CLAHE,0.0892479239001827,10.494018777276066,0.4720780857418743,0.5756350159645081,1.3333333333333333,0.008929899999202462,129,38
102__M_Left_ring_finger.BMP,0.75,M1 Wiener + CLAHE,0.06648083156809523,11.773035568656965,0.511435874316086,0.6583238840103149,2.0,0.008965799999714363,129,38
102__M_Left_ring_finger.BMP,0.75,M1 CLAHE + Unsharp,0.12327169689786374,9.091366256919773,0.33313075551367866,0.3764868378639221,0.6666666666666666,0.007143099999666447,129,38
102__M_Left_ring_finger.BMP,0.75,M1 Wiener + CLAHE + Unsharp,0.06377077471197874,11.953783070037478,0.5104937354663588,0.6372365951538086,2.3333333333333335,0.009623599999031285,129,38
102__M_Left_ring_finger.BMP,0.75,Gabor,0.08646429998208138,10.63163170235933,0.32872882523993757,0.4718453884124756,0.6666666666666666,0.482799100000193,129,38
102__M_Left_ring_finger.BMP,0.75,Hybrid,0.05491823083376328,12.602834618123746,0.5020519314101679,0.6360813975334167,2.6666666666666665,0.47925430000032065,129,38
