Category,Category order,Image,Path,Real pair candidate path,Real pair candidate exists,Pairing used for metrics,Selection rule,Hybrid ID,Stage order,Stage,Stage family,Output domain,Stage note,Runtime (s),Ridge coherence,Local contrast,Foreground/background separation proxy,Foreground usable-area ratio,Ridge coverage in foreground,Detected ridge endings,Detected bifurcations,Ridge pixels,Connected components,Small connected components <20px,Largest component fraction,Fragmentation per 1000 ridge pixels,Skeleton pixels,Skeleton endpoints,Skeleton bifurcations,Ridge continuity proxy,Delta Ridge coherence vs previous stage,Delta Local contrast vs previous stage,Delta Foreground/background separation proxy vs previous stage,Delta Ridge coverage in foreground vs previous stage,Delta Fragmentation per 1000 ridge pixels vs previous stage,Delta Small connected components <20px vs previous stage,Delta Ridge continuity proxy vs previous stage
Easy,0,100__M_Left_index_finger_CR.BMP,data\SOCOFing\Altered\Altered-Easy\100__M_Left_index_finger_CR.BMP,data\SOCOFing\Real\100__M_Left_index_finger.BMP,True,False,"sorted category file list, 8 evenly spaced indexes",DIRECT24-H1,0,Original Altered,input,grayscale,Original Altered image after P0 neutral handling,0.0,0.7615703344345093,0.22480694949626923,0.22480694949626923,1.0,0.417572021484375,187.0,98.0,27366.0,66.0,1.0,0.5232405066490173,2.4117518088138565,5881.0,187.0,98.0,31.449197860962567,,,,,,,
Easy,0,100__M_Left_index_finger_CR.BMP,data\SOCOFing\Altered\Altered-Easy\100__M_Left_index_finger_CR.BMP,data\SOCOFing\Real\100__M_Left_index_finger.BMP,True,False,"sorted category file list, 8 evenly spaced indexes",DIRECT24-H1,1,M1 - CLAHE,M1,grayscale,selected from single-technique M1 evidence,0.007318700023461133,0.7708094716072083,0.25653764605522156,0.25653764605522156,1.0,0.4291229248046875,182.0,86.0,28123.0,59.0,1.0,0.5019023418426514,2.097926963695196,6075.0,182.0,86.0,33.379120879120876,0.009239137172698975,0.03173069655895233,0.03173069655895233,0.0115509033203125,-0.3138248451186607,0.0,1.9299230181583091
Easy,0,100__M_Left_index_finger_CR.BMP,data\SOCOFing\Altered\Altered-Easy\100__M_Left_index_finger_CR.BMP,data\SOCOFing\Real\100__M_Left_index_finger.BMP,True,False,"sorted category file list, 8 evenly spaced indexes",DIRECT24-H1,2,M2 - Ordinary Gabor,M2,grayscale,selected from single-technique M2 evidence,1.1012590000173077,0.7775160074234009,0.1873752474784851,0.1873752474784851,1.0,0.385986328125,201.0,57.0,25296.0,77.0,2.0,0.47924572229385376,3.0439595192915876,5727.0,201.0,57.0,28.492537313432837,0.006706535816192627,-0.06916239857673645,-0.06916239857673645,-0.0431365966796875,0.9460325555963918,1.0,-4.8865835656880385
Easy,0,100__M_Left_index_finger_CR.BMP,data\SOCOFing\Altered\Altered-Easy\100__M_Left_index_finger_CR.BMP,data\SOCOFing\Real\100__M_Left_index_finger.BMP,True,False,"sorted category file list, 8 evenly spaced indexes",DIRECT24-H1,3,M3 - Closing,M3,binary ridge map,selected binary ridge restoration branch,,0.7775160074234009,0.1873752474784851,0.1873752474784851,1.0,0.393798828125,184.0,80.0,25808.0,62.0,1.0,0.4784562885761261,2.4023558586484812,5759.0,184.0,80.0,31.29891304347826,0.0,0.0,0.0,0.0078125,-0.6416036606431064,-1.0,2.806375730045424
Easy,0,100__M_Left_index_finger_CR.BMP,data\SOCOFing\Altered\Altered-Easy\100__M_Left_index_finger_CR.BMP,data\SOCOFing\Real\100__M_Left_index_finger.BMP,True,False,"sorted category file list, 8 evenly spaced indexes",DIRECT24-H1,4,M4 - Medial Axis,M4,skeleton,downstream thinning/feature extraction branch,,0.7775160074234009,0.1873752474784851,0.1873752474784851,1.0,0.0935821533203125,349.0,244.0,6133.0,62.0,19.0,0.4242621958255768,10.109245067666722,6133.0,349.0,244.0,17.573065902578797,0.0,0.0,0.0,-0.3002166748046875,7.70688920901824,18.0,-13.725847140899464
Easy,1,179__M_Left_little_finger_Obl.BMP,data\SOCOFing\Altered\Altered-Easy\179__M_Left_little_finger_Obl.BMP,data\SOCOFing\Real\179__M_Left_little_finger.BMP,True,False,"sorted category file list, 8 evenly spaced indexes",DIRECT24-H1,0,Original Altered,input,grayscale,Original Altered image after P0 neutral handling,0.0,0.5187233686447144,0.15843753516674042,0.15843753516674042,1.0,0.236572265625,303.0,78.0,15504.0,117.0,7.0,0.3363003134727478,7.546439628482973,2932.0,303.0,78.0,9.676567656765677,,,,,,,
Easy,1,179__M_Left_little_finger_Obl.BMP,data\SOCOFing\Altered\Altered-Easy\179__M_Left_little_finger_Obl.BMP,data\SOCOFing\Real\179__M_Left_little_finger.BMP,True,False,"sorted category file list, 8 evenly spaced indexes",DIRECT24-H1,1,M1 - CLAHE,M1,grayscale,selected from single-technique M1 evidence,0.006240299961064011,0.5786245465278625,0.20286902785301208,0.20286902785301208,1.0,0.3397064208984375,447.0,154.0,22263.0,146.0,3.0,0.3512554466724396,6.5579661321475085,4284.0,447.0,154.0,9.583892617449665,0.05990117788314819,0.04443149268627167,0.04443149268627167,0.1031341552734375,-0.9884734963354642,-4.0,-0.09267503931601162
Easy,1,179__M_Left_little_finger_Obl.BMP,data\SOCOFing\Altered\Altered-Easy\179__M_Left_little_finger_Obl.BMP,data\SOCOFing\Real\179__M_Left_little_finger.BMP,True,False,"sorted category file list, 8 evenly spaced indexes",DIRECT24-H1,2,M2 - Ordinary Gabor,M2,grayscale,selected from single-technique M2 evidence,1.1197535000392236,0.6127731204032898,0.15381035208702087,0.15381035208702087,1.0,0.286163330078125,429.0,117.0,18754.0,156.0,6.0,0.34126052260398865,8.31822544523835,3853.0,429.0,117.0,8.981351981351981,0.034148573875427246,-0.04905867576599121,-0.04905867576599121,-0.0535430908203125,1.7602593130908408,3.0,-0.6025406360976842
Easy,1,179__M_Left_little_finger_Obl.BMP,data\SOCOFing\Altered\Altered-Easy\179__M_Left_little_finger_Obl.BMP,data\SOCOFing\Real\179__M_Left_little_finger.BMP,True,False,"sorted category file list, 8 evenly spaced indexes",DIRECT24-H1,3,M3 - Closing,M3,binary ridge map,selected binary ridge restoration branch,,0.6127731204032898,0.15381035208702087,0.15381035208702087,1.0,0.299285888671875,316.0,192.0,19614.0,76.0,2.0,0.32787805795669556,3.8747833180381357,4066.0,316.0,192.0,12.867088607594937,0.0,0.0,0.0,0.01312255859375,-4.443442127200214,-4.0,3.885736626242956
Easy,1,179__M_Left_little_finger_Obl.BMP,data\SOCOFing\Altered\Altered-Easy\179__M_Left_little_finger_Obl.BMP,data\SOCOFing\Real\179__M_Left_little_finger.BMP,True,False,"sorted category file list, 8 evenly spaced indexes",DIRECT24-H1,4,M4 - Medial Axis,M4,skeleton,downstream thinning/feature extraction branch,,0.6127731204032898,0.15381035208702087,0.15381035208702087,1.0,0.0693511962890625,499.0,392.0,4545.0,76.0,41.0,0.2253025323152542,16.72167216721672,4545.0,499.0,392.0,9.108216432865731,0.0,0.0,0.0,-0.2299346923828125,12.846888849178585,39.0,-3.7588721747292055
Easy,2,255__M_Right_middle_finger_Obl.BMP,data\SOCOFing\Altered\Altered-Easy\255__M_Right_middle_finger_Obl.BMP,data\SOCOFing\Real\255__M_Right_middle_finger.BMP,True,False,"sorted category file list, 8 evenly spaced indexes",DIRECT24-H1,0,Original Altered,input,grayscale,Original Altered image after P0 neutral handling,0.0,0.7578345537185669,0.21485373377799988,0.21485373377799988,1.0,0.42950439453125,141.0,78.0,28148.0,44.0,0.0,0.7058761119842529,1.5631661219269575,5782.0,141.0,78.0,41.00709219858156,,,,,,,
Easy,2,255__M_Right_middle_finger_Obl.BMP,data\SOCOFing\Altered\Altered-Easy\255__M_Right_middle_finger_Obl.BMP,data\SOCOFing\Real\255__M_Right_middle_finger.BMP,True,False,"sorted category file list, 8 evenly spaced indexes",DIRECT24-H1,1,M1 - CLAHE,M1,grayscale,selected from single-technique M1 evidence,0.007217500009573996,0.781429648399353,0.24591821432113647,0.24591821432113647,1.0,0.4262542724609375,164.0,91.0,27935.0,45.0,1.0,0.7182387709617615,1.6108824055843924,6049.0,164.0,91.0,36.88414634146341,0.023595094680786133,0.031064480543136597,0.031064480543136597,-0.0032501220703125,0.047716283657434966,1.0,-4.122945857118147
Easy,2,255__M_Right_middle_finger_Obl.BMP,data\SOCOFing\Altered\Altered-Easy\255__M_Right_middle_finger_Obl.BMP,data\SOCOFing\Real\255__M_Right_middle_finger.BMP,True,False,"sorted category file list, 8 evenly spaced indexes",DIRECT24-H1,2,M2 - Ordinary Gabor,M2,grayscale,selected from single-technique M2 evidence,0.9969334999914281,0.7898809909820557,0.1770407259464264,0.1770407259464264,1.0,0.372283935546875,174.0,66.0,24398.0,59.0,1.0,0.5761537551879883,2.4182310025411917,5679.0,174.0,66.0,32.63793103448276,0.008451342582702637,-0.06887748837471008,-0.06887748837471008,-0.0539703369140625,0.8073485969567993,0.0,-4.246215306980652
Easy,2,255__M_Right_middle_finger_Obl.BMP,data\SOCOFing\Altered\Altered-Easy\255__M_Right_middle_finger_Obl.BMP,data\SOCOFing\Real\255__M_Right_middle_finger.BMP,True,False,"sorted category file list, 8 evenly spaced indexes",DIRECT24-H1,3,M3 - Closing,M3,binary ridge map,selected binary ridge restoration branch,,0.7898809909820557,0.1770407259464264,0.1770407259464264,1.0,0.3803863525390625,150.0,89.0,24929.0,39.0,1.0,0.6236511468887329,1.5644430181716074,5695.0,150.0,89.0,37.96666666666667,0.0,0.0,0.0,0.0081024169921875,-0.8537879843695844,0.0,5.328735632183907
Easy,2,255__M_Right_middle_finger_Obl.BMP,data\SOCOFing\Altered\Altered-Easy\255__M_Right_middle_finger_Obl.BMP,data\SOCOFing\Real\255__M_Right_middle_finger.BMP,True,False,"sorted category file list, 8 evenly spaced indexes",DIRECT24-H1,4,M4 - Medial Axis,M4,skeleton,downstream thinning/feature extraction branch,,0.7898809909820557,0.1770407259464264,0.1770407259464264,1.0,0.0916748046875,298.0,256.0,6008.0,39.0,9.0,0.5838881731033325,6.491344873501998,6008.0,298.0,256.0,20.161073825503355,0.0,0.0,0.0,-0.2887115478515625,4.9269018553303905,8.0,-17.805592841163314
Easy,3,332__M_Left_thumb_finger_CR.BMP,data\SOCOFing\Altered\Altered-Easy\332__M_Left_thumb_finger_CR.BMP,data\SOCOFing\Real\332__M_Left_thumb_finger.BMP,True,False,"sorted category file list, 8 evenly spaced indexes",DIRECT24-H1,0,Original Altered,input,grayscale,Original Altered image after P0 neutral handling,0.0,0.6662470698356628,0.20458516478538513,0.20458516478538513,1.0,0.3150482177734375,338.0,35.0,20647.0,148.0,11.0,0.3815082013607025,7.16811159006151,4164.0,338.0,35.0,12.319526627218934,,,,,,,
Easy,3,332__M_Left_thumb_finger_CR.BMP,data\SOCOFing\Altered\Altered-Easy\332__M_Left_thumb_finger_CR.BMP,data\SOCOFing\Real\332__M_Left_thumb_finger.BMP,True,False,"sorted category file list, 8 evenly spaced indexes",DIRECT24-H1,1,M1 - CLAHE,M1,grayscale,selected from single-technique M1 evidence,0.0054644999909214675,0.7059469223022461,0.24774275720119476,0.24774275720119476,1.0,0.421630859375,313.0,53.0,27632.0,124.0,1.0,0.4149898588657379,4.487550665894615,5191.0,313.0,53.0,16.584664536741215,0.03969985246658325,0.04315759241580963,0.04315759241580963,0.1065826416015625,-2.6805609241668957,-10.0,4.265137909522281
Easy,3,332__M_Left_thumb_finger_CR.BMP,data\SOCOFing\Altered\Altered-Easy\332__M_Left_thumb_finger_CR.BMP,data\SOCOFing\Real\332__M_Left_thumb_finger.BMP,True,False,"sorted category file list, 8 evenly spaced indexes",DIRECT24-H1,2,M2 - Ordinary Gabor,M2,grayscale,selected from single-technique M2 evidence,1.0472041000030003,0.7162551879882812,0.17910686135292053,0.17910686135292053,1.0,0.3766937255859375,336.0,45.0,24687.0,141.0,2.0,0.3475513458251953,5.711508081176327,4946.0,336.0,45.0,14.720238095238095,0.010308265686035156,-0.06863589584827423,-0.06863589584827423,-0.0449371337890625,1.2239574152817125,1.0,-1.8644264415031202
Easy,3,332__M_Left_thumb_finger_CR.BMP,data\SOCOFing\Altered\Altered-Easy\332__M_Left_thumb_finger_CR.BMP,data\SOCOFing\Real\332__M_Left_thumb_finger.BMP,True,False,"sorted category file list, 8 evenly spaced indexes",DIRECT24-H1,3,M3 - Closing,M3,binary ridge map,selected binary ridge restoration branch,,0.7162551879882812,0.17910686135292053,0.17910686135292053,1.0,0.384002685546875,265.0,58.0,25166.0,101.0,1.0,0.40455377101898193,4.0133513470555515,4999.0,265.0,58.0,18.864150943396226,0.0,0.0,0.0,0.0073089599609375,-1.6981567341207757,-1.0,4.143912848158131
Easy,3,332__M_Left_thumb_finger_CR.BMP,data\SOCOFing\Altered\Altered-Easy\332__M_Left_thumb_finger_CR.BMP,data\SOCOFing\Real\332__M_Left_thumb_finger.BMP,True,False,"sorted category file list, 8 evenly spaced indexes",DIRECT24-H1,4,M4 - Medial Axis,M4,skeleton,downstream thinning/feature extraction branch,,0.7162551879882812,0.17910686135292053,0.17910686135292053,1.0,0.0837249755859375,437.0,241.0,5487.0,101.0,45.0,0.3619464039802551,18.407144158921085,5487.0,437.0,241.0,12.556064073226544,0.0,0.0,0.0,-0.3002777099609375,14.393792811865534,44.0,-6.3080868701696815
Easy,4,40__F_Left_index_finger_CR.BMP,data\SOCOFing\Altered\Altered-Easy\40__F_Left_index_finger_CR.BMP,data\SOCOFing\Real\40__F_Left_index_finger.BMP,True,False,"sorted category file list, 8 evenly spaced indexes",DIRECT24-H1,0,Original Altered,input,grayscale,Original Altered image after P0 neutral handling,0.0,0.6760505437850952,0.20546554028987885,0.20546554028987885,1.0,0.3878631591796875,185.0,103.0,25419.0,49.0,1.0,0.30610960721969604,1.9276918840237618,4622.0,185.0,103.0,24.983783783783785,,,,,,,
Easy,4,40__F_Left_index_finger_CR.BMP,data\SOCOFing\Altered\Altered-Easy\40__F_Left_index_finger_CR.BMP,data\SOCOFing\Real\40__F_Left_index_finger.BMP,True,False,"sorted category file list, 8 evenly spaced indexes",DIRECT24-H1,1,M1 - CLAHE,M1,grayscale,selected from single-technique M1 evidence,0.005679299996700138,0.7211593389511108,0.2274981588125229,0.2274981588125229,1.0,0.38458251953125,194.0,89.0,25204.0,56.0,0.0,0.3747817873954773,2.221869544516743,4718.0,194.0,89.0,24.31958762886598,0.045108795166015625,0.022032618522644043,0.022032618522644043,-0.0032806396484375,0.29417766049298133,-1.0,-0.664196154917807
Easy,4,40__F_Left_index_finger_CR.BMP,data\SOCOFing\Altered\Altered-Easy\40__F_Left_index_finger_CR.BMP,data\SOCOFing\Real\40__F_Left_index_finger.BMP,True,False,"sorted category file list, 8 evenly spaced indexes",DIRECT24-H1,2,M2 - Ordinary Gabor,M2,grayscale,selected from single-technique M2 evidence,1.0644786999910139,0.7437410354614258,0.16675201058387756,0.16675201058387756,1.0,0.3421630859375,204.0,71.0,22424.0,70.0,0.0,0.3411969244480133,3.121655369247235,4425.0,204.0,71.0,21.691176470588236,0.02258169651031494,-0.060746148228645325,-0.060746148228645325,-0.04241943359375,0.899785824730492,0.0,-2.6284111582777427
Easy,4,40__F_Left_index_finger_CR.BMP,data\SOCOFing\Altered\Altered-Easy\40__F_Left_index_finger_CR.BMP,data\SOCOFing\Real\40__F_Left_index_finger.BMP,True,False,"sorted category file list, 8 evenly spaced indexes",DIRECT24-H1,3,M3 - Closing,M3,binary ridge map,selected binary ridge restoration branch,,0.7437410354614258,0.16675201058387756,0.16675201058387756,1.0,0.3491973876953125,177.0,72.0,22885.0,59.0,0.0,0.35040420293807983,2.5781079309591433,4391.0,177.0,72.0,24.807909604519775,0.0,0.0,0.0,0.0070343017578125,-0.5435474382880918,0.0,3.1167331339315396
Easy,4,40__F_Left_index_finger_CR.BMP,data\SOCOFing\Altered\Altered-Easy\40__F_Left_index_finger_CR.BMP,data\SOCOFing\Real\40__F_Left_index_finger.BMP,True,False,"sorted category file list, 8 evenly spaced indexes",DIRECT24-H1,4,M4 - Medial Axis,M4,skeleton,downstream thinning/feature extraction branch,,0.7437410354614258,0.16675201058387756,0.16675201058387756,1.0,0.074981689453125,365.0,254.0,4914.0,59.0,23.0,0.2765567898750305,12.006512006512008,4914.0,365.0,254.0,13.463013698630137,0.0,0.0,0.0,-0.2742156982421875,9.428404075552864,23.0,-11.344895905889638
Easy,5,487__M_Right_index_finger_Zcut.BMP,data\SOCOFing\Altered\Altered-Easy\487__M_Right_index_finger_Zcut.BMP,data\SOCOFing\Real\487__M_Right_index_finger.BMP,True,False,"sorted category file list, 8 evenly spaced indexes",DIRECT24-H1,0,Original Altered,input,grayscale,Original Altered image after P0 neutral handling,0.0,0.6666898131370544,0.18614163994789124,0.18614163994789124,1.0,0.44537353515625,143.0,191.0,29188.0,27.0,1.0,0.7895367741584778,0.9250376867205702,6179.0,143.0,191.0,43.20979020979021,,,,,,,
Easy,5,487__M_Right_index_finger_Zcut.BMP,data\SOCOFing\Altered\Altered-Easy\487__M_Right_index_finger_Zcut.BMP,data\SOCOFing\Real\487__M_Right_index_finger.BMP,True,False,"sorted category file list, 8 evenly spaced indexes",DIRECT24-H1,1,M1 - CLAHE,M1,grayscale,selected from single-technique M1 evidence,0.006611099990550429,0.7339346408843994,0.22999583184719086,0.22999583184719086,1.0,0.404937744140625,159.0,155.0,26538.0,29.0,0.0,0.7803903818130493,1.0927726279297612,6131.0,159.0,155.0,38.55974842767296,0.06724482774734497,0.04385419189929962,0.04385419189929962,-0.040435791015625,0.16773494120919097,-1.0,-4.650041782117249
Easy,5,487__M_Right_index_finger_Zcut.BMP,data\SOCOFing\Altered\Altered-Easy\487__M_Right_index_finger_Zcut.BMP,data\SOCOFing\Real\487__M_Right_index_finger.BMP,True,False,"sorted category file list, 8 evenly spaced indexes",DIRECT24-H1,2,M2 - Ordinary Gabor,M2,grayscale,selected from single-technique M2 evidence,1.038569100026507,0.7640490531921387,0.16622424125671387,0.16622424125671387,1.0,0.3472900390625,209.0,134.0,22760.0,46.0,1.0,0.6958699226379395,2.0210896309314585,5721.0,209.0,134.0,27.373205741626794,0.030114412307739258,-0.06377159059047699,-0.06377159059047699,-0.057647705078125,0.9283170030016974,1.0,-11.186542686046163
Easy,5,487__M_Right_index_finger_Zcut.BMP,data\SOCOFing\Altered\Altered-Easy\487__M_Right_index_finger_Zcut.BMP,data\SOCOFing\Real\487__M_Right_index_finger.BMP,True,False,"sorted category file list, 8 evenly spaced indexes",DIRECT24-H1,3,M3 - Closing,M3,binary ridge map,selected binary ridge restoration branch,,0.7640490531921387,0.16622424125671387,0.16622424125671387,1.0,0.3602294921875,176.0,150.0,23608.0,35.0,1.0,0.7092511057853699,1.4825482887156896,5697.0,176.0,150.0,32.36931818181818,0.0,0.0,0.0,0.012939453125,-0.538541342215769,0.0,4.996112440191386
Easy,5,487__M_Right_index_finger_Zcut.BMP,data\SOCOFing\Altered\Altered-Easy\487__M_Right_index_finger_Zcut.BMP,data\SOCOFing\Real\487__M_Right_index_finger.BMP,True,False,"sorted category file list, 8 evenly spaced indexes",DIRECT24-H1,4,M4 - Medial Axis,M4,skeleton,downstream thinning/feature extraction branch,,0.7640490531921387,0.16622424125671387,0.16622424125671387,1.0,0.093536376953125,427.0,411.0,6130.0,35.0,10.0,0.7070146799087524,5.709624796084829,6130.0,427.0,411.0,14.355971896955504,0.0,0.0,0.0,-0.266693115234375,4.227076507369139,9.0,-18.013346284862678
Easy,6,564__M_Left_ring_finger_Obl.BMP,data\SOCOFing\Altered\Altered-Easy\564__M_Left_ring_finger_Obl.BMP,data\SOCOFing\Real\564__M_Left_ring_finger.BMP,True,False,"sorted category file list, 8 evenly spaced indexes",DIRECT24-H1,0,Original Altered,input,grayscale,Original Altered image after P0 neutral handling,0.0,0.5120904445648193,0.16978710889816284,0.16978710889816284,1.0,0.305572509765625,363.0,176.0,20026.0,90.0,5.0,0.2918206453323364,4.494157595126336,4260.0,363.0,176.0,11.735537190082646,,,,,,,
Easy,6,564__M_Left_ring_finger_Obl.BMP,data\SOCOFing\Altered\Altered-Easy\564__M_Left_ring_finger_Obl.BMP,data\SOCOFing\Real\564__M_Left_ring_finger.BMP,True,False,"sorted category file list, 8 evenly spaced indexes",DIRECT24-H1,1,M1 - CLAHE,M1,grayscale,selected from single-technique M1 evidence,0.005252500006463379,0.5619672536849976,0.18698835372924805,0.18698835372924805,1.0,0.313140869140625,365.0,194.0,20522.0,82.0,3.0,0.3981093466281891,3.9957119189162853,4436.0,365.0,194.0,12.153424657534247,0.04987680912017822,0.017201244831085205,0.017201244831085205,0.007568359375,-0.49844567621005087,-2.0,0.4178874674516013
Easy,6,564__M_Left_ring_finger_Obl.BMP,data\SOCOFing\Altered\Altered-Easy\564__M_Left_ring_finger_Obl.BMP,data\SOCOFing\Real\564__M_Left_ring_finger.BMP,True,False,"sorted category file list, 8 evenly spaced indexes",DIRECT24-H1,2,M2 - Ordinary Gabor,M2,grayscale,selected from single-technique M2 evidence,0.9415662999963388,0.6327923536300659,0.1421661078929901,0.1421661078929901,1.0,0.2614593505859375,352.0,161.0,17135.0,91.0,1.0,0.3674350678920746,5.310767435074409,4163.0,352.0,161.0,11.826704545454545,0.07082509994506836,-0.044822245836257935,-0.044822245836257935,-0.0516815185546875,1.3150555161581234,-2.0,-0.32672011207970186
Easy,6,564__M_Left_ring_finger_Obl.BMP,data\SOCOFing\Altered\Altered-Easy\564__M_Left_ring_finger_Obl.BMP,data\SOCOFing\Real\564__M_Left_ring_finger.BMP,True,False,"sorted category file list, 8 evenly spaced indexes",DIRECT24-H1,3,M3 - Closing,M3,binary ridge map,selected binary ridge restoration branch,,0.6327923536300659,0.1421661078929901,0.1421661078929901,1.0,0.272247314453125,299.0,234.0,17842.0,49.0,1.0,0.37237977981567383,2.7463288868960882,4247.0,299.0,234.0,14.20401337792642,0.0,0.0,0.0,0.0107879638671875,-2.5644385481783205,0.0,2.3773088324718756
Easy,6,564__M_Left_ring_finger_Obl.BMP,data\SOCOFing\Altered\Altered-Easy\564__M_Left_ring_finger_Obl.BMP,data\SOCOFing\Real\564__M_Left_ring_finger.BMP,True,False,"sorted category file list, 8 evenly spaced indexes",DIRECT24-H1,4,M4 - Medial Axis,M4,skeleton,downstream thinning/feature extraction branch,,0.6327923536300659,0.1421661078929901,0.1421661078929901,1.0,0.07000732421875,449.0,403.0,4588.0,49.0,25.0,0.25370532274246216,10.68003487358326,4588.0,449.0,403.0,10.21826280623608,0.0,0.0,0.0,-0.202239990234375,7.933705986687172,24.0,-3.9857505716903407
Easy,7,9__M_Right_thumb_finger_Zcut.BMP,data\SOCOFing\Altered\Altered-Easy\9__M_Right_thumb_finger_Zcut.BMP,data\SOCOFing\Real\9__M_Right_thumb_finger.BMP,True,False,"sorted category file list, 8 evenly spaced indexes",DIRECT24-H1,0,Original Altered,input,grayscale,Original Altered image after P0 neutral handling,0.0,0.6948041915893555,0.2514876127243042,0.2514876127243042,1.0,0.3835601806640625,251.0,25.0,25137.0,107.0,0.0,0.28042328357696533,4.25667342960576,4322.0,251.0,25.0,17.219123505976096,,,,,,,
Easy,7,9__M_Right_thumb_finger_Zcut.BMP,data\SOCOFing\Altered\Altered-Easy\9__M_Right_thumb_finger_Zcut.BMP,data\SOCOFing\Real\9__M_Right_thumb_finger.BMP,True,False,"sorted category file list, 8 evenly spaced indexes",DIRECT24-H1,1,M1 - CLAHE,M1,grayscale,selected from single-technique M1 evidence,0.005997500033117831,0.7362430095672607,0.24951902031898499,0.24951902031898499,1.0,0.4012451171875,247.0,32.0,26296.0,100.0,0.0,0.35693642497062683,3.8028597505324004,4441.0,247.0,32.0,17.979757085020243,0.04143881797790527,-0.001968592405319214,-0.001968592405319214,0.0176849365234375,-0.45381367907335957,0.0,0.7606335790441463
Easy,7,9__M_Right_thumb_finger_Zcut.BMP,data\SOCOFing\Altered\Altered-Easy\9__M_Right_thumb_finger_Zcut.BMP,data\SOCOFing\Real\9__M_Right_thumb_finger.BMP,True,False,"sorted category file list, 8 evenly spaced indexes",DIRECT24-H1,2,M2 - Ordinary Gabor,M2,grayscale,selected from single-technique M2 evidence,0.9215585999772884,0.7474144697189331,0.18509314954280853,0.18509314954280853,1.0,0.3648529052734375,252.0,28.0,23911.0,106.0,1.0,0.3078499436378479,4.433106101794153,4346.0,252.0,28.0,17.246031746031747,0.011171460151672363,-0.06442587077617645,-0.06442587077617645,-0.0363922119140625,0.6302463512617527,1.0,-0.7337253389884957
Easy,7,9__M_Right_thumb_finger_Zcut.BMP,data\SOCOFing\Altered\Altered-Easy\9__M_Right_thumb_finger_Zcut.BMP,data\SOCOFing\Real\9__M_Right_thumb_finger.BMP,True,False,"sorted category file list, 8 evenly spaced indexes",DIRECT24-H1,3,M3 - Closing,M3,binary ridge map,selected binary ridge restoration branch,,0.7474144697189331,0.18509314954280853,0.18509314954280853,1.0,0.3703765869140625,222.0,45.0,24273.0,83.0,1.0,0.3079553544521332,3.4194372347876243,4347.0,222.0,45.0,19.58108108108108,0.0,0.0,0.0,0.005523681640625,-1.0136688670065288,0.0,2.3350493350493338
Easy,7,9__M_Right_thumb_finger_Zcut.BMP,data\SOCOFing\Altered\Altered-Easy\9__M_Right_thumb_finger_Zcut.BMP,data\SOCOFing\Real\9__M_Right_thumb_finger.BMP,True,False,"sorted category file list, 8 evenly spaced indexes",DIRECT24-H1,4,M4 - Medial Axis,M4,skeleton,downstream thinning/feature extraction branch,,0.7474144697189331,0.18509314954280853,0.18509314954280853,1.0,0.073028564453125,353.0,180.0,4786.0,83.0,28.0,0.2870873510837555,17.34224822398663,4786.0,353.0,180.0,13.558073654390935,0.0,0.0,0.0,-0.2973480224609375,13.922810989199006,27.0,-6.023007426690146
Medium,0,100__M_Left_index_finger_CR.BMP,data\SOCOFing\Altered\Altered-Medium\100__M_Left_index_finger_CR.BMP,data\SOCOFing\Real\100__M_Left_index_finger.BMP,True,False,"sorted category file list, 8 evenly spaced indexes",DIRECT24-H1,0,Original Altered,input,grayscale,Original Altered image after P0 neutral handling,0.0,0.7484726905822754,0.21836848556995392,0.21836848556995392,1.0,0.40997314453125,220.0,93.0,26868.0,77.0,1.0,0.4113815724849701,2.8658627363406284,5658.0,220.0,93.0,25.71818181818182,,,,,,,
Medium,0,100__M_Left_index_finger_CR.BMP,data\SOCOFing\Altered\Altered-Medium\100__M_Left_index_finger_CR.BMP,data\SOCOFing\Real\100__M_Left_index_finger.BMP,True,False,"sorted category file list, 8 evenly spaced indexes",DIRECT24-H1,1,M1 - CLAHE,M1,grayscale,selected from single-technique M1 evidence,0.005343800003174692,0.7576677799224854,0.253292977809906,0.253292977809906,1.0,0.4258270263671875,212.0,90.0,27907.0,67.0,0.0,0.44995880126953125,2.400831332640556,5903.0,212.0,90.0,27.84433962264151,0.009195089340209961,0.03492449223995209,0.03492449223995209,0.0158538818359375,-0.46503140370007223,-1.0,2.126157804459691
Medium,0,100__M_Left_index_finger_CR.BMP,data\SOCOFing\Altered\Altered-Medium\100__M_Left_index_finger_CR.BMP,data\SOCOFing\Real\100__M_Left_index_finger.BMP,True,False,"sorted category file list, 8 evenly spaced indexes",DIRECT24-H1,2,M2 - Ordinary Gabor,M2,grayscale,selected from single-technique M2 evidence,0.9000606999616139,0.76463782787323,0.18601706624031067,0.18601706624031067,1.0,0.379669189453125,223.0,55.0,24882.0,88.0,3.0,0.42187124490737915,3.5366931918656053,5460.0,223.0,55.0,24.484304932735427,0.006970047950744629,-0.06727591156959534,-0.06727591156959534,-0.0461578369140625,1.1358618592250491,3.0,-3.360034689906083
Medium,0,100__M_Left_index_finger_CR.BMP,data\SOCOFing\Altered\Altered-Medium\100__M_Left_index_finger_CR.BMP,data\SOCOFing\Real\100__M_Left_index_finger.BMP,True,False,"sorted category file list, 8 evenly spaced indexes",DIRECT24-H1,3,M3 - Closing,M3,binary ridge map,selected binary ridge restoration branch,,0.76463782787323,0.18601706624031067,0.18601706624031067,1.0,0.3864593505859375,206.0,76.0,25327.0,73.0,2.0,0.43589845299720764,2.882299522248983,5509.0,206.0,76.0,26.74271844660194,0.0,0.0,0.0,0.0067901611328125,-0.6543936696166224,-1.0,2.2584135138665147
Medium,0,100__M_Left_index_finger_CR.BMP,data\SOCOFing\Altered\Altered-Medium\100__M_Left_index_finger_CR.BMP,data\SOCOFing\Real\100__M_Left_index_finger.BMP,True,False,"sorted category file list, 8 evenly spaced indexes",DIRECT24-H1,4,M4 - Medial Axis,M4,skeleton,downstream thinning/feature extraction branch,,0.76463782787323,0.18601706624031067,0.18601706624031067,1.0,0.0906524658203125,351.0,225.0,5941.0,73.0,25.0,0.3831004798412323,12.287493687931326,5941.0,351.0,225.0,16.925925925925927,0.0,0.0,0.0,-0.295806884765625,9.405194165682342,23.0,-9.816792520676014
Medium,1,178__M_Right_thumb_finger_Zcut.BMP,data\SOCOFing\Altered\Altered-Medium\178__M_Right_thumb_finger_Zcut.BMP,data\SOCOFing\Real\178__M_Right_thumb_finger.BMP,True,False,"sorted category file list, 8 evenly spaced indexes",DIRECT24-H1,0,Original Altered,input,grayscale,Original Altered image after P0 neutral handling,0.0,0.697451651096344,0.19416706264019012,0.4028067849576473,0.954010009765625,0.543680624420204,161.0,263.0,33992.0,24.0,0.0,0.6590962409973145,0.7060484819957638,7119.0,161.0,263.0,44.21739130434783,,,,,,,
Medium,1,178__M_Right_thumb_finger_Zcut.BMP,data\SOCOFing\Altered\Altered-Medium\178__M_Right_thumb_finger_Zcut.BMP,data\SOCOFing\Real\178__M_Right_thumb_finger.BMP,True,False,"sorted category file list, 8 evenly spaced indexes",DIRECT24-H1,1,M1 - CLAHE,M1,grayscale,selected from single-technique M1 evidence,0.005430700024589896,0.714484691619873,0.25140392780303955,0.25140392780303955,1.0,0.50250244140625,185.0,246.0,32932.0,32.0,0.0,0.6656747460365295,0.9716992590793149,7479.0,185.0,246.0,40.42702702702703,0.017033040523529053,0.057236865162849426,-0.15140285715460777,-0.04117818301395404,0.2656507770835511,0.0,-3.7903642773207977
Medium,1,178__M_Right_thumb_finger_Zcut.BMP,data\SOCOFing\Altered\Altered-Medium\178__M_Right_thumb_finger_Zcut.BMP,data\SOCOFing\Real\178__M_Right_thumb_finger.BMP,True,False,"sorted category file list, 8 evenly spaced indexes",DIRECT24-H1,2,M2 - Ordinary Gabor,M2,grayscale,selected from single-technique M2 evidence,0.9153952000197023,0.7191179990768433,0.178170308470726,0.178170308470726,1.0,0.4145965576171875,231.0,198.0,27171.0,51.0,1.0,0.5703507661819458,1.8770012145301977,6869.0,231.0,198.0,29.735930735930737,0.004633307456970215,-0.07323361933231354,-0.07323361933231354,-0.0879058837890625,0.9053019554508829,1.0,-10.691096291096294
Medium,1,178__M_Right_thumb_finger_Zcut.BMP,data\SOCOFing\Altered\Altered-Medium\178__M_Right_thumb_finger_Zcut.BMP,data\SOCOFing\Real\178__M_Right_thumb_finger.BMP,True,False,"sorted category file list, 8 evenly spaced indexes",DIRECT24-H1,3,M3 - Closing,M3,binary ridge map,selected binary ridge restoration branch,,0.7191179990768433,0.178170308470726,0.178170308470726,1.0,0.4266357421875,195.0,228.0,27960.0,36.0,1.0,0.5967096090316772,1.2875536480686696,6860.0,195.0,228.0,35.17948717948718,0.0,0.0,0.0,0.0120391845703125,-0.5894475664615282,0.0,5.443556443556446
Medium,1,178__M_Right_thumb_finger_Zcut.BMP,data\SOCOFing\Altered\Altered-Medium\178__M_Right_thumb_finger_Zcut.BMP,data\SOCOFing\Real\178__M_Right_thumb_finger.BMP,True,False,"sorted category file list, 8 evenly spaced indexes",DIRECT24-H1,4,M4 - Medial Axis,M4,skeleton,downstream thinning/feature extraction branch,,0.7191179990768433,0.178170308470726,0.178170308470726,1.0,0.1104278564453125,405.0,463.0,7237.0,36.0,9.0,0.6016305088996887,4.9744369213762605,7237.0,405.0,463.0,17.869135802469135,0.0,0.0,0.0,-0.3162078857421875,3.6868832733075907,8.0,-17.310351377018048
Medium,2,256__M_Right_little_finger_Obl.BMP,data\SOCOFing\Altered\Altered-Medium\256__M_Right_little_finger_Obl.BMP,data\SOCOFing\Real\256__M_Right_little_finger.BMP,True,False,"sorted category file list, 8 evenly spaced indexes",DIRECT24-H1,0,Original Altered,input,grayscale,Original Altered image after P0 neutral handling,0.0,0.5783807039260864,0.1488335281610489,0.1488335281610489,1.0,0.315032958984375,144.0,70.0,20646.0,40.0,3.0,0.5278504490852356,1.9374212922600018,4318.0,144.0,70.0,29.98611111111111,,,,,,,
Medium,2,256__M_Right_little_finger_Obl.BMP,data\SOCOFing\Altered\Altered-Medium\256__M_Right_little_finger_Obl.BMP,data\SOCOFing\Real\256__M_Right_little_finger.BMP,True,False,"sorted category file list, 8 evenly spaced indexes",DIRECT24-H1,1,M1 - CLAHE,M1,grayscale,selected from single-technique M1 evidence,0.0074742999859154224,0.6445709466934204,0.17985159158706665,0.17985159158706665,1.0,0.3249969482421875,192.0,88.0,21299.0,53.0,1.0,0.5911075472831726,2.488379736137847,4569.0,192.0,88.0,23.796875,0.06619024276733398,0.03101806342601776,0.03101806342601776,0.0099639892578125,0.550958443877845,-2.0,-6.189236111111111
Medium,2,256__M_Right_little_finger_Obl.BMP,data\SOCOFing\Altered\Altered-Medium\256__M_Right_little_finger_Obl.BMP,data\SOCOFing\Real\256__M_Right_little_finger.BMP,True,False,"sorted category file list, 8 evenly spaced indexes",DIRECT24-H1,2,M2 - Ordinary Gabor,M2,grayscale,selected from single-technique M2 evidence,1.0961363000096753,0.7052104473114014,0.1315038502216339,0.1315038502216339,1.0,0.272430419921875,199.0,51.0,17854.0,71.0,0.0,0.538142740726471,3.976699899182256,4184.0,199.0,51.0,21.025125628140703,0.06063950061798096,-0.04834774136543274,-0.04834774136543274,-0.0525665283203125,1.4883201630444094,-1.0,-2.771749371859297
Medium,2,256__M_Right_little_finger_Obl.BMP,data\SOCOFing\Altered\Altered-Medium\256__M_Right_little_finger_Obl.BMP,data\SOCOFing\Real\256__M_Right_little_finger.BMP,True,False,"sorted category file list, 8 evenly spaced indexes",DIRECT24-H1,3,M3 - Closing,M3,binary ridge map,selected binary ridge restoration branch,,0.7052104473114014,0.1315038502216339,0.1315038502216339,1.0,0.27935791015625,166.0,72.0,18308.0,49.0,0.0,0.567456841468811,2.676425606292331,4213.0,166.0,72.0,25.379518072289155,0.0,0.0,0.0,0.006927490234375,-1.3002742928899251,0.0,4.354392444148452
Medium,2,256__M_Right_little_finger_Obl.BMP,data\SOCOFing\Altered\Altered-Medium\256__M_Right_little_finger_Obl.BMP,data\SOCOFing\Real\256__M_Right_little_finger.BMP,True,False,"sorted category file list, 8 evenly spaced indexes",DIRECT24-H1,4,M4 - Medial Axis,M4,skeleton,downstream thinning/feature extraction branch,,0.7052104473114014,0.1315038502216339,0.1315038502216339,1.0,0.0691070556640625,302.0,227.0,4529.0,49.0,25.0,0.5171119570732117,10.819165378670789,4529.0,302.0,227.0,14.996688741721854,0.0,0.0,0.0,-0.2102508544921875,8.142739772378459,25.0,-10.3828293305673
Medium,3,333__M_Left_little_finger_CR.BMP,data\SOCOFing\Altered\Altered-Medium\333__M_Left_little_finger_CR.BMP,data\SOCOFing\Real\333__M_Left_little_finger.BMP,True,False,"sorted category file list, 8 evenly spaced indexes",DIRECT24-H1,0,Original Altered,input,grayscale,Original Altered image after P0 neutral handling,0.0,0.5770723223686218,0.15930521488189697,0.15930521488189697,1.0,0.306854248046875,125.0,77.0,20110.0,34.0,1.0,0.3777722418308258,1.6907011437095973,4032.0,125.0,77.0,32.256,,,,,,,
Medium,3,333__M_Left_little_finger_CR.BMP,data\SOCOFing\Altered\Altered-Medium\333__M_Left_little_finger_CR.BMP,data\SOCOFing\Real\333__M_Left_little_finger.BMP,True,False,"sorted category file list, 8 evenly spaced indexes",DIRECT24-H1,1,M1 - CLAHE,M1,grayscale,selected from single-technique M1 evidence,0.006699300021864474,0.6841030716896057,0.1762470304965973,0.1762470304965973,1.0,0.298583984375,130.0,68.0,19568.0,36.0,0.0,0.49197670817375183,1.839738348323794,4055.0,130.0,68.0,31.192307692307693,0.10703074932098389,0.016941815614700317,0.016941815614700317,-0.008270263671875,0.14903720461419656,-1.0,-1.0636923076923068
Medium,3,333__M_Left_little_finger_CR.BMP,data\SOCOFing\Altered\Altered-Medium\333__M_Left_little_finger_CR.BMP,data\SOCOFing\Real\333__M_Left_little_finger.BMP,True,False,"sorted category file list, 8 evenly spaced indexes",DIRECT24-H1,2,M2 - Ordinary Gabor,M2,grayscale,selected from single-technique M2 evidence,0.9903881000354886,0.7461588382720947,0.13421623408794403,0.13421623408794403,1.0,0.26837158203125,139.0,44.0,17588.0,44.0,0.0,0.4644075632095337,2.501705708437571,3804.0,139.0,44.0,27.366906474820144,0.062055766582489014,-0.04203079640865326,-0.04203079640865326,-0.03021240234375,0.6619673601137772,0.0,-3.825401217487549
Medium,3,333__M_Left_little_finger_CR.BMP,data\SOCOFing\Altered\Altered-Medium\333__M_Left_little_finger_CR.BMP,data\SOCOFing\Real\333__M_Left_little_finger.BMP,True,False,"sorted category file list, 8 evenly spaced indexes",DIRECT24-H1,3,M3 - Closing,M3,binary ridge map,selected binary ridge restoration branch,,0.7461588382720947,0.13421623408794403,0.13421623408794403,1.0,0.2754669189453125,121.0,71.0,18053.0,30.0,0.0,0.49831053614616394,1.6617736664266327,3841.0,121.0,71.0,31.74380165289256,0.0,0.0,0.0,0.0070953369140625,-0.8399320420109384,0.0,4.376895178072417
Medium,3,333__M_Left_little_finger_CR.BMP,data\SOCOFing\Altered\Altered-Medium\333__M_Left_little_finger_CR.BMP,data\SOCOFing\Real\333__M_Left_little_finger.BMP,True,False,"sorted category file list, 8 evenly spaced indexes",DIRECT24-H1,4,M4 - Medial Axis,M4,skeleton,downstream thinning/feature extraction branch,,0.7461588382720947,0.13421623408794403,0.13421623408794403,1.0,0.06146240234375,206.0,160.0,4028.0,30.0,8.0,0.43272095918655396,7.4478649453823245,4028.0,206.0,160.0,19.553398058252426,0.0,0.0,0.0,-0.2140045166015625,5.786091278955691,8.0,-12.190403594640134
Medium,4,40__F_Left_little_finger_CR.BMP,data\SOCOFing\Altered\Altered-Medium\40__F_Left_little_finger_CR.BMP,data\SOCOFing\Real\40__F_Left_little_finger.BMP,True,False,"sorted category file list, 8 evenly spaced indexes",DIRECT24-H1,0,Original Altered,input,grayscale,Original Altered image after P0 neutral handling,0.0,0.5279273986816406,0.1448253095149994,0.1448253095149994,1.0,0.363922119140625,131.0,189.0,23850.0,27.0,1.0,0.656519889831543,1.1320754716981132,4325.0,131.0,189.0,33.01526717557252,,,,,,,
Medium,4,40__F_Left_little_finger_CR.BMP,data\SOCOFing\Altered\Altered-Medium\40__F_Left_little_finger_CR.BMP,data\SOCOFing\Real\40__F_Left_little_finger.BMP,True,False,"sorted category file list, 8 evenly spaced indexes",DIRECT24-H1,1,M1 - CLAHE,M1,grayscale,selected from single-technique M1 evidence,0.007104700023774058,0.593440055847168,0.17841488122940063,0.17841488122940063,1.0,0.3472900390625,176.0,192.0,22760.0,34.0,1.0,0.7083479762077332,1.493848857644991,4478.0,176.0,192.0,25.443181818181817,0.06551265716552734,0.033589571714401245,0.033589571714401245,-0.016632080078125,0.3617733859468779,0.0,-7.572085357390701
Medium,4,40__F_Left_little_finger_CR.BMP,data\SOCOFing\Altered\Altered-Medium\40__F_Left_little_finger_CR.BMP,data\SOCOFing\Real\40__F_Left_little_finger.BMP,True,False,"sorted category file list, 8 evenly spaced indexes",DIRECT24-H1,2,M2 - Ordinary Gabor,M2,grayscale,selected from single-technique M2 evidence,1.0178273000055924,0.6630758047103882,0.13424725830554962,0.13424725830554962,1.0,0.2924652099609375,195.0,191.0,19167.0,38.0,0.0,0.5793812274932861,1.9825742161005895,4230.0,195.0,191.0,21.692307692307693,0.06963574886322021,-0.04416762292385101,-0.04416762292385101,-0.0548248291015625,0.4887253584555984,-1.0,-3.750874125874123
Medium,4,40__F_Left_little_finger_CR.BMP,data\SOCOFing\Altered\Altered-Medium\40__F_Left_little_finger_CR.BMP,data\SOCOFing\Real\40__F_Left_little_finger.BMP,True,False,"sorted category file list, 8 evenly spaced indexes",DIRECT24-H1,3,M3 - Closing,M3,binary ridge map,selected binary ridge restoration branch,,0.6630758047103882,0.13424725830554962,0.13424725830554962,1.0,0.30047607421875,162.0,195.0,19692.0,23.0,0.0,0.7634572386741638,1.1679869997968717,4217.0,162.0,195.0,26.030864197530864,0.0,0.0,0.0,0.0080108642578125,-0.8145872163037178,0.0,4.3385565052231705
Medium,4,40__F_Left_little_finger_CR.BMP,data\SOCOFing\Altered\Altered-Medium\40__F_Left_little_finger_CR.BMP,data\SOCOFing\Real\40__F_Left_little_finger.BMP,True,False,"sorted category file list, 8 evenly spaced indexes",DIRECT24-H1,4,M4 - Medial Axis,M4,skeleton,downstream thinning/feature extraction branch,,0.6630758047103882,0.13424725830554962,0.13424725830554962,1.0,0.068603515625,306.0,344.0,4496.0,23.0,9.0,0.7199733257293701,5.115658362989324,4496.0,306.0,344.0,14.69281045751634,0.0,0.0,0.0,-0.23187255859375,3.947671363192452,9.0,-11.338053740014525
Medium,5,489__M_Left_index_finger_Zcut.BMP,data\SOCOFing\Altered\Altered-Medium\489__M_Left_index_finger_Zcut.BMP,data\SOCOFing\Real\489__M_Left_index_finger.BMP,True,False,"sorted category file list, 8 evenly spaced indexes",DIRECT24-H1,0,Original Altered,input,grayscale,Original Altered image after P0 neutral handling,0.0,0.7247051000595093,0.2296152114868164,0.2296152114868164,1.0,0.38037109375,205.0,68.0,24928.0,76.0,1.0,0.21782734990119934,3.048780487804878,4995.0,205.0,68.0,24.365853658536587,,,,,,,
Medium,5,489__M_Left_index_finger_Zcut.BMP,data\SOCOFing\Altered\Altered-Medium\489__M_Left_index_finger_Zcut.BMP,data\SOCOFing\Real\489__M_Left_index_finger.BMP,True,False,"sorted category file list, 8 evenly spaced indexes",DIRECT24-H1,1,M1 - CLAHE,M1,grayscale,selected from single-technique M1 evidence,0.007299500051885843,0.7456501722335815,0.2422693818807602,0.2422693818807602,1.0,0.3964996337890625,207.0,70.0,25985.0,75.0,2.0,0.30509909987449646,2.886280546469117,5194.0,207.0,70.0,25.091787439613526,0.020945072174072266,0.012654170393943787,0.012654170393943787,0.0161285400390625,-0.1624999413357613,1.0,0.7259337810769395
Medium,5,489__M_Left_index_finger_Zcut.BMP,data\SOCOFing\Altered\Altered-Medium\489__M_Left_index_finger_Zcut.BMP,data\SOCOFing\Real\489__M_Left_index_finger.BMP,True,False,"sorted category file list, 8 evenly spaced indexes",DIRECT24-H1,2,M2 - Ordinary Gabor,M2,grayscale,selected from single-technique M2 evidence,0.9537371000042185,0.7642645835876465,0.17863589525222778,0.17863589525222778,1.0,0.3556060791015625,225.0,54.0,23305.0,88.0,0.0,0.2942287027835846,3.7760137309590216,4898.0,225.0,54.0,21.76888888888889,0.01861441135406494,-0.06363348662853241,-0.06363348662853241,-0.0408935546875,0.8897331844899048,-2.0,-3.322898550724638
Medium,5,489__M_Left_index_finger_Zcut.BMP,data\SOCOFing\Altered\Altered-Medium\489__M_Left_index_finger_Zcut.BMP,data\SOCOFing\Real\489__M_Left_index_finger.BMP,True,False,"sorted category file list, 8 evenly spaced indexes",DIRECT24-H1,3,M3 - Closing,M3,binary ridge map,selected binary ridge restoration branch,,0.7642645835876465,0.17863589525222778,0.17863589525222778,1.0,0.3641204833984375,201.0,76.0,23863.0,67.0,0.0,0.29761555790901184,2.8076939194569,4932.0,201.0,76.0,24.53731343283582,0.0,0.0,0.0,0.008514404296875,-0.9683198115021217,0.0,2.7684245439469315
Medium,5,489__M_Left_index_finger_Zcut.BMP,data\SOCOFing\Altered\Altered-Medium\489__M_Left_index_finger_Zcut.BMP,data\SOCOFing\Real\489__M_Left_index_finger.BMP,True,False,"sorted category file list, 8 evenly spaced indexes",DIRECT24-H1,4,M4 - Medial Axis,M4,skeleton,downstream thinning/feature extraction branch,,0.7642645835876465,0.17863589525222778,0.17863589525222778,1.0,0.08062744140625,317.0,192.0,5284.0,67.0,21.0,0.20439061522483826,12.67978803936412,5284.0,317.0,192.0,16.668769716088327,0.0,0.0,0.0,-0.2834930419921875,9.872094119907219,21.0,-7.868543716747492
Medium,6,565__M_Right_middle_finger_Obl.BMP,data\SOCOFing\Altered\Altered-Medium\565__M_Right_middle_finger_Obl.BMP,data\SOCOFing\Real\565__M_Right_middle_finger.BMP,True,False,"sorted category file list, 8 evenly spaced indexes",DIRECT24-H1,0,Original Altered,input,grayscale,Original Altered image after P0 neutral handling,0.0,0.6936447024345398,0.1684635728597641,0.1684635728597641,1.0,0.43695068359375,113.0,214.0,28636.0,17.0,0.0,0.850328266620636,0.5936583321692974,6574.0,113.0,214.0,58.176991150442475,,,,,,,
Medium,6,565__M_Right_middle_finger_Obl.BMP,data\SOCOFing\Altered\Altered-Medium\565__M_Right_middle_finger_Obl.BMP,data\SOCOFing\Real\565__M_Right_middle_finger.BMP,True,False,"sorted category file list, 8 evenly spaced indexes",DIRECT24-H1,1,M1 - CLAHE,M1,grayscale,selected from single-technique M1 evidence,0.005408800032455474,0.7469624280929565,0.22973455488681793,0.22973455488681793,1.0,0.4157562255859375,117.0,172.0,27247.0,20.0,1.0,0.9212757349014282,0.7340257643043271,6478.0,117.0,172.0,55.36752136752137,0.05331772565841675,0.06127098202705383,0.06127098202705383,-0.0211944580078125,0.14036743213502967,1.0,-2.8094697829211057
Medium,6,565__M_Right_middle_finger_Obl.BMP,data\SOCOFing\Altered\Altered-Medium\565__M_Right_middle_finger_Obl.BMP,data\SOCOFing\Real\565__M_Right_middle_finger.BMP,True,False,"sorted category file list, 8 evenly spaced indexes",DIRECT24-H1,2,M2 - Ordinary Gabor,M2,grayscale,selected from single-technique M2 evidence,1.040987300046254,0.7714799046516418,0.16419799625873566,0.16419799625873566,1.0,0.3577880859375,156.0,117.0,23448.0,37.0,0.0,0.8095786571502686,1.5779597407028318,6169.0,156.0,117.0,39.544871794871796,0.024517476558685303,-0.06553655862808228,-0.06553655862808228,-0.0579681396484375,0.8439339763985048,-1.0,-15.822649572649574
Medium,6,565__M_Right_middle_finger_Obl.BMP,data\SOCOFing\Altered\Altered-Medium\565__M_Right_middle_finger_Obl.BMP,data\SOCOFing\Real\565__M_Right_middle_finger.BMP,True,False,"sorted category file list, 8 evenly spaced indexes",DIRECT24-H1,3,M3 - Closing,M3,binary ridge map,selected binary ridge restoration branch,,0.7714799046516418,0.16419799625873566,0.16419799625873566,1.0,0.3696441650390625,135.0,165.0,24225.0,23.0,0.0,0.8625386953353882,0.9494324045407636,6211.0,135.0,165.0,46.007407407407406,0.0,0.0,0.0,0.0118560791015625,-0.6285273361620682,0.0,6.462535612535611
Medium,6,565__M_Right_middle_finger_Obl.BMP,data\SOCOFing\Altered\Altered-Medium\565__M_Right_middle_finger_Obl.BMP,data\SOCOFing\Real\565__M_Right_middle_finger.BMP,True,False,"sorted category file list, 8 evenly spaced indexes",DIRECT24-H1,4,M4 - Medial Axis,M4,skeleton,downstream thinning/feature extraction branch,,0.7714799046516418,0.16419799625873566,0.16419799625873566,1.0,0.098876953125,315.0,355.0,6480.0,23.0,9.0,0.8486111164093018,3.5493827160493825,6480.0,315.0,355.0,20.571428571428573,0.0,0.0,0.0,-0.2707672119140625,2.5999503115086187,9.0,-25.435978835978833
Medium,7,9__M_Right_thumb_finger_Zcut.BMP,data\SOCOFing\Altered\Altered-Medium\9__M_Right_thumb_finger_Zcut.BMP,data\SOCOFing\Real\9__M_Right_thumb_finger.BMP,True,False,"sorted category file list, 8 evenly spaced indexes",DIRECT24-H1,0,Original Altered,input,grayscale,Original Altered image after P0 neutral handling,0.0,0.690665602684021,0.24140408635139465,0.24140408635139465,1.0,0.377532958984375,269.0,35.0,24742.0,110.0,1.0,0.28465765714645386,4.445881497049551,4380.0,269.0,35.0,16.28252788104089,,,,,,,
Medium,7,9__M_Right_thumb_finger_Zcut.BMP,data\SOCOFing\Altered\Altered-Medium\9__M_Right_thumb_finger_Zcut.BMP,data\SOCOFing\Real\9__M_Right_thumb_finger.BMP,True,False,"sorted category file list, 8 evenly spaced indexes",DIRECT24-H1,1,M1 - CLAHE,M1,grayscale,selected from single-technique M1 evidence,0.005874200025573373,0.733955979347229,0.2472459375858307,0.2472459375858307,1.0,0.3997344970703125,255.0,48.0,26197.0,96.0,0.0,0.3580944240093231,3.6645417414207735,4537.0,255.0,48.0,17.7921568627451,0.04329037666320801,0.005841851234436035,0.005841851234436035,0.0222015380859375,-0.7813397556287773,-1.0,1.509628981704207
Medium,7,9__M_Right_thumb_finger_Zcut.BMP,data\SOCOFing\Altered\Altered-Medium\9__M_Right_thumb_finger_Zcut.BMP,data\SOCOFing\Real\9__M_Right_thumb_finger.BMP,True,False,"sorted category file list, 8 evenly spaced indexes",DIRECT24-H1,2,M2 - Ordinary Gabor,M2,grayscale,selected from single-technique M2 evidence,0.9251596999820322,0.7456990480422974,0.18366184830665588,0.18366184830665588,1.0,0.3582305908203125,266.0,30.0,23477.0,112.0,1.0,0.31520211696624756,4.770626570686203,4370.0,266.0,30.0,16.428571428571427,0.01174306869506836,-0.0635840892791748,-0.0635840892791748,-0.04150390625,1.1060848292654297,1.0,-1.3635854341736717
Medium,7,9__M_Right_thumb_finger_Zcut.BMP,data\SOCOFing\Altered\Altered-Medium\9__M_Right_thumb_finger_Zcut.BMP,data\SOCOFing\Real\9__M_Right_thumb_finger.BMP,True,False,"sorted category file list, 8 evenly spaced indexes",DIRECT24-H1,3,M3 - Closing,M3,binary ridge map,selected binary ridge restoration branch,,0.7456990480422974,0.18366184830665588,0.18366184830665588,1.0,0.3646392822265625,233.0,50.0,23897.0,85.0,1.0,0.3151441514492035,3.556931832447588,4371.0,233.0,50.0,18.759656652360515,0.0,0.0,0.0,0.00640869140625,-1.2136947382386154,0.0,2.3310852237890884
Medium,7,9__M_Right_thumb_finger_Zcut.BMP,data\SOCOFing\Altered\Altered-Medium\9__M_Right_thumb_finger_Zcut.BMP,data\SOCOFing\Real\9__M_Right_thumb_finger.BMP,True,False,"sorted category file list, 8 evenly spaced indexes",DIRECT24-H1,4,M4 - Medial Axis,M4,skeleton,downstream thinning/feature extraction branch,,0.7456990480422974,0.18366184830665588,0.18366184830665588,1.0,0.0737457275390625,367.0,186.0,4833.0,85.0,28.0,0.28595075011253357,17.58741982205669,4833.0,367.0,186.0,13.168937329700272,0.0,0.0,0.0,-0.2908935546875,14.030487989609103,27.0,-5.590719322660243
Hard,0,100__M_Left_index_finger_CR.BMP,data\SOCOFing\Altered\Altered-Hard\100__M_Left_index_finger_CR.BMP,data\SOCOFing\Real\100__M_Left_index_finger.BMP,True,False,"sorted category file list, 8 evenly spaced indexes",DIRECT24-H1,0,Original Altered,input,grayscale,Original Altered image after P0 neutral handling,0.0,0.7494031190872192,0.21506711840629578,0.21506711840629578,1.0,0.412994384765625,201.0,108.0,27066.0,63.0,1.0,0.36906081438064575,2.3276435380181777,5943.0,201.0,108.0,29.567164179104477,,,,,,,
Hard,0,100__M_Left_index_finger_CR.BMP,data\SOCOFing\Altered\Altered-Hard\100__M_Left_index_finger_CR.BMP,data\SOCOFing\Real\100__M_Left_index_finger.BMP,True,False,"sorted category file list, 8 evenly spaced indexes",DIRECT24-H1,1,M1 - CLAHE,M1,grayscale,selected from single-technique M1 evidence,0.005570299981627613,0.7578811645507812,0.2502739429473877,0.2502739429473877,1.0,0.4228057861328125,208.0,94.0,27709.0,63.0,0.0,0.47493594884872437,2.2736295066584864,6084.0,208.0,94.0,29.25,0.008478045463562012,0.03520682454109192,0.03520682454109192,0.0098114013671875,-0.054014031359691295,-1.0,-0.31716417910447703
Hard,0,100__M_Left_index_finger_CR.BMP,data\SOCOFing\Altered\Altered-Hard\100__M_Left_index_finger_CR.BMP,data\SOCOFing\Real\100__M_Left_index_finger.BMP,True,False,"sorted category file list, 8 evenly spaced indexes",DIRECT24-H1,2,M2 - Ordinary Gabor,M2,grayscale,selected from single-technique M2 evidence,1.0953486999496818,0.765454888343811,0.18307805061340332,0.18307805061340332,1.0,0.37841796875,227.0,63.0,24800.0,84.0,2.0,0.395725816488266,3.3870967741935485,5706.0,227.0,63.0,25.136563876651984,0.007573723793029785,-0.06719589233398438,-0.06719589233398438,-0.0443878173828125,1.113467267535062,2.0,-4.113436123348016
Hard,0,100__M_Left_index_finger_CR.BMP,data\SOCOFing\Altered\Altered-Hard\100__M_Left_index_finger_CR.BMP,data\SOCOFing\Real\100__M_Left_index_finger.BMP,True,False,"sorted category file list, 8 evenly spaced indexes",DIRECT24-H1,3,M3 - Closing,M3,binary ridge map,selected binary ridge restoration branch,,0.765454888343811,0.18307805061340332,0.18307805061340332,1.0,0.3849029541015625,207.0,97.0,25225.0,64.0,1.0,0.4193062484264374,2.537165510406343,5771.0,207.0,97.0,27.879227053140095,0.0,0.0,0.0,0.0064849853515625,-0.8499312637872056,-1.0,2.7426631764881115
Hard,0,100__M_Left_index_finger_CR.BMP,data\SOCOFing\Altered\Altered-Hard\100__M_Left_index_finger_CR.BMP,data\SOCOFing\Real\100__M_Left_index_finger.BMP,True,False,"sorted category file list, 8 evenly spaced indexes",DIRECT24-H1,4,M4 - Medial Axis,M4,skeleton,downstream thinning/feature extraction branch,,0.765454888343811,0.18307805061340332,0.18307805061340332,1.0,0.0937347412109375,355.0,244.0,6143.0,64.0,18.0,0.360410213470459,10.418362363665961,6143.0,355.0,244.0,17.304225352112677,0.0,0.0,0.0,-0.291168212890625,7.881196853259619,17.0,-10.575001701027418
Hard,1,179__M_Right_little_finger_CR.BMP,data\SOCOFing\Altered\Altered-Hard\179__M_Right_little_finger_CR.BMP,data\SOCOFing\Real\179__M_Right_little_finger.BMP,True,False,"sorted category file list, 8 evenly spaced indexes",DIRECT24-H1,0,Original Altered,input,grayscale,Original Altered image after P0 neutral handling,0.0,0.5684996843338013,0.15989677608013153,0.15989677608013153,1.0,0.2586517333984375,320.0,89.0,16951.0,121.0,5.0,0.3070615231990814,7.1382219338092145,3569.0,320.0,89.0,11.153125,,,,,,,
Hard,1,179__M_Right_little_finger_CR.BMP,data\SOCOFing\Altered\Altered-Hard\179__M_Right_little_finger_CR.BMP,data\SOCOFing\Real\179__M_Right_little_finger.BMP,True,False,"sorted category file list, 8 evenly spaced indexes",DIRECT24-H1,1,M1 - CLAHE,M1,grayscale,selected from single-technique M1 evidence,0.004748100007418543,0.6207441091537476,0.20738354325294495,0.20738354325294495,1.0,0.3467559814453125,388.0,177.0,22725.0,112.0,1.0,0.3453025221824646,4.928492849284928,4755.0,388.0,177.0,12.255154639175258,0.05224442481994629,0.047486767172813416,0.047486767172813416,0.088104248046875,-2.2097290845242865,-4.0,1.1020296391752584
Hard,1,179__M_Right_little_finger_CR.BMP,data\SOCOFing\Altered\Altered-Hard\179__M_Right_little_finger_CR.BMP,data\SOCOFing\Real\179__M_Right_little_finger.BMP,True,False,"sorted category file list, 8 evenly spaced indexes",DIRECT24-H1,2,M2 - Ordinary Gabor,M2,grayscale,selected from single-technique M2 evidence,0.9394094999879599,0.6506741046905518,0.1551618129014969,0.1551618129014969,1.0,0.2926177978515625,392.0,111.0,19177.0,143.0,5.0,0.34056422114372253,7.456849350784794,4204.0,392.0,111.0,10.724489795918368,0.0299299955368042,-0.05222173035144806,-0.05222173035144806,-0.05413818359375,2.528356501499866,4.0,-1.53066484325689
Hard,1,179__M_Right_little_finger_CR.BMP,data\SOCOFing\Altered\Altered-Hard\179__M_Right_little_finger_CR.BMP,data\SOCOFing\Real\179__M_Right_little_finger.BMP,True,False,"sorted category file list, 8 evenly spaced indexes",DIRECT24-H1,3,M3 - Closing,M3,binary ridge map,selected binary ridge restoration branch,,0.6506741046905518,0.1551618129014969,0.1551618129014969,1.0,0.3046112060546875,301.0,178.0,19963.0,78.0,2.0,0.32865801453590393,3.907228372489105,4377.0,301.0,178.0,14.541528239202657,0.0,0.0,0.0,0.011993408203125,-3.5496209782956893,-3.0,3.8170384432842894
Hard,1,179__M_Right_little_finger_CR.BMP,data\SOCOFing\Altered\Altered-Hard\179__M_Right_little_finger_CR.BMP,data\SOCOFing\Real\179__M_Right_little_finger.BMP,True,False,"sorted category file list, 8 evenly spaced indexes",DIRECT24-H1,4,M4 - Medial Axis,M4,skeleton,downstream thinning/feature extraction branch,,0.6506741046905518,0.1551618129014969,0.1551618129014969,1.0,0.07391357421875,478.0,366.0,4844.0,78.0,37.0,0.208298921585083,16.102394715111476,4844.0,478.0,366.0,10.133891213389122,0.0,0.0,0.0,-0.2306976318359375,12.195166342622372,35.0,-4.407637025813536
Hard,2,25__F_Left_ring_finger_Obl.BMP,data\SOCOFing\Altered\Altered-Hard\25__F_Left_ring_finger_Obl.BMP,data\SOCOFing\Real\25__F_Left_ring_finger.BMP,True,False,"sorted category file list, 8 evenly spaced indexes",DIRECT24-H1,0,Original Altered,input,grayscale,Original Altered image after P0 neutral handling,0.0,0.6110977530479431,0.1772019863128662,0.1772019863128662,1.0,0.3114471435546875,286.0,83.0,20411.0,100.0,2.0,0.25765517354011536,4.899318994659742,4354.0,286.0,83.0,15.223776223776223,,,,,,,
Hard,2,25__F_Left_ring_finger_Obl.BMP,data\SOCOFing\Altered\Altered-Hard\25__F_Left_ring_finger_Obl.BMP,data\SOCOFing\Real\25__F_Left_ring_finger.BMP,True,False,"sorted category file list, 8 evenly spaced indexes",DIRECT24-H1,1,M1 - CLAHE,M1,grayscale,selected from single-technique M1 evidence,0.004727400024421513,0.6518491506576538,0.2108292430639267,0.2108292430639267,1.0,0.3587799072265625,300.0,111.0,23513.0,92.0,3.0,0.3596733808517456,3.9127291285671753,4901.0,300.0,111.0,16.336666666666666,0.04075139760971069,0.033627256751060486,0.033627256751060486,0.047332763671875,-0.9865898660925669,1.0,1.1128904428904427
Hard,2,25__F_Left_ring_finger_Obl.BMP,data\SOCOFing\Altered\Altered-Hard\25__F_Left_ring_finger_Obl.BMP,data\SOCOFing\Real\25__F_Left_ring_finger.BMP,True,False,"sorted category file list, 8 evenly spaced indexes",DIRECT24-H1,2,M2 - Ordinary Gabor,M2,grayscale,selected from single-technique M2 evidence,0.9487128999899141,0.7040094137191772,0.15563693642616272,0.15563693642616272,1.0,0.30780029296875,296.0,64.0,20172.0,114.0,1.0,0.29754114151000977,5.651397977394408,4428.0,296.0,64.0,14.95945945945946,0.05216026306152344,-0.05519230663776398,-0.05519230663776398,-0.0509796142578125,1.738668848827233,-2.0,-1.3772072072072064
Hard,2,25__F_Left_ring_finger_Obl.BMP,data\SOCOFing\Altered\Altered-Hard\25__F_Left_ring_finger_Obl.BMP,data\SOCOFing\Real\25__F_Left_ring_finger.BMP,True,False,"sorted category file list, 8 evenly spaced indexes",DIRECT24-H1,3,M3 - Closing,M3,binary ridge map,selected binary ridge restoration branch,,0.7040094137191772,0.15563693642616272,0.15563693642616272,1.0,0.3152618408203125,244.0,102.0,20661.0,75.0,0.0,0.2981462776660919,3.63002758820967,4484.0,244.0,102.0,18.37704918032787,0.0,0.0,0.0,0.0074615478515625,-2.0213703891847383,-1.0,3.41758972086841
Hard,2,25__F_Left_ring_finger_Obl.BMP,data\SOCOFing\Altered\Altered-Hard\25__F_Left_ring_finger_Obl.BMP,data\SOCOFing\Real\25__F_Left_ring_finger.BMP,True,False,"sorted category file list, 8 evenly spaced indexes",DIRECT24-H1,4,M4 - Medial Axis,M4,skeleton,downstream thinning/feature extraction branch,,0.7040094137191772,0.15563693642616272,0.15563693642616272,1.0,0.075042724609375,388.0,242.0,4918.0,75.0,32.0,0.2010980099439621,15.250101667344449,4918.0,388.0,242.0,12.675257731958762,0.0,0.0,0.0,-0.2402191162109375,11.62007407913478,32.0,-5.701791448369107
Hard,3,335__M_Left_middle_finger_CR.BMP,data\SOCOFing\Altered\Altered-Hard\335__M_Left_middle_finger_CR.BMP,data\SOCOFing\Real\335__M_Left_middle_finger.BMP,True,False,"sorted category file list, 8 evenly spaced indexes",DIRECT24-H1,0,Original Altered,input,grayscale,Original Altered image after P0 neutral handling,0.0,0.5558511018753052,0.15841791033744812,0.15841791033744812,1.0,0.299835205078125,310.0,171.0,19650.0,78.0,2.0,0.317404568195343,3.9694656488549622,4328.0,310.0,171.0,13.961290322580645,,,,,,,
Hard,3,335__M_Left_middle_finger_CR.BMP,data\SOCOFing\Altered\Altered-Hard\335__M_Left_middle_finger_CR.BMP,data\SOCOFing\Real\335__M_Left_middle_finger.BMP,True,False,"sorted category file list, 8 evenly spaced indexes",DIRECT24-H1,1,M1 - CLAHE,M1,grayscale,selected from single-technique M1 evidence,0.004947800014633685,0.6110318303108215,0.20812028646469116,0.20812028646469116,1.0,0.367767333984375,369.0,244.0,24102.0,73.0,2.0,0.4399634897708893,3.0287942909302132,5425.0,369.0,244.0,14.70189701897019,0.05518072843551636,0.04970237612724304,0.04970237612724304,0.06793212890625,-0.940671357924749,0.0,0.7406066963895448
Hard,3,335__M_Left_middle_finger_CR.BMP,data\SOCOFing\Altered\Altered-Hard\335__M_Left_middle_finger_CR.BMP,data\SOCOFing\Real\335__M_Left_middle_finger.BMP,True,False,"sorted category file list, 8 evenly spaced indexes",DIRECT24-H1,2,M2 - Ordinary Gabor,M2,grayscale,selected from single-technique M2 evidence,0.9506241000490263,0.6424176096916199,0.15462076663970947,0.15462076663970947,1.0,0.302093505859375,373.0,191.0,19798.0,95.0,2.0,0.33654913306236267,4.798464491362765,4832.0,373.0,191.0,12.954423592493297,0.03138577938079834,-0.05349951982498169,-0.05349951982498169,-0.065673828125,1.7696702004325515,0.0,-1.7474734264768923
Hard,3,335__M_Left_middle_finger_CR.BMP,data\SOCOFing\Altered\Altered-Hard\335__M_Left_middle_finger_CR.BMP,data\SOCOFing\Real\335__M_Left_middle_finger.BMP,True,False,"sorted category file list, 8 evenly spaced indexes",DIRECT24-H1,3,M3 - Closing,M3,binary ridge map,selected binary ridge restoration branch,,0.6424176096916199,0.15462076663970947,0.15462076663970947,1.0,0.3119659423828125,316.0,244.0,20445.0,58.0,1.0,0.3360234797000885,2.8368794326241136,4912.0,316.0,244.0,15.544303797468354,0.0,0.0,0.0,0.0098724365234375,-1.9615850587386512,-1.0,2.5898802049750564
Hard,3,335__M_Left_middle_finger_CR.BMP,data\SOCOFing\Altered\Altered-Hard\335__M_Left_middle_finger_CR.BMP,data\SOCOFing\Real\335__M_Left_middle_finger.BMP,True,False,"sorted category file list, 8 evenly spaced indexes",DIRECT24-H1,4,M4 - Medial Axis,M4,skeleton,downstream thinning/feature extraction branch,,0.6424176096916199,0.15462076663970947,0.15462076663970947,1.0,0.0810394287109375,498.0,442.0,5311.0,58.0,31.0,0.37883636355400085,10.92073055921672,5311.0,498.0,442.0,10.664658634538153,0.0,0.0,0.0,-0.230926513671875,8.083851126592606,30.0,-4.879645162930201
Hard,4,40__F_Right_little_finger_Obl.BMP,data\SOCOFing\Altered\Altered-Hard\40__F_Right_little_finger_Obl.BMP,data\SOCOFing\Real\40__F_Right_little_finger.BMP,True,False,"sorted category file list, 8 evenly spaced indexes",DIRECT24-H1,0,Original Altered,input,grayscale,Original Altered image after P0 neutral handling,0.0,0.5507125854492188,0.14321988821029663,0.14321988821029663,1.0,0.307464599609375,188.0,97.0,20150.0,55.0,2.0,0.32570719718933105,2.729528535980149,3768.0,188.0,97.0,20.04255319148936,,,,,,,
Hard,4,40__F_Right_little_finger_Obl.BMP,data\SOCOFing\Altered\Altered-Hard\40__F_Right_little_finger_Obl.BMP,data\SOCOFing\Real\40__F_Right_little_finger.BMP,True,False,"sorted category file list, 8 evenly spaced indexes",DIRECT24-H1,1,M1 - CLAHE,M1,grayscale,selected from single-technique M1 evidence,0.0048411000170744956,0.6352585554122925,0.17715603113174438,0.17715603113174438,1.0,0.326019287109375,209.0,114.0,21366.0,58.0,0.0,0.4073761999607086,2.714593279041468,3987.0,209.0,114.0,19.076555023923444,0.08454596996307373,0.033936142921447754,0.033936142921447754,0.0185546875,-0.014935256938680919,-2.0,-0.9659981675659175
Hard,4,40__F_Right_little_finger_Obl.BMP,data\SOCOFing\Altered\Altered-Hard\40__F_Right_little_finger_Obl.BMP,data\SOCOFing\Real\40__F_Right_little_finger.BMP,True,False,"sorted category file list, 8 evenly spaced indexes",DIRECT24-H1,2,M2 - Ordinary Gabor,M2,grayscale,selected from single-technique M2 evidence,0.9299713000073098,0.6810811758041382,0.13257011771202087,0.13257011771202087,1.0,0.2728118896484375,217.0,87.0,17879.0,71.0,0.0,0.37440574169158936,3.97113932546563,3675.0,217.0,87.0,16.93548387096774,0.0458226203918457,-0.04458591341972351,-0.04458591341972351,-0.0532073974609375,1.256546046424162,0.0,-2.1410711529557034
Hard,4,40__F_Right_little_finger_Obl.BMP,data\SOCOFing\Altered\Altered-Hard\40__F_Right_little_finger_Obl.BMP,data\SOCOFing\Real\40__F_Right_little_finger.BMP,True,False,"sorted category file list, 8 evenly spaced indexes",DIRECT24-H1,3,M3 - Closing,M3,binary ridge map,selected binary ridge restoration branch,,0.6810811758041382,0.13257011771202087,0.13257011771202087,1.0,0.2775726318359375,190.0,122.0,18191.0,51.0,0.0,0.38771921396255493,2.803584189984058,3755.0,190.0,122.0,19.763157894736842,0.0,0.0,0.0,0.0047607421875,-1.1675551354815719,0.0,2.8276740237691023
Hard,4,40__F_Right_little_finger_Obl.BMP,data\SOCOFing\Altered\Altered-Hard\40__F_Right_little_finger_Obl.BMP,data\SOCOFing\Real\40__F_Right_little_finger.BMP,True,False,"sorted category file list, 8 evenly spaced indexes",DIRECT24-H1,4,M4 - Medial Axis,M4,skeleton,downstream thinning/feature extraction branch,,0.6810811758041382,0.13257011771202087,0.13257011771202087,1.0,0.0621795654296875,308.0,244.0,4075.0,51.0,25.0,0.3136196434497833,12.515337423312882,4075.0,308.0,244.0,13.230519480519481,0.0,0.0,0.0,-0.21539306640625,9.711753233328825,25.0,-6.532638414217361
Hard,5,48__F_Left_index_finger_Obl.BMP,data\SOCOFing\Altered\Altered-Hard\48__F_Left_index_finger_Obl.BMP,data\SOCOFing\Real\48__F_Left_index_finger.BMP,True,False,"sorted category file list, 8 evenly spaced indexes",DIRECT24-H1,0,Original Altered,input,grayscale,Original Altered image after P0 neutral handling,0.0,0.6989280581474304,0.1772633045911789,0.1772633045911789,1.0,0.362823486328125,185.0,89.0,23778.0,51.0,0.0,0.27655816078186035,2.144839767852637,4421.0,185.0,89.0,23.897297297297296,,,,,,,
Hard,5,48__F_Left_index_finger_Obl.BMP,data\SOCOFing\Altered\Altered-Hard\48__F_Left_index_finger_Obl.BMP,data\SOCOFing\Real\48__F_Left_index_finger.BMP,True,False,"sorted category file list, 8 evenly spaced indexes",DIRECT24-H1,1,M1 - CLAHE,M1,grayscale,selected from single-technique M1 evidence,0.005617199989501387,0.7508617639541626,0.20863768458366394,0.20863768458366394,1.0,0.37896728515625,195.0,93.0,24836.0,52.0,0.0,0.3569818139076233,2.0937349009502335,4834.0,195.0,93.0,24.78974358974359,0.05193370580673218,0.031374379992485046,0.031374379992485046,0.016143798828125,-0.05110486690240368,0.0,0.8924462924462944
Hard,5,48__F_Left_index_finger_Obl.BMP,data\SOCOFing\Altered\Altered-Hard\48__F_Left_index_finger_Obl.BMP,data\SOCOFing\Real\48__F_Left_index_finger.BMP,True,False,"sorted category file list, 8 evenly spaced indexes",DIRECT24-H1,2,M2 - Ordinary Gabor,M2,grayscale,selected from single-technique M2 evidence,0.9028934999951161,0.771378755569458,0.15416434407234192,0.15416434407234192,1.0,0.3332672119140625,218.0,63.0,21841.0,76.0,3.0,0.35694336891174316,3.4796941531981136,4558.0,218.0,63.0,20.908256880733944,0.02051699161529541,-0.05447334051132202,-0.05447334051132202,-0.0457000732421875,1.38595925224788,3.0,-3.8814867090096463
Hard,5,48__F_Left_index_finger_Obl.BMP,data\SOCOFing\Altered\Altered-Hard\48__F_Left_index_finger_Obl.BMP,data\SOCOFing\Real\48__F_Left_index_finger.BMP,True,False,"sorted category file list, 8 evenly spaced indexes",DIRECT24-H1,3,M3 - Closing,M3,binary ridge map,selected binary ridge restoration branch,,0.771378755569458,0.15416434407234192,0.15416434407234192,1.0,0.3424072265625,187.0,82.0,22440.0,57.0,3.0,0.37736186385154724,2.5401069518716577,4548.0,187.0,82.0,24.32085561497326,0.0,0.0,0.0,0.0091400146484375,-0.9395872013264559,0.0,3.4125987342393174
Hard,5,48__F_Left_index_finger_Obl.BMP,data\SOCOFing\Altered\Altered-Hard\48__F_Left_index_finger_Obl.BMP,data\SOCOFing\Real\48__F_Left_index_finger.BMP,True,False,"sorted category file list, 8 evenly spaced indexes",DIRECT24-H1,4,M4 - Medial Axis,M4,skeleton,downstream thinning/feature extraction branch,,0.771378755569458,0.15416434407234192,0.15416434407234192,1.0,0.076202392578125,365.0,258.0,4994.0,57.0,21.0,0.2999599575996399,11.413696435722867,4994.0,365.0,258.0,13.682191780821919,0.0,0.0,0.0,-0.266204833984375,8.873589483851209,18.0,-10.638663834151343
Hard,6,566__M_Left_middle_finger_Zcut.BMP,data\SOCOFing\Altered\Altered-Hard\566__M_Left_middle_finger_Zcut.BMP,data\SOCOFing\Real\566__M_Left_middle_finger.BMP,True,False,"sorted category file list, 8 evenly spaced indexes",DIRECT24-H1,0,Original Altered,input,grayscale,Original Altered image after P0 neutral handling,0.0,0.7534165382385254,0.20936381816864014,0.20936381816864014,1.0,0.3741302490234375,228.0,90.0,24519.0,68.0,0.0,0.36534932255744934,2.7733594355397857,5671.0,228.0,90.0,24.87280701754386,,,,,,,
Hard,6,566__M_Left_middle_finger_Zcut.BMP,data\SOCOFing\Altered\Altered-Hard\566__M_Left_middle_finger_Zcut.BMP,data\SOCOFing\Real\566__M_Left_middle_finger.BMP,True,False,"sorted category file list, 8 evenly spaced indexes",DIRECT24-H1,1,M1 - CLAHE,M1,grayscale,selected from single-technique M1 evidence,0.005394199979491532,0.7835589647293091,0.24823248386383057,0.24823248386383057,1.0,0.420013427734375,247.0,105.0,27526.0,67.0,0.0,0.45782169699668884,2.434062341059362,6231.0,247.0,105.0,25.22672064777328,0.03014242649078369,0.03886866569519043,0.03886866569519043,0.0458831787109375,-0.33929709448042367,0.0,0.353913630229421
Hard,6,566__M_Left_middle_finger_Zcut.BMP,data\SOCOFing\Altered\Altered-Hard\566__M_Left_middle_finger_Zcut.BMP,data\SOCOFing\Real\566__M_Left_middle_finger.BMP,True,False,"sorted category file list, 8 evenly spaced indexes",DIRECT24-H1,2,M2 - Ordinary Gabor,M2,grayscale,selected from single-technique M2 evidence,0.930616200028453,0.7937101721763611,0.18237635493278503,0.18237635493278503,1.0,0.37164306640625,281.0,72.0,24356.0,99.0,0.0,0.32008540630340576,4.064706848415175,5771.0,281.0,72.0,20.537366548042705,0.010151207447052002,-0.06585612893104553,-0.06585612893104553,-0.048370361328125,1.6306445073558127,0.0,-4.689354099730576
Hard,6,566__M_Left_middle_finger_Zcut.BMP,data\SOCOFing\Altered\Altered-Hard\566__M_Left_middle_finger_Zcut.BMP,data\SOCOFing\Real\566__M_Left_middle_finger.BMP,True,False,"sorted category file list, 8 evenly spaced indexes",DIRECT24-H1,3,M3 - Closing,M3,binary ridge map,selected binary ridge restoration branch,,0.7937101721763611,0.18237635493278503,0.18237635493278503,1.0,0.3813323974609375,245.0,109.0,24991.0,75.0,0.0,0.3744547963142395,3.0010803889400184,5798.0,245.0,109.0,23.66530612244898,0.0,0.0,0.0,0.0096893310546875,-1.0636264594751563,0.0,3.1279395744062732
Hard,6,566__M_Left_middle_finger_Zcut.BMP,data\SOCOFing\Altered\Altered-Hard\566__M_Left_middle_finger_Zcut.BMP,data\SOCOFing\Real\566__M_Left_middle_finger.BMP,True,False,"sorted category file list, 8 evenly spaced indexes",DIRECT24-H1,4,M4 - Medial Axis,M4,skeleton,downstream thinning/feature extraction branch,,0.7937101721763611,0.18237635493278503,0.18237635493278503,1.0,0.09375,385.0,256.0,6144.0,75.0,21.0,0.310546875,12.20703125,6144.0,385.0,256.0,15.958441558441558,0.0,0.0,0.0,-0.2875823974609375,9.205950861059982,21.0,-7.70686456400742
Hard,7,9__M_Right_thumb_finger_Zcut.BMP,data\SOCOFing\Altered\Altered-Hard\9__M_Right_thumb_finger_Zcut.BMP,data\SOCOFing\Real\9__M_Right_thumb_finger.BMP,True,False,"sorted category file list, 8 evenly spaced indexes",DIRECT24-H1,0,Original Altered,input,grayscale,Original Altered image after P0 neutral handling,0.0,0.7001280188560486,0.2355526089668274,0.2355526089668274,1.0,0.375152587890625,268.0,36.0,24586.0,110.0,2.0,0.2864231765270233,4.474090946066868,4485.0,268.0,36.0,16.73507462686567,,,,,,,
Hard,7,9__M_Right_thumb_finger_Zcut.BMP,data\SOCOFing\Altered\Altered-Hard\9__M_Right_thumb_finger_Zcut.BMP,data\SOCOFing\Real\9__M_Right_thumb_finger.BMP,True,False,"sorted category file list, 8 evenly spaced indexes",DIRECT24-H1,1,M1 - CLAHE,M1,grayscale,selected from single-technique M1 evidence,0.005348199978470802,0.7419900298118591,0.24290698766708374,0.24290698766708374,1.0,0.4032135009765625,266.0,51.0,26425.0,100.0,0.0,0.35553452372550964,3.7842951750236518,4687.0,266.0,51.0,17.6203007518797,0.04186201095581055,0.007354378700256348,0.007354378700256348,0.0280609130859375,-0.6897957710432161,-2.0,0.8852261250140288
Hard,7,9__M_Right_thumb_finger_Zcut.BMP,data\SOCOFing\Altered\Altered-Hard\9__M_Right_thumb_finger_Zcut.BMP,data\SOCOFing\Real\9__M_Right_thumb_finger.BMP,True,False,"sorted category file list, 8 evenly spaced indexes",DIRECT24-H1,2,M2 - Ordinary Gabor,M2,grayscale,selected from single-technique M2 evidence,0.9150420999503694,0.7535419464111328,0.18065819144248962,0.18065819144248962,1.0,0.35980224609375,274.0,35.0,23580.0,113.0,2.0,0.3120865225791931,4.792196776929602,4485.0,274.0,35.0,16.368613138686133,0.011551916599273682,-0.062248796224594116,-0.062248796224594116,-0.0434112548828125,1.0079016019059504,2.0,-1.2516876131935675
Hard,7,9__M_Right_thumb_finger_Zcut.BMP,data\SOCOFing\Altered\Altered-Hard\9__M_Right_thumb_finger_Zcut.BMP,data\SOCOFing\Real\9__M_Right_thumb_finger.BMP,True,False,"sorted category file list, 8 evenly spaced indexes",DIRECT24-H1,3,M3 - Closing,M3,binary ridge map,selected binary ridge restoration branch,,0.7535419464111328,0.18065819144248962,0.18065819144248962,1.0,0.3652496337890625,237.0,59.0,23937.0,88.0,1.0,0.3120273947715759,3.676316998788486,4514.0,237.0,59.0,19.046413502109704,0.0,0.0,0.0,0.0054473876953125,-1.115879778141116,-1.0,2.6778003634235716
Hard,7,9__M_Right_thumb_finger_Zcut.BMP,data\SOCOFing\Altered\Altered-Hard\9__M_Right_thumb_finger_Zcut.BMP,data\SOCOFing\Real\9__M_Right_thumb_finger.BMP,True,False,"sorted category file list, 8 evenly spaced indexes",DIRECT24-H1,4,M4 - Medial Axis,M4,skeleton,downstream thinning/feature extraction branch,,0.7535419464111328,0.18065819144248962,0.18065819144248962,1.0,0.075347900390625,362.0,185.0,4938.0,88.0,34.0,0.27926287055015564,17.820980153908465,4938.0,362.0,185.0,13.640883977900552,0.0,0.0,0.0,-0.2899017333984375,14.144663155119979,33.0,-5.405529524209152
