file,location,old_statement,action,new_status
Fingerprint_Enhancement_System.ipynb,character 1534,Member 1 | M1 - Wiener + CLAHE,replaced in final presentation material,Member 1 = OpenCV Non-Local Means; CLAHE = baseline
Fingerprint_Enhancement_System.ipynb,character 7852,"M1_LABEL = \""M1 - Wiener + CLAHE",replaced in final presentation material,Member 1 = OpenCV Non-Local Means; CLAHE = baseline
Fingerprint_Enhancement_System.ipynb,character 8153,"M1_PROPOSED_LABEL = \""M1 Proposed - Wavelet + Wiener",replaced in final presentation material,Member 1 = OpenCV Non-Local Means; CLAHE = baseline
Fingerprint_Enhancement_System.ipynb,character 9765,"M1 CLAHE baseline\"": CLAHE",replaced in final presentation material,Member 1 = OpenCV Non-Local Means; CLAHE = baseline
Fingerprint_Enhancement_System.ipynb,character 9823,M1 Wiener + CLAHE,replaced in final presentation material,Member 1 = OpenCV Non-Local Means; CLAHE = baseline
Fingerprint_Enhancement_System.ipynb,character 17853,M1 - Wiener + CLAHE,replaced in final presentation material,Member 1 = OpenCV Non-Local Means; CLAHE = baseline
Fingerprint_Enhancement_System.ipynb,character 18195,"M1 - Wiener + CLAHE Enhancement:** Member 1 final methodology, where Wiener",replaced in final presentation material,Member 1 = OpenCV Non-Local Means; CLAHE = baseline
Fingerprint_Enhancement_System.ipynb,character 19683,Member 1 final method: Wiener restoration followed by CLAHE,replaced in final presentation material,Member 1 = OpenCV Non-Local Means; CLAHE = baseline
Fingerprint_Enhancement_System.ipynb,character 20055,M1_LABEL: member1_wiener_clahe,replaced in final presentation material,Member 1 = OpenCV Non-Local Means; CLAHE = baseline
Fingerprint_Enhancement_System.ipynb,character 29884,M1 - Wiener + CLAHE,replaced in final presentation material,Member 1 = OpenCV Non-Local Means; CLAHE = baseline
Fingerprint_Enhancement_System.ipynb,character 74393,"M1_LABEL], \""M1 - Wiener + CLAHE",replaced in final presentation material,Member 1 = OpenCV Non-Local Means; CLAHE = baseline
Fingerprint_Enhancement_System.ipynb,character 141909,M1 - Wiener + CLAHE,replaced in final presentation material,Member 1 = OpenCV Non-Local Means; CLAHE = baseline
README_FIRST.md,character 3440,Member 1 | Section 4: M1 - Wiener + CLAHE,replaced in final presentation material,Member 1 = OpenCV Non-Local Means; CLAHE = baseline
Fingerprint_Enhancement_System.py,pre-change exported core (multiple labels/comments),M1 - Wiener + CLAHE Enhancement and legacy member allocation,replaced by consolidated final core,Member 1 = OpenCV Non-Local Means; structural analysis separated
