Image,Seed,Stage order,Stage,Parameters,PSNR before (dB),PSNR after (dB),Delta PSNR (dB),MSE after,MSE_255_equivalent after,SSIM after
34__M_Right_ring_finger.BMP,20260902,0,clean_reference,{},inf,inf,,0.0,0.0,1.0
34__M_Right_ring_finger.BMP,20260902,1,blur,"{""blur_sigma"": 1.34}",inf,20.87844534616012,,0.00816874737534692,531.1727980819335,0.8252566654696465
34__M_Right_ring_finger.BMP,20260902,2,low_contrast_illumination,"{""contrast_scale"": 0.681, ""illumination_amplitude"": 0.08800000000000001}",20.87844534616012,15.932821482175552,-4.945623863984569,0.025510434270863663,1658.8159884629097,0.6548784053044701
34__M_Right_ring_finger.BMP,20260902,3,gaussian_noise,"{""gaussian_noise_sigma"": 0.04825}",15.932821482175552,15.568122739317333,-0.36469874285821824,0.027745191459441793,1804.1310746502027,0.49308067826122465
34__M_Right_ring_finger.BMP,20260902,4,salt_pepper_noise,"{""pepper_probability"": 0.0008250000000000001, ""salt_probability"": 0.0008250000000000001}",15.568122739317333,15.521622318024956,-0.04650042129237697,0.02804385856831236,1823.5519034045112,0.48910773594078305
34__M_Right_ring_finger.BMP,20260902,5,smudge_occlusion,"{""smudge_centre"": [124, 125], ""smudge_radii"": [4, 14], ""smudge_rotation"": 0.3811823080135235, ""smudge_sigma"": 4.1}",15.521622318024956,15.50969673286643,-0.01192558515852582,0.028120971918345297,1828.5661989904029,0.4877266306596182
12__M_Left_middle_finger.BMP,20260903,0,clean_reference,{},inf,inf,,0.0,0.0,1.0
12__M_Left_middle_finger.BMP,20260903,1,blur,"{""blur_sigma"": 1.34}",inf,20.99605090485985,,0.00795050856018377,516.9818191259495,0.8103026313125491
12__M_Left_middle_finger.BMP,20260903,2,low_contrast_illumination,"{""contrast_scale"": 0.681, ""illumination_amplitude"": 0.08800000000000001}",20.99605090485985,15.92687906451751,-5.0691718403423405,0.025545363891415148,1661.08728703927,0.6198254414171409
12__M_Left_middle_finger.BMP,20260903,3,gaussian_noise,"{""gaussian_noise_sigma"": 0.04825}",15.92687906451751,15.55093236561202,-0.37594669890548893,0.027855230940847922,1811.2863919286362,0.4926848733330993
12__M_Left_middle_finger.BMP,20260903,4,salt_pepper_noise,"{""pepper_probability"": 0.0008250000000000001, ""salt_probability"": 0.0008250000000000001}",15.55093236561202,15.45915599253436,-0.09177637307766062,0.02845013953455862,1849.9703232346742,0.48536663726024937
12__M_Left_middle_finger.BMP,20260903,5,smudge_occlusion,"{""smudge_centre"": [133, 145], ""smudge_radii"": [4, 14], ""smudge_rotation"": 0.2618691489085092, ""smudge_sigma"": 4.1}",15.45915599253436,15.455581780107295,-0.0035742124270647935,0.028473563432804463,1851.4934622181102,0.4842986706164093
379__F_Left_ring_finger.BMP,20260904,0,clean_reference,{},inf,inf,,0.0,0.0,1.0
379__F_Left_ring_finger.BMP,20260904,1,blur,"{""blur_sigma"": 1.34}",inf,21.21394470916503,,0.007561457736483611,491.6837893148468,0.8400020848200023
379__F_Left_ring_finger.BMP,20260904,2,low_contrast_illumination,"{""contrast_scale"": 0.681, ""illumination_amplitude"": 0.08800000000000001}",21.21394470916503,15.610205892042643,-5.603738817122387,0.027477638829394496,1786.733464881377,0.6969581862621139
379__F_Left_ring_finger.BMP,20260904,3,gaussian_noise,"{""gaussian_noise_sigma"": 0.04825}",15.610205892042643,15.278788709363674,-0.3314171826789689,0.029656584259057643,1928.4193914452233,0.49936618981315756
379__F_Left_ring_finger.BMP,20260904,4,salt_pepper_noise,"{""pepper_probability"": 0.0008250000000000001, ""salt_probability"": 0.0008250000000000001}",15.278788709363674,15.213681582936236,-0.06510712642743854,0.03010452933678133,1957.547020124206,0.4937329194762029
379__F_Left_ring_finger.BMP,20260904,5,smudge_occlusion,"{""smudge_centre"": [129, 111], ""smudge_radii"": [4, 14], ""smudge_rotation"": 0.5762953569165157, ""smudge_sigma"": 4.1}",15.213681582936236,15.204782970547594,-0.008898612388641425,0.030166276189601188,1961.5621092288172,0.49236928193472257
216__M_Right_ring_finger.BMP,20260905,0,clean_reference,{},inf,inf,,0.0,0.0,1.0
216__M_Right_ring_finger.BMP,20260905,1,blur,"{""blur_sigma"": 1.34}",inf,21.02770277374345,,0.007892775002055605,513.2276945086658,0.8262267597071826
216__M_Right_ring_finger.BMP,20260905,2,low_contrast_illumination,"{""contrast_scale"": 0.681, ""illumination_amplitude"": 0.08800000000000001}",21.02770277374345,15.857182982901655,-5.170519790841794,0.025958626020689934,1687.959656995363,0.6419036016532499
216__M_Right_ring_finger.BMP,20260905,3,gaussian_noise,"{""gaussian_noise_sigma"": 0.04825}",15.857182982901655,15.493566029218051,-0.3636169536836036,0.02822561393787499,1835.3705463103213,0.45586121583495054
216__M_Right_ring_finger.BMP,20260905,4,salt_pepper_noise,"{""pepper_probability"": 0.0008250000000000001, ""salt_probability"": 0.0008250000000000001}",15.493566029218051,15.378961715707039,-0.11460431351101263,0.028980363494312718,1884.4481362176846,0.448245446422093
216__M_Right_ring_finger.BMP,20260905,5,smudge_occlusion,"{""smudge_centre"": [118, 137], ""smudge_radii"": [4, 14], ""smudge_rotation"": 0.583131092375345, ""smudge_sigma"": 4.1}",15.378961715707039,15.37293228912003,-0.006029426587009112,0.02902062565103205,1887.066182958359,0.44726748875231337
598__M_Right_little_finger.BMP,20260906,0,clean_reference,{},inf,inf,,0.0,0.0,1.0
598__M_Right_little_finger.BMP,20260906,1,blur,"{""blur_sigma"": 1.34}",inf,20.155406703027786,,0.009648489525260817,627.3930313800847,0.8538515761977136
598__M_Right_little_finger.BMP,20260906,2,low_contrast_illumination,"{""contrast_scale"": 0.681, ""illumination_amplitude"": 0.08800000000000001}",20.155406703027786,15.469788639670575,-4.685618063357211,0.028380571462675752,1845.4466593604907,0.7002971514006759
598__M_Right_little_finger.BMP,20260906,3,gaussian_noise,"{""gaussian_noise_sigma"": 0.04825}",15.469788639670575,15.129605391402709,-0.3401832482678664,0.030693008584974563,1995.812883237971,0.5579981400080086
598__M_Right_little_finger.BMP,20260906,4,salt_pepper_noise,"{""pepper_probability"": 0.0008250000000000001, ""salt_probability"": 0.0008250000000000001}",15.129605391402709,15.057045701267649,-0.07255969013506025,0.03121011938074269,2029.4380127327934,0.5524402818811899
598__M_Right_little_finger.BMP,20260906,5,smudge_occlusion,"{""smudge_centre"": [123, 153], ""smudge_radii"": [4, 14], ""smudge_rotation"": -0.7585984016835685, ""smudge_sigma"": 4.1}",15.057045701267649,15.033783437633481,-0.023262263634167724,0.031377739723450294,2040.3375255173555,0.5506983662889069
241__M_Right_thumb_finger.BMP,20260907,0,clean_reference,{},inf,inf,,0.0,0.0,1.0
241__M_Right_thumb_finger.BMP,20260907,1,blur,"{""blur_sigma"": 1.34}",inf,23.109656263052912,,0.004886910369048458,317.77134674737596,0.8748621966021061
241__M_Right_thumb_finger.BMP,20260907,2,low_contrast_illumination,"{""contrast_scale"": 0.681, ""illumination_amplitude"": 0.08800000000000001}",23.109656263052912,15.966206764776418,-7.143449498276494,0.025315081128041518,1646.1131503508998,0.6338946481327321
241__M_Right_thumb_finger.BMP,20260907,3,gaussian_noise,"{""gaussian_noise_sigma"": 0.04825}",15.966206764776418,15.58717570099966,-0.37903106377675755,0.027623736959843843,1796.233495813846,0.4899898394974605
241__M_Right_thumb_finger.BMP,20260907,4,salt_pepper_noise,"{""pepper_probability"": 0.0008250000000000001, ""salt_probability"": 0.0008250000000000001}",15.58717570099966,15.489402409891383,-0.09777329110827715,0.028252687057307563,1837.1309759014243,0.48320063609050096
241__M_Right_thumb_finger.BMP,20260907,5,smudge_occlusion,"{""smudge_centre"": [110, 109], ""smudge_radii"": [4, 14], ""smudge_rotation"": 0.19728556817642373, ""smudge_sigma"": 4.1}",15.489402409891383,15.481092428154298,-0.008309981737085081,0.02830679874537431,1840.6495884179644,0.4820605593067247
318__F_Left_little_finger.BMP,20260908,0,clean_reference,{},inf,inf,,0.0,0.0,1.0
318__F_Left_little_finger.BMP,20260908,1,blur,"{""blur_sigma"": 1.34}",inf,21.837405689980677,,0.006550273456376788,425.93153150090063,0.8650611391929388
318__F_Left_little_finger.BMP,20260908,2,low_contrast_illumination,"{""contrast_scale"": 0.681, ""illumination_amplitude"": 0.08800000000000001}",21.837405689980677,15.774735262446615,-6.062670427534062,0.02645613961341432,1720.310478362266,0.7400237799917553
318__F_Left_little_finger.BMP,20260908,3,gaussian_noise,"{""gaussian_noise_sigma"": 0.04825}",15.774735262446615,15.408653636821956,-0.36608162562465907,0.028782905798433796,1871.6084495431576,0.4986402496455149
318__F_Left_little_finger.BMP,20260908,4,salt_pepper_noise,"{""pepper_probability"": 0.0008250000000000001, ""salt_probability"": 0.0008250000000000001}",15.408653636821956,15.314045235709191,-0.09460840111276525,0.029416803293245128,1912.8276341432645,0.4911257055480585
318__F_Left_little_finger.BMP,20260908,5,smudge_occlusion,"{""smudge_centre"": [126, 108], ""smudge_radii"": [4, 14], ""smudge_rotation"": 0.7686057593628246, ""smudge_sigma"": 4.1}",15.314045235709191,15.303802060723804,-0.010243174985387071,0.029486267009885957,1917.3445123178344,0.4898543747742504
533__M_Left_thumb_finger.BMP,20260909,0,clean_reference,{},inf,inf,,0.0,0.0,1.0
533__M_Left_thumb_finger.BMP,20260909,1,blur,"{""blur_sigma"": 1.34}",inf,21.704119266577443,,0.0067544201729263335,439.2061717445348,0.8789196580275596
533__M_Left_thumb_finger.BMP,20260909,2,low_contrast_illumination,"{""contrast_scale"": 0.681, ""illumination_amplitude"": 0.08800000000000001}",21.704119266577443,16.224061440427064,-5.480057826150379,0.02385579290469822,1551.2229336280016,0.7173227690994423
533__M_Left_thumb_finger.BMP,20260909,3,gaussian_noise,"{""gaussian_noise_sigma"": 0.04825}",16.224061440427064,15.816056711753602,-0.40800472867346294,0.026205613342665385,1704.0200076068165,0.5808059998194994
533__M_Left_thumb_finger.BMP,20260909,4,salt_pepper_noise,"{""pepper_probability"": 0.0008250000000000001, ""salt_probability"": 0.0008250000000000001}",15.816056711753602,15.742774093463412,-0.07328261829018956,0.026651557294865375,1733.0175130986208,0.5753531859415469
533__M_Left_thumb_finger.BMP,20260909,5,smudge_occlusion,"{""smudge_centre"": [130, 127], ""smudge_radii"": [4, 14], ""smudge_rotation"": -0.21580648438529304, ""smudge_sigma"": 4.1}",15.742774093463412,15.72693185015237,-0.01584224331104167,0.026748954683141084,1739.350778271249,0.5739238040406851
352__M_Left_ring_finger.BMP,20260910,0,clean_reference,{},inf,inf,,0.0,0.0,1.0
352__M_Left_ring_finger.BMP,20260910,1,blur,"{""blur_sigma"": 1.34}",inf,20.225475411353784,,0.009494070642866044,617.3519435523646,0.8420817545990944
352__M_Left_ring_finger.BMP,20260910,2,low_contrast_illumination,"{""contrast_scale"": 0.681, ""illumination_amplitude"": 0.08800000000000001}",20.225475411353784,15.463412493266347,-4.762062918087437,0.028422269340402893,1848.1580638596981,0.6898284937688429
352__M_Left_ring_finger.BMP,20260910,3,gaussian_noise,"{""gaussian_noise_sigma"": 0.04825}",15.463412493266347,15.129042001444695,-0.3343704918216517,0.030696990503972146,1996.0718075207888,0.5472175990566486
352__M_Left_ring_finger.BMP,20260910,4,salt_pepper_noise,"{""pepper_probability"": 0.0008250000000000001, ""salt_probability"": 0.0008250000000000001}",15.129042001444695,15.043245945385216,-0.08579605605947904,0.031309447609904194,2035.8968308340202,0.539743431619612
352__M_Left_ring_finger.BMP,20260910,5,smudge_occlusion,"{""smudge_centre"": [139, 107], ""smudge_radii"": [4, 14], ""smudge_rotation"": -0.35640753310282264, ""smudge_sigma"": 4.1}",15.043245945385216,15.025846348653536,-0.017399596731680234,0.031435137558108416,2044.0698197159995,0.538182710636524
399__M_Right_ring_finger.BMP,20260911,0,clean_reference,{},inf,inf,,0.0,0.0,1.0
399__M_Right_ring_finger.BMP,20260911,1,blur,"{""blur_sigma"": 1.34}",inf,25.306800413597877,,0.0029465916826981876,191.60212416744966,0.8694595498792231
399__M_Right_ring_finger.BMP,20260911,2,low_contrast_illumination,"{""contrast_scale"": 0.681, ""illumination_amplitude"": 0.08800000000000001}",25.306800413597877,17.506734574731986,-7.8000658388658906,0.017755239813236994,1154.5344688557354,0.741832645033557
399__M_Right_ring_finger.BMP,20260911,3,gaussian_noise,"{""gaussian_noise_sigma"": 0.04825}",17.506734574731986,16.976871356067257,-0.5298632186647296,0.0200591656303295,1304.3472451121756,0.45536946026205505
399__M_Right_ring_finger.BMP,20260911,4,salt_pepper_noise,"{""pepper_probability"": 0.0008250000000000001, ""salt_probability"": 0.0008250000000000001}",16.976871356067257,16.873860353578813,-0.10301100248844364,0.020540639694171726,1335.6550961135165,0.4477716136355016
399__M_Right_ring_finger.BMP,20260911,5,smudge_occlusion,"{""smudge_centre"": [130, 152], ""smudge_radii"": [4, 14], ""smudge_rotation"": 0.2940138485807988, ""smudge_sigma"": 4.1}",16.873860353578813,16.874114419273226,0.0002540656944134412,0.02053943808571021,1335.5769615233064,0.4475571759082887
576__M_Left_middle_finger.BMP,20260912,0,clean_reference,{},inf,inf,,0.0,0.0,1.0
576__M_Left_middle_finger.BMP,20260912,1,blur,"{""blur_sigma"": 1.34}",inf,19.33588080085376,,0.01165230704227808,757.6912654241321,0.7771187733087838
576__M_Left_middle_finger.BMP,20260912,2,low_contrast_illumination,"{""contrast_scale"": 0.681, ""illumination_amplitude"": 0.08800000000000001}",19.33588080085376,15.627249874885232,-3.7086309259685297,0.02737001355606792,1779.7351314833165,0.599542252450211
576__M_Left_middle_finger.BMP,20260912,3,gaussian_noise,"{""gaussian_noise_sigma"": 0.04825}",15.627249874885232,15.27563829165922,-0.3516115832260116,0.029678105261044127,1929.8187945993943,0.5245709194172528
576__M_Left_middle_finger.BMP,20260912,4,salt_pepper_noise,"{""pepper_probability"": 0.0008250000000000001, ""salt_probability"": 0.0008250000000000001}",15.27563829165922,15.20040573156347,-0.07523256009575086,0.030196696001930926,1963.5401575255585,0.5199779653289239
576__M_Left_middle_finger.BMP,20260912,5,smudge_occlusion,"{""smudge_centre"": [141, 109], ""smudge_radii"": [4, 14], ""smudge_rotation"": 0.4947678239569093, ""smudge_sigma"": 4.1}",15.20040573156347,15.193074622959168,-0.007331108604301306,0.030247712585967926,1966.8575109025644,0.5186902022175714
506__M_Right_ring_finger.BMP,20260913,0,clean_reference,{},inf,inf,,0.0,0.0,1.0
506__M_Right_ring_finger.BMP,20260913,1,blur,"{""blur_sigma"": 1.34}",inf,21.301520036457102,,0.007410508271317883,481.86830034244537,0.8685048131708801
506__M_Right_ring_finger.BMP,20260913,2,low_contrast_illumination,"{""contrast_scale"": 0.681, ""illumination_amplitude"": 0.08800000000000001}",21.301520036457102,15.867421587637114,-5.434098448819988,0.02589749996989426,1683.9849355423742,0.6860362104923948
506__M_Right_ring_finger.BMP,20260913,3,gaussian_noise,"{""gaussian_noise_sigma"": 0.04825}",15.867421587637114,15.48840696098555,-0.37901462665156416,0.028259163614346123,1837.5521140228566,0.5491153825401981
506__M_Right_ring_finger.BMP,20260913,4,salt_pepper_noise,"{""pepper_probability"": 0.0008250000000000001, ""salt_probability"": 0.0008250000000000001}",15.48840696098555,15.39936476403039,-0.08904219695516069,0.02884453376904896,1875.6158083324085,0.5424558782351815
506__M_Right_ring_finger.BMP,20260913,5,smudge_occlusion,"{""smudge_centre"": [119, 129], ""smudge_radii"": [4, 14], ""smudge_rotation"": -0.28711166941903454, ""smudge_sigma"": 4.1}",15.39936476403039,15.390964511604357,-0.00840025242603204,0.02890037971212939,1879.2471907812137,0.5415690028117687
559__M_Right_index_finger.BMP,20261902,0,clean_reference,{},inf,inf,,0.0,0.0,1.0
559__M_Right_index_finger.BMP,20261902,1,blur,"{""blur_sigma"": 1.34}",inf,20.565512061692214,,0.008779075699307201,570.8593973474507,0.8631298993919789
559__M_Right_index_finger.BMP,20261902,2,low_contrast_illumination,"{""contrast_scale"": 0.681, ""illumination_amplitude"": 0.08800000000000001}",20.565512061692214,15.303763486695267,-5.261748574996947,0.029486528908022752,1917.3615422441794,0.7021151612766664
559__M_Right_index_finger.BMP,20261902,3,gaussian_noise,"{""gaussian_noise_sigma"": 0.04825}",15.303763486695267,14.980443919913828,-0.32331956678143925,0.031765493588129426,2065.551220568116,0.580809972318165
559__M_Right_index_finger.BMP,20261902,4,salt_pepper_noise,"{""pepper_probability"": 0.0008250000000000001, ""salt_probability"": 0.0008250000000000001}",14.980443919913828,14.8951803356929,-0.08526358422092883,0.03239529703881921,2106.504189949219,0.5736949998649045
559__M_Right_index_finger.BMP,20261902,5,smudge_occlusion,"{""smudge_centre"": [121, 134], ""smudge_radii"": [4, 14], ""smudge_rotation"": 0.04494953391922196, ""smudge_sigma"": 4.1}",14.8951803356929,14.870176166818167,-0.025004168874732002,0.03258234840598075,2118.667205098898,0.5718624183908628
52__M_Right_little_finger.BMP,20261903,0,clean_reference,{},inf,inf,,0.0,0.0,1.0
52__M_Right_little_finger.BMP,20261903,1,blur,"{""blur_sigma"": 1.34}",inf,25.27682255521237,,0.00296700135379697,192.92926303064795,0.8598024065466225
52__M_Right_little_finger.BMP,20261903,2,low_contrast_illumination,"{""contrast_scale"": 0.681, ""illumination_amplitude"": 0.08800000000000001}",25.27682255521237,18.174819789123113,-7.102002766089257,0.015223623021273038,989.9160869582793,0.7143695160671891
52__M_Right_little_finger.BMP,20261903,3,gaussian_noise,"{""gaussian_noise_sigma"": 0.04825}",18.174819789123113,17.56888528072723,-0.6059345083958831,0.017502958857162864,1138.1298996870153,0.4967940470406834
52__M_Right_little_finger.BMP,20261903,4,salt_pepper_noise,"{""pepper_probability"": 0.0008250000000000001, ""salt_probability"": 0.0008250000000000001}",17.56888528072723,17.437038886401055,-0.13184639432617473,0.01804247496495505,1173.2119345962021,0.4865657526190946
52__M_Right_little_finger.BMP,20261903,5,smudge_occlusion,"{""smudge_centre"": [113, 140], ""smudge_radii"": [4, 14], ""smudge_rotation"": -0.2929341148836365, ""smudge_sigma"": 4.1}",17.437038886401055,17.430807577350112,-0.006231309050942713,0.018068381104111013,1174.8964812948186,0.4857262128707836
384__F_Left_middle_finger.BMP,20261904,0,clean_reference,{},inf,inf,,0.0,0.0,1.0
384__F_Left_middle_finger.BMP,20261904,1,blur,"{""blur_sigma"": 1.34}",inf,20.365631292326288,,0.009192568415219725,597.7467611996626,0.8158251627093553
384__F_Left_middle_finger.BMP,20261904,2,low_contrast_illumination,"{""contrast_scale"": 0.681, ""illumination_amplitude"": 0.08800000000000001}",20.365631292326288,15.690939250582822,-4.674692041743466,0.026971560542394017,1753.825724269171,0.6614580425867327
384__F_Left_middle_finger.BMP,20261904,3,gaussian_noise,"{""gaussian_noise_sigma"": 0.04825}",15.690939250582822,15.334735453344068,-0.35620379723875395,0.029276992041545435,1903.736407501492,0.5252408948708558
384__F_Left_middle_finger.BMP,20261904,4,salt_pepper_noise,"{""pepper_probability"": 0.0008250000000000001, ""salt_probability"": 0.0008250000000000001}",15.334735453344068,15.250091058383099,-0.08464439496096965,0.029853200251536628,1941.2043463561693,0.5181875148687692
384__F_Left_middle_finger.BMP,20261904,5,smudge_occlusion,"{""smudge_centre"": [154, 125], ""smudge_radii"": [4, 14], ""smudge_rotation"": 0.5620120646686966, ""smudge_sigma"": 4.1}",15.250091058383099,15.242529748680504,-0.007561309702595054,0.029905221614892376,1944.5870355083769,0.5170253177700894
410__M_Right_ring_finger.BMP,20261905,0,clean_reference,{},inf,inf,,0.0,0.0,1.0
410__M_Right_ring_finger.BMP,20261905,1,blur,"{""blur_sigma"": 1.34}",inf,20.359171948919116,,0.009206250867458621,598.6364626564969,0.8137540505437255
410__M_Right_ring_finger.BMP,20261905,2,low_contrast_illumination,"{""contrast_scale"": 0.681, ""illumination_amplitude"": 0.08800000000000001}",20.359171948919116,15.941379564220002,-4.417792384699114,0.025460213641347044,1655.5503920285914,0.646792050808439
410__M_Right_ring_finger.BMP,20261905,3,gaussian_noise,"{""gaussian_noise_sigma"": 0.04825}",15.941379564220002,15.560389308052983,-0.38099025616701887,0.027794641012828008,1807.3465318591414,0.4889275930682188
410__M_Right_ring_finger.BMP,20261905,4,salt_pepper_noise,"{""pepper_probability"": 0.0008250000000000001, ""salt_probability"": 0.0008250000000000001}",15.560389308052983,15.482263834770508,-0.07812547328247454,0.0282991646857165,1840.1531836887154,0.48376602211389086
410__M_Right_ring_finger.BMP,20261905,5,smudge_occlusion,"{""smudge_centre"": [147, 136], ""smudge_radii"": [4, 14], ""smudge_rotation"": 0.4416732898026947, ""smudge_sigma"": 4.1}",15.482263834770508,15.474863896183976,-0.0073999385865324285,0.02834742470267057,1843.2912912911538,0.4825754840662605
337__F_Right_index_finger.BMP,20261906,0,clean_reference,{},inf,inf,,0.0,0.0,1.0
337__F_Right_index_finger.BMP,20261906,1,blur,"{""blur_sigma"": 1.34}",inf,21.235480948742218,,0.007524054022740147,489.25161282867805,0.8795308849109411
337__F_Right_index_finger.BMP,20261906,2,low_contrast_illumination,"{""contrast_scale"": 0.681, ""illumination_amplitude"": 0.08800000000000001}",21.235480948742218,15.54334789820218,-5.692133050540038,0.027903919488523596,1814.4523647412468,0.7172371962876748
337__F_Right_index_finger.BMP,20261906,3,gaussian_noise,"{""gaussian_noise_sigma"": 0.04825}",15.54334789820218,15.196266355031193,-0.3470815431709866,0.0302254909986885,1965.4125521897197,0.5876555129479747
337__F_Right_index_finger.BMP,20261906,4,salt_pepper_noise,"{""pepper_probability"": 0.0008250000000000001, ""salt_probability"": 0.0008250000000000001}",15.196266355031193,15.101874947326428,-0.09439140770476584,0.03088961570157598,2008.5972609949781,0.5808841661171354
337__F_Right_index_finger.BMP,20261906,5,smudge_occlusion,"{""smudge_centre"": [124, 128], ""smudge_radii"": [4, 14], ""smudge_rotation"": 0.09244727085695315, ""smudge_sigma"": 4.1}",15.101874947326428,15.088085269217428,-0.013789678108999226,0.03098785199981144,2014.9850762877388,0.5794915281009264
74__F_Right_ring_finger.BMP,20261907,0,clean_reference,{},inf,inf,,0.0,0.0,1.0
74__F_Right_ring_finger.BMP,20261907,1,blur,"{""blur_sigma"": 1.34}",inf,19.94282400015833,,0.010132523040976208,658.8673107394778,0.8023668915319294
74__F_Right_ring_finger.BMP,20261907,2,low_contrast_illumination,"{""contrast_scale"": 0.681, ""illumination_amplitude"": 0.08800000000000001}",19.94282400015833,15.627767215252868,-4.31505678490546,0.0273667533788983,1779.5231384628619,0.6430092975358348
74__F_Right_ring_finger.BMP,20261907,3,gaussian_noise,"{""gaussian_noise_sigma"": 0.04825}",15.627767215252868,15.280764175726837,-0.3470030395260313,0.029643097497249984,1927.5424147586803,0.5162591771563901
74__F_Right_ring_finger.BMP,20261907,4,salt_pepper_noise,"{""pepper_probability"": 0.0008250000000000001, ""salt_probability"": 0.0008250000000000001}",15.280764175726837,15.197795108761813,-0.08296906696502404,0.03021485323967584,1964.7208319099216,0.5100945699261783
74__F_Right_ring_finger.BMP,20261907,5,smudge_occlusion,"{""smudge_centre"": [133, 145], ""smudge_radii"": [4, 14], ""smudge_rotation"": -0.6794130209225326, ""smudge_sigma"": 4.1}",15.197795108761813,15.19206262144968,-0.005732487312133827,0.03025476178848708,1967.3158852963725,0.5091002439456491
296__M_Left_index_finger.BMP,20261908,0,clean_reference,{},inf,inf,,0.0,0.0,1.0
296__M_Left_index_finger.BMP,20261908,1,blur,"{""blur_sigma"": 1.34}",inf,22.035327062822773,,0.006258457303318061,406.95618614825696,0.8996425654438734
296__M_Left_index_finger.BMP,20261908,2,low_contrast_illumination,"{""contrast_scale"": 0.681, ""illumination_amplitude"": 0.08800000000000001}",22.035327062822773,15.722540281769767,-6.312786781053006,0.02677601679907929,1741.1104923601308,0.7476173147084965
296__M_Left_index_finger.BMP,20261908,3,gaussian_noise,"{""gaussian_noise_sigma"": 0.04825}",15.722540281769767,15.368050958306494,-0.3544893234632731,0.029053262242147514,1889.188377295642,0.5937097554689925
296__M_Left_index_finger.BMP,20261908,4,salt_pepper_noise,"{""pepper_probability"": 0.0008250000000000001, ""salt_probability"": 0.0008250000000000001}",15.368050958306494,15.273392278775162,-0.09465867953133156,0.029693457665675604,1930.8170847105562,0.5864347918241927
296__M_Left_index_finger.BMP,20261908,5,smudge_occlusion,"{""smudge_centre"": [141, 142], ""smudge_radii"": [4, 14], ""smudge_rotation"": -0.613982757953084, ""smudge_sigma"": 4.1}",15.273392278775162,15.255426905928907,-0.017965372846255434,0.029816544406964463,1938.8208000628642,0.5849866503861406
103__F_Left_middle_finger.BMP,20261909,0,clean_reference,{},inf,inf,,0.0,0.0,1.0
103__F_Left_middle_finger.BMP,20261909,1,blur,"{""blur_sigma"": 1.34}",inf,20.405655034986523,,0.009108240646983734,592.2633480701173,0.8163260487805307
103__F_Left_middle_finger.BMP,20261909,2,low_contrast_illumination,"{""contrast_scale"": 0.681, ""illumination_amplitude"": 0.08800000000000001}",20.405655034986523,16.126467995684386,-4.279187039302137,0.024397942330631382,1586.4762000493056,0.6510843457202921
103__F_Left_middle_finger.BMP,20261909,3,gaussian_noise,"{""gaussian_noise_sigma"": 0.04825}",16.126467995684386,15.738240049976147,-0.3882279457082394,0.02667939610586221,1734.82773178369,0.5234701293973858
103__F_Left_middle_finger.BMP,20261909,4,salt_pepper_noise,"{""pepper_probability"": 0.0008250000000000001, ""salt_probability"": 0.0008250000000000001}",15.738240049976147,15.628507169268072,-0.10973288070807463,0.027362091009268695,1779.219967877697,0.5162686022776987
103__F_Left_middle_finger.BMP,20261909,5,smudge_occlusion,"{""smudge_centre"": [135, 111], ""smudge_radii"": [4, 14], ""smudge_rotation"": -0.20357459215079743, ""smudge_sigma"": 4.1}",15.628507169268072,15.61915896188564,-0.00934820738243225,0.027421051461275534,1783.0538712694415,0.5150548671444769
355__M_Right_middle_finger.BMP,20261910,0,clean_reference,{},inf,inf,,0.0,0.0,1.0
355__M_Right_middle_finger.BMP,20261910,1,blur,"{""blur_sigma"": 1.34}",inf,20.26333448134681,,0.009411666981160402,611.9936454499551,0.8581951071579158
355__M_Right_middle_finger.BMP,20261910,2,low_contrast_illumination,"{""contrast_scale"": 0.681, ""illumination_amplitude"": 0.08800000000000001}",20.26333448134681,15.860934837328484,-4.402399644018326,0.025936210140821984,1686.5020644069496,0.6688754869713085
355__M_Right_middle_finger.BMP,20261910,3,gaussian_noise,"{""gaussian_noise_sigma"": 0.04825}",15.860934837328484,15.497044814200944,-0.3638900231275404,0.02820301371381463,1833.9009667407965,0.5997411662127199
355__M_Right_middle_finger.BMP,20261910,4,salt_pepper_noise,"{""pepper_probability"": 0.0008250000000000001, ""salt_probability"": 0.0008250000000000001}",15.497044814200944,15.414089733266959,-0.08295508093398496,0.028746900559129464,1869.2672088573934,0.5938338857487933
355__M_Right_middle_finger.BMP,20261910,5,smudge_occlusion,"{""smudge_centre"": [108, 127], ""smudge_radii"": [4, 14], ""smudge_rotation"": -0.5989679788685826, ""smudge_sigma"": 4.1}",15.414089733266959,15.401630788009502,-0.012458945257456833,0.028829487444777854,1874.6374210966799,0.5924468227662937
86__M_Right_index_finger.BMP,20261911,0,clean_reference,{},inf,inf,,0.0,0.0,1.0
86__M_Right_index_finger.BMP,20261911,1,blur,"{""blur_sigma"": 1.34}",inf,21.717276172676687,,0.00673398869146351,437.87761466241477,0.8876105724446177
86__M_Right_index_finger.BMP,20261911,2,low_contrast_illumination,"{""contrast_scale"": 0.681, ""illumination_amplitude"": 0.08800000000000001}",21.717276172676687,16.132204784423156,-5.585071388253532,0.024365735281317545,1584.3819366676735,0.7187693188026594
86__M_Right_index_finger.BMP,20261911,3,gaussian_noise,"{""gaussian_noise_sigma"": 0.04825}",16.132204784423156,15.721233888861592,-0.4109708955615634,0.026784072452921113,1741.6343112511954,0.5091098648367682
86__M_Right_index_finger.BMP,20261911,4,salt_pepper_noise,"{""pepper_probability"": 0.0008250000000000001, ""salt_probability"": 0.0008250000000000001}",15.721233888861592,15.639999679395517,-0.08123420946607496,0.027289779842664015,1774.5179342692277,0.5032658742021379
86__M_Right_index_finger.BMP,20261911,5,smudge_occlusion,"{""smudge_centre"": [131, 144], ""smudge_radii"": [4, 14], ""smudge_rotation"": -0.7824403308619859, ""smudge_sigma"": 4.1}",15.639999679395517,15.623788755753356,-0.016210923642161035,0.027391834840823942,1781.1540605245768,0.5016673881454822
576__M_Left_little_finger.BMP,20261912,0,clean_reference,{},inf,inf,,0.0,0.0,1.0
576__M_Left_little_finger.BMP,20261912,1,blur,"{""blur_sigma"": 1.34}",inf,20.40602521859448,,0.009107464312530936,592.2128669223241,0.8193380007881522
576__M_Left_little_finger.BMP,20261912,2,low_contrast_illumination,"{""contrast_scale"": 0.681, ""illumination_amplitude"": 0.08800000000000001}",20.40602521859448,15.747340787148275,-4.658684431446204,0.026623547376275255,1731.1961681422986,0.6696283375375569
576__M_Left_little_finger.BMP,20261912,3,gaussian_noise,"{""gaussian_noise_sigma"": 0.04825}",15.747340787148275,15.39511225128753,-0.35222853586074443,0.028872791512568684,1877.4532681047785,0.5158723929719944
576__M_Left_little_finger.BMP,20261912,4,salt_pepper_noise,"{""pepper_probability"": 0.0008250000000000001, ""salt_probability"": 0.0008250000000000001}",15.39511225128753,15.289163635492917,-0.10594861579461323,0.029585821755799106,1923.8180596708369,0.5066673801840244
576__M_Left_little_finger.BMP,20261912,5,smudge_occlusion,"{""smudge_centre"": [131, 158], ""smudge_radii"": [4, 14], ""smudge_rotation"": -0.13514933851855682, ""smudge_sigma"": 4.1}",15.289163635492917,15.278255112033104,-0.010908523459812969,0.029660228248803214,1928.656341878429,0.5053822430434486
537__M_Right_thumb_finger.BMP,20261913,0,clean_reference,{},inf,inf,,0.0,0.0,1.0
537__M_Right_thumb_finger.BMP,20261913,1,blur,"{""blur_sigma"": 1.34}",inf,19.571241724159684,,0.011037629895679572,717.7218839665642,0.8179898676157594
537__M_Right_thumb_finger.BMP,20261913,2,low_contrast_illumination,"{""contrast_scale"": 0.681, ""illumination_amplitude"": 0.08800000000000001}",19.571241724159684,15.469325764013961,-4.101915960145723,0.02838359645522887,1845.6433595012572,0.6454971171682365
537__M_Right_thumb_finger.BMP,20261913,3,gaussian_noise,"{""gaussian_noise_sigma"": 0.04825}",15.469325764013961,15.120380476138418,-0.3489452878755426,0.030758273362599946,2000.0567254030616,0.5280888896653112
537__M_Right_thumb_finger.BMP,20261913,4,salt_pepper_noise,"{""pepper_probability"": 0.0008250000000000001, ""salt_probability"": 0.0008250000000000001}",15.120380476138418,15.060435358341195,-0.059945117797223446,0.03118576946794474,2027.8546596531066,0.52301013864703
537__M_Right_thumb_finger.BMP,20261913,5,smudge_occlusion,"{""smudge_centre"": [114, 116], ""smudge_radii"": [4, 14], ""smudge_rotation"": -0.794982655161433, ""smudge_sigma"": 4.1}",15.060435358341195,15.040738934140771,-0.019696424200423834,0.03132752654029534,2037.0724132827045,0.5213228989905817
