Category,Pipeline ID,Pipeline,Purpose,Final output domain,Has Closing stage,Is baseline,Is grayscale finalist candidate,Images,Ridge coherence mean,Ridge coherence std,Local contrast mean,Local contrast std,Foreground/background separation proxy mean,Ridge coverage mean,Fragmentation mean,Small components mean,Ridge continuity mean,Runtime mean,Delta coherence vs P0 mean,Delta contrast vs P0 mean,Delta fragmentation vs P0 mean,Delta continuity vs P0 mean,Delta coherence vs CLAHE mean,Delta contrast vs CLAHE mean,Delta fragmentation vs CLAHE mean,Delta continuity vs CLAHE mean
Easy,B0,P0 only,neutral common-preprocessing control,grayscale,False,True,False,8,0.6567512899637222,0.09501334804625156,0.20194566063582897,0.030094885502543176,0.20194566063582897,0.36513328552246094,3.7866287180952156,3.25,23.950077379145185,0.00013367499923333526,0.0,0.0,0.0,0.0,-0.04201306402683258,-0.028937965631484985,0.553186216943103,0.2695346074116096
Easy,B1,P0 -> CLAHE,main M1 enhancement baseline from Direct24,grayscale,False,True,True,8,0.6987643539905548,0.08312279488309578,0.23088362626731396,0.024609922565788755,0.23088362626731396,0.3900775909423828,3.233442501152113,1.125,23.680542771733574,0.005444775000796653,0.04201306402683258,0.028937965631484985,-0.553186216943103,-0.2695346074116096,0.0,0.0,0.0,0.0
Easy,C1,P0 -> CLAHE -> Ordinary Gabor,measure exact trade-off of the Direct24 M2 coherence winner,grayscale,False,False,True,8,0.7230527773499489,0.06599696781615348,0.16969608701765537,0.015689424406783083,0.16969608701765537,0.34211158752441406,4.297317823161839,1.75,20.371147116025874,0.8732985749738873,0.06630148738622665,-0.0322495736181736,0.5106891050666232,-3.578930263119309,0.024288423359394073,-0.061187539249658585,1.0638753220097263,-3.3093956557077
Easy,C2,P0 -> CLAHE -> Coherence-Guided Directional Diffusion,test whether directional enhancement is more compatible with CLAHE than Ordinary Gabor,grayscale,False,False,True,8,0.7079493850469589,0.08269927233360855,0.21482757478952408,0.02042398486249927,0.21482757478952408,0.38470458984375,3.2844151462548665,1.625,23.13366975698888,0.28279016248416156,0.051198095083236694,0.012881914153695107,-0.502213571840349,-0.8164076221563035,0.009185031056404114,-0.01605605147778988,0.050972645102753955,-0.5468730147446939
Easy,C3,P0 -> CLAHE -> Total Variation Restoration,test CLAHE followed by the best Direct24 supporting restoration candidate,grayscale,False,False,True,8,0.7253255993127823,0.0807139871629978,0.21087080612778664,0.022859283467091287,0.21087080612778664,0.38590049743652344,3.308485764645723,1.625,23.240289608756683,0.013801274995785207,0.06857430934906006,0.008925145491957664,-0.4781429534494929,-0.7097877703885005,0.026561245322227478,-0.02001282013952732,0.07504326349361004,-0.4402531629768909
Easy,C4,P0 -> Total Variation Restoration -> CLAHE,explicit order test for restoration before local contrast enhancement,grayscale,False,False,True,8,0.745199978351593,0.06140091142051785,0.22140906192362309,0.024101169764445353,0.22140906192362309,0.38751220703125,3.2106692302470226,1.125,23.13836855270654,0.010207300016190857,0.08844868838787079,0.019463401287794113,-0.5759594878481932,-0.8117088264386416,0.04643562436103821,-0.009474564343690872,-0.02277327090509018,-0.542174219027032
Easy,C5,P0 -> CLAHE -> Coherence-Guided Directional Diffusion -> Closing,test whether morphology can repair ridge gaps after directional enhancement,morphology-assisted structural output,True,False,False,8,0.7079493850469589,0.08269927233360855,0.21482757478952408,0.02042398486249927,0.21482757478952408,0.3940277099609375,1.9385936832819861,0.875,28.594719204947733,0.33549596249940805,0.051198095083236694,0.012881914153695107,-1.8480350348132295,4.644641825802548,0.009185031056404114,-0.01605605147778988,-1.2948488178701267,4.914176433214158
Easy,C6,P0 -> CLAHE -> Total Variation Restoration -> Closing,test whether morphology improves continuity after CLAHE plus TV restoration,morphology-assisted structural output,True,False,False,8,0.7253255993127823,0.0807139871629978,0.21087080612778664,0.022859283467091287,0.21087080612778664,0.3933143615722656,2.122459613610754,0.875,27.23965254273718,0.06324252500780858,0.06857430934906006,0.008925145491957664,-1.6641691044844618,3.289575163591995,0.026561245322227478,-0.02001282013952732,-1.1109828875413588,3.559109771003605
Medium,B0,P0 only,neutral common-preprocessing control,grayscale,False,True,False,8,0.6547900214791298,0.08128773280385213,0.18812280893325806,0.03807344083747751,0.2142027742229402,0.39178972893143177,2.052553680378479,1.0,33.00229051240415,0.0001410375043633394,0.0,0.0,0.0,0.0,-0.047814369201660156,-0.03168472647666931,-0.007364517874111173,2.132890908649398
Medium,B1,P0 -> CLAHE,main M1 enhancement baseline from Direct24,grayscale,False,True,True,8,0.70260439068079,0.058068489998278155,0.21980753540992737,0.03521951548443963,0.21980753540992737,0.3888988494873047,2.05991819825259,0.625,30.869399603754754,0.00496112499240553,0.047814369201660156,0.03168472647666931,0.007364517874111173,-2.132890908649398,0.0,0.0,0.0,0.0
Medium,C1,P0 -> CLAHE -> Ordinary Gabor,measure exact trade-off of the Direct24 M2 coherence winner,grayscale,False,False,True,8,0.7349555566906929,0.03706619350508494,0.16133130714297295,0.024076391777928197,0.16133130714297295,0.33739471435546875,2.9999092840580346,0.625,25.255863447033352,0.8767661874881014,0.08016553521156311,-0.02679150179028511,0.9473556036795557,-7.746427065370802,0.032351166009902954,-0.05847622826695442,0.9399910858054445,-5.613536156721404
Medium,C2,P0 -> CLAHE -> Coherence-Guided Directional Diffusion,test whether directional enhancement is more compatible with CLAHE than Ordinary Gabor,grayscale,False,False,True,8,0.7108550369739532,0.05772393177629716,0.2037766631692648,0.03176069365450008,0.2037766631692648,0.3838996887207031,2.0923321288746672,0.875,29.688575242981152,0.29021901248779614,0.056065015494823456,0.015653854236006737,0.03977844849618829,-3.3137152694230023,0.0082506462931633,-0.016030872240662575,0.03241393062207712,-1.1808243607736042
Medium,C3,P0 -> CLAHE -> Total Variation Restoration,test CLAHE followed by the best Direct24 supporting restoration candidate,grayscale,False,False,True,8,0.7302623465657234,0.0510623580642153,0.20056061632931232,0.03196943952077896,0.20056061632931232,0.38583946228027344,2.1362062297044044,1.0,29.929300184847033,0.00977208749827696,0.07547232508659363,0.012437807396054268,0.08365254932592568,-3.07299032755712,0.02765795588493347,-0.019246919080615044,0.07628803145181451,-0.9400994189077219
Medium,C4,P0 -> Total Variation Restoration -> CLAHE,explicit order test for restoration before local contrast enhancement,grayscale,False,False,True,8,0.7583048567175865,0.03506142209106973,0.20982628501951694,0.03408176888327441,0.20982628501951694,0.3870983123779297,2.134781923799084,0.5,28.093067946407395,0.01068758748442633,0.10351483523845673,0.021703476086258888,0.0822282434206052,-4.9092225659967585,0.05570046603679657,-0.009981250390410423,0.07486372554649402,-2.77633165734736
Medium,C5,P0 -> CLAHE -> Coherence-Guided Directional Diffusion -> Closing,test whether morphology can repair ridge gaps after directional enhancement,morphology-assisted structural output,True,False,False,8,0.7108550369739532,0.05772393177629716,0.2037766631692648,0.03176069365450008,0.2037766631692648,0.3924121856689453,1.3068471065962353,0.75,36.987580816837884,0.34877601250627777,0.056065015494823456,0.015653854236006737,-0.7457065737822437,3.9852903044337338,0.0082506462931633,-0.016030872240662575,-0.7530710916563549,6.1181812130831315
Medium,C6,P0 -> CLAHE -> Total Variation Restoration -> Closing,test whether morphology improves continuity after CLAHE plus TV restoration,morphology-assisted structural output,True,False,False,8,0.7302623465657234,0.0510623580642153,0.20056061632931232,0.03196943952077896,0.20056061632931232,0.39226722717285156,1.4767621305639282,0.625,35.00119936383077,0.06268502499733586,0.07547232508659363,0.012437807396054268,-0.5757915498145506,1.9989088514266191,0.02765795588493347,-0.019246919080615044,-0.5831560676886618,4.131799760076017
Hard,B0,P0 only,neutral common-preprocessing control,grayscale,False,True,False,8,0.6485046073794365,0.08647256872986087,0.1844979263842106,0.0321918344826605,0.1844979263842106,0.3378124237060547,3.807058600097692,1.75,19.431635982332192,0.00012766249710693955,0.0,0.0,0.0,0.0,-0.04564233869314194,-0.034694598987698555,0.6607671661582523,-0.47549380993432444
Hard,B1,P0 -> CLAHE,main M1 enhancement baseline from Direct24,grayscale,False,True,True,8,0.6941469460725784,0.07082688745068898,0.21919252537190914,0.025585185350117844,0.21919252537190914,0.3780403137207031,3.1462914339394397,0.75,19.907129792266517,0.004991837500710972,0.04564233869314194,0.034694598987698555,-0.6607671661582523,0.47549380993432444,0.0,0.0,0.0,0.0
Hard,C1,P0 -> CLAHE -> Ordinary Gabor,measure exact trade-off of the Direct24 M2 coherence winner,grayscale,False,False,True,8,0.7202835083007812,0.05838176428436842,0.16228332184255123,0.018032446695990974,0.16228332184255123,0.32730674743652344,4.700193212218005,1.875,17.315582145369206,0.9004474750108784,0.07177890092134476,-0.022214604541659355,0.8931346121203125,-2.1160538369629878,0.02613656222820282,-0.05690920352935791,1.5539017782785647,-2.591547646897312
Hard,C2,P0 -> CLAHE -> Coherence-Guided Directional Diffusion,test whether directional enhancement is more compatible with CLAHE than Ordinary Gabor,grayscale,False,False,True,8,0.6996937021613121,0.0705142362787908,0.20418191328644753,0.02138624571236905,0.20418191328644753,0.37138938903808594,3.308045874450844,0.75,19.167439827467913,0.2959923875168897,0.05118909478187561,0.01968398690223694,-0.49901272564684807,-0.2641961548642795,0.005546756088733673,-0.015010612085461617,0.1617544405114042,-0.7396899647986039
Hard,C3,P0 -> CLAHE -> Total Variation Restoration,test CLAHE followed by the best Direct24 supporting restoration candidate,grayscale,False,False,True,8,0.7210296988487244,0.06605502291652483,0.19974634610116482,0.02325639037088764,0.19974634610116482,0.3724956512451172,3.3516131434219085,1.5,19.110582283175884,0.010238175011181738,0.07252509146928787,0.015248419716954231,-0.45544545667578323,-0.32105369915630866,0.026882752776145935,-0.019446179270744324,0.20532170948246903,-0.7965475090906331
Hard,C4,P0 -> Total Variation Restoration -> CLAHE,explicit order test for restoration before local contrast enhancement,grayscale,False,False,True,8,0.739038847386837,0.05832711085585218,0.20951087214052677,0.026250508116512885,0.20951087214052677,0.3734569549560547,3.1850677762670876,1.0,19.413646979969528,0.013854649972927291,0.09053424000740051,0.025012945756316185,-0.6219908238306044,-0.017989002362662543,0.044891901314258575,-0.00968165323138237,0.03877634232764776,-0.493482812296987
Hard,C5,P0 -> CLAHE -> Coherence-Guided Directional Diffusion -> Closing,test whether morphology can repair ridge gaps after directional enhancement,morphology-assisted structural output,True,False,False,8,0.6996937021613121,0.0705142362787908,0.20418191328644753,0.02138624571236905,0.20418191328644753,0.3809700012207031,1.9085656603630772,0.5,23.057298067941623,0.3565645125199808,0.05118909478187561,0.01968398690223694,-1.8984929397346149,3.625662085609432,0.005546756088733673,-0.015010612085461617,-1.2377257735763627,3.1501682756751075
Hard,C6,P0 -> CLAHE -> Total Variation Restoration -> Closing,test whether morphology improves continuity after CLAHE plus TV restoration,morphology-assisted structural output,True,False,False,8,0.7210296988487244,0.06605502291652483,0.19974634610116482,0.02325639037088764,0.19974634610116482,0.37982177734375,2.1504039607109124,0.875,22.487208778899543,0.06417593750666128,0.07252509146928787,0.015248419716954231,-1.6566546393867794,3.0555727965673505,0.026882752776145935,-0.019446179270744324,-0.9958874732285271,2.5800789866330263
Overall,B0,P0 only,neutral common-preprocessing control,grayscale,False,True,False,24,0.6533486396074295,0.0839477375601108,0.19152213198443255,0.03303330411303706,0.20021545374765992,0.36491181271998246,3.215413666190462,2.0,25.461334624627174,0.00013412500023453808,0.0,0.0,0.0,0.0,-0.04515659064054489,-0.031772430365284286,0.40219628840908134,0.6423105687088945
Overall,B1,P0 -> CLAHE,main M1 enhancement baseline from Direct24,grayscale,False,True,True,24,0.6985052302479744,0.06832514816135665,0.2232945623497168,0.02812803763422196,0.2232945623497168,0.38567225138346356,2.8132173777813807,0.8333333333333334,24.81902405591828,0.005132579164637718,0.04515659064054489,0.031772430365284286,-0.40219628840908134,-0.6423105687088945,0.0,0.0,0.0,0.0
Overall,C1,P0 -> CLAHE -> Ordinary Gabor,measure exact trade-off of the Direct24 M2 coherence winner,grayscale,False,False,True,24,0.7260972807804743,0.05313552568641727,0.16443690533439317,0.01910216459782254,0.16443690533439317,0.33560434977213544,3.999140106479293,1.4166666666666667,20.98086423614281,0.8835040791576224,0.07274864117304485,-0.027085226650039356,0.7837264402888304,-4.480470388484366,0.02759205053249995,-0.05885765701532364,1.1859227286979117,-3.838159819775472
Overall,C2,P0 -> CLAHE -> Coherence-Guided Directional Diffusion,test whether directional enhancement is more compatible with CLAHE than Ordinary Gabor,grayscale,False,False,True,24,0.7061660413940748,0.06806033818849386,0.20759538374841213,0.024504727344216094,0.20759538374841213,0.3799978892008464,2.894931049860126,1.0833333333333333,23.99656160914598,0.28966718749628245,0.052817401786645256,0.016073251763979595,-0.32048261633033626,-1.464773015481195,0.007660811146100362,-0.01569917860130469,0.0817136720787451,-0.8224624467723007
Overall,C3,P0 -> CLAHE -> Total Variation Restoration,test CLAHE followed by the best Direct24 supporting restoration candidate,grayscale,False,False,True,24,0.7255392149090767,0.06418016828539112,0.2037259228527546,0.02571871726387192,0.2037259228527546,0.381411870320638,2.9321017125906788,1.375,24.09339069225987,0.011270512501747968,0.07219057530164719,0.012203790868322054,-0.2833119535997835,-1.3679439323673097,0.027033984661102295,-0.01956863949696223,0.11888433480929787,-0.7256333636584152
Overall,C4,P0 -> Total Variation Restoration -> CLAHE,explicit order test for restoration before local contrast enhancement,grayscale,False,False,True,24,0.7475145608186722,0.05122796183126103,0.21358207302788892,0.027785041891857903,0.21358207302788892,0.3826891581217448,2.8435063101043982,0.875,23.54836115969449,0.011583179157848159,0.09416592121124268,0.022059941043456394,-0.3719073560860642,-1.9129734649326877,0.049009330570697784,-0.009712489321827888,0.0302889323230172,-1.270662896223793
Overall,C5,P0 -> CLAHE -> Coherence-Guided Directional Diffusion -> Closing,test whether morphology can repair ridge gaps after directional enhancement,morphology-assisted structural output,True,False,False,24,0.7061660413940748,0.06806033818849386,0.20759538374841213,0.024504727344216094,0.20759538374841213,0.3891366322835286,1.7180021500804328,0.7083333333333334,29.54653269657575,0.3469454958418889,0.052817401786645256,0.016073251763979595,-1.4974115161100292,4.085198071948572,0.007660811146100362,-0.01569917860130469,-1.0952152277009481,4.727508640657466
Overall,C6,P0 -> CLAHE -> Total Variation Restoration -> Closing,test whether morphology improves continuity after CLAHE plus TV restoration,morphology-assisted structural output,True,False,False,24,0.7255392149090767,0.06418016828539112,0.2037259228527546,0.02571871726387192,0.2037259228527546,0.38846778869628906,1.9165419016285317,0.7916666666666666,28.24268689515583,0.06336782917060191,0.07219057530164719,0.012203790868322054,-1.2988717645619305,2.781352270528655,0.027033984661102295,-0.01956863949696223,-0.8966754761528493,3.4236628392375494
