Experiment,Protocol,Category,Image,Relative path,Seed,Candidate ID,Pipeline,Fixed parameters,Degradation parameters,Runtime (s),Input MSE,Input PSNR (dB),Input SSIM,MSE,MSE_255_equivalent,PSNR (dB),SSIM,Delta PSNR vs degraded input (dB),PSNR delta to 28.17 dB,Target exceeded,Delta PSNR vs NLM (dB),Delta MSE vs NLM,Delta SSIM vs NLM,Altered split,Member,Is member technique,Is baseline,Ridge coherence,Local contrast,Foreground/background separation proxy,Ridge coverage in foreground,Fragmentation per 1000 ridge pixels,Small connected components <20px,Ridge continuity proxy,Delta Ridge coherence vs P0,Delta Local contrast vs P0,Delta Foreground/background separation proxy vs P0,Delta Ridge coverage in foreground vs P0,Delta Fragmentation per 1000 ridge pixels vs P0,Delta Small connected components <20px vs P0,Delta Ridge continuity proxy vs P0,Delta Ridge coherence vs NLM,Delta Local contrast vs NLM,Delta Foreground/background separation proxy vs NLM,Delta Ridge coverage in foreground vs NLM,Delta Fragmentation per 1000 ridge pixels vs NLM,Delta Small connected components <20px vs NLM,Delta Ridge continuity proxy vs NLM
controlled compatibility,gaussian_noise_only_s055,Controlled,34__M_Right_ring_finger.BMP,data\SOCOFing\Real\34__M_Right_ring_finger.BMP,20260902.0,C0_NLM,NLM,"{""NLM"": {""backend"": ""cv2"", ""cv2_searchWindowSize"": 21, ""cv2_templateWindowSize"": 7, ""h"": 0.06, ""patch_distance"": 6, ""patch_size"": 5}}","{""gaussian_noise_sigma"": 0.04825}",0.09423229994717985,0.0018217319643511294,27.395155214170327,0.853334783883363,0.0010615054191605731,69.02438988091627,29.74077784347228,0.9490708843501806,2.3456226293019533,1.5707778434722783,True,0.0,0.0,0.0,,,,,,,,,,,,,,,,,,,,,,,,,
controlled compatibility,gaussian_noise_only_s055,Controlled,34__M_Right_ring_finger.BMP,data\SOCOFing\Real\34__M_Right_ring_finger.BMP,20260902.0,C1_TV_NLM,TV -> NLM,"{""NLM"": {""backend"": ""cv2"", ""cv2_searchWindowSize"": 21, ""cv2_templateWindowSize"": 7, ""h"": 0.06, ""patch_distance"": 6, ""patch_size"": 5}, ""TV"": {""backend"": ""skimage.restoration.denoise_tv_chambolle"", ""weight"": 0.02}}","{""gaussian_noise_sigma"": 0.04825}",0.09969740000087768,0.0018217319643511294,27.395155214170327,0.853334783883363,0.0012458016530081301,81.00825248685366,29.045510972122123,0.9387411551089286,1.6503557579517967,0.8755109721221217,True,-0.6952668713501566,0.000184296233847557,-0.010329729241251973,,,,,,,,,,,,,,,,,,,,,,,,,
controlled compatibility,gaussian_noise_only_s055,Controlled,34__M_Right_ring_finger.BMP,data\SOCOFing\Real\34__M_Right_ring_finger.BMP,20260902.0,C2_NLM_MOD_GABOR,NLM -> Modified / Orientation-Adaptive Gabor,"{""Modified Gabor"": {""bandwidth"": 1.8, ""blend"": 0.18, ""frequencies"": [0.075, 0.095, 0.115, 0.14], ""orientation_bins"": 8, ""use_local_frequency"": true}, ""NLM"": {""backend"": ""cv2"", ""cv2_searchWindowSize"": 21, ""cv2_templateWindowSize"": 7, ""h"": 0.06, ""patch_distance"": 6, ""patch_size"": 5}}","{""gaussian_noise_sigma"": 0.04825}",1.9480858999304473,0.0018217319643511294,27.395155214170327,0.853334783883363,0.003477002437863203,226.0920835220548,24.587950048156873,0.9128063435776178,-2.8072051660134534,-3.5820499518431284,False,-5.152827795315407,0.0024154970187026297,-0.0362645407725628,,,,,,,,,,,,,,,,,,,,,,,,,
controlled compatibility,gaussian_noise_only_s055,Controlled,34__M_Right_ring_finger.BMP,data\SOCOFing\Real\34__M_Right_ring_finger.BMP,20260902.0,C3_NLM_COH_DIFF,NLM -> Coherence-Guided Directional Diffusion,"{""Directional Diffusion"": {""iterations"": 4, ""orientation_bins"": 8, ""oriented_kernel_sigma_x"": 1.35, ""oriented_kernel_sigma_y"": 0.5, ""oriented_kernel_size"": 9, ""step"": 0.16}, ""NLM"": {""backend"": ""cv2"", ""cv2_searchWindowSize"": 21, ""cv2_templateWindowSize"": 7, ""h"": 0.06, ""patch_distance"": 6, ""patch_size"": 5}}","{""gaussian_noise_sigma"": 0.04825}",0.3898740999866277,0.0018217319643511294,27.395155214170327,0.853334783883363,0.0016052628104549845,104.38221424983537,27.944538556038296,0.9372271682503224,0.5493833418679692,-0.22546144396170575,False,-1.796239287433984,0.0005437573912944113,-0.011843716099858237,,,,,,,,,,,,,,,,,,,,,,,,,
controlled compatibility,gaussian_noise_only_s055,Controlled,34__M_Right_ring_finger.BMP,data\SOCOFing\Real\34__M_Right_ring_finger.BMP,20260902.0,C4_TV_NLM_COH_DIFF,TV -> NLM -> Coherence-Guided Directional Diffusion,"{""Directional Diffusion"": {""iterations"": 4, ""orientation_bins"": 8, ""oriented_kernel_sigma_x"": 1.35, ""oriented_kernel_sigma_y"": 0.5, ""oriented_kernel_size"": 9, ""step"": 0.16}, ""NLM"": {""backend"": ""cv2"", ""cv2_searchWindowSize"": 21, ""cv2_templateWindowSize"": 7, ""h"": 0.06, ""patch_distance"": 6, ""patch_size"": 5}, ""TV"": {""backend"": ""skimage.restoration.denoise_tv_chambolle"", ""weight"": 0.02}}","{""gaussian_noise_sigma"": 0.04825}",0.38461790001019835,0.0018217319643511294,27.395155214170327,0.853334783883363,0.002444940526726928,158.9822577504185,26.117317006419796,0.9152477293085456,-1.2778382077505306,-2.0526829935802056,False,-3.623460837052484,0.001383435107566355,-0.03382315504163502,,,,,,,,,,,,,,,,,,,,,,,,,
controlled compatibility,gaussian_noise_only_s055,Controlled,12__M_Left_middle_finger.BMP,data\SOCOFing\Real\12__M_Left_middle_finger.BMP,20260903.0,C0_NLM,NLM,"{""NLM"": {""backend"": ""cv2"", ""cv2_searchWindowSize"": 21, ""cv2_templateWindowSize"": 7, ""h"": 0.06, ""patch_distance"": 6, ""patch_size"": 5}}","{""gaussian_noise_sigma"": 0.04825}",0.09501229994930327,0.0018861192794631205,27.244308456524585,0.8752719994213581,0.0011049383090626825,71.84861354680093,29.56661968840023,0.9486580246226788,2.322311231875645,1.3966196884002287,True,0.0,0.0,0.0,,,,,,,,,,,,,,,,,,,,,,,,,
controlled compatibility,gaussian_noise_only_s055,Controlled,12__M_Left_middle_finger.BMP,data\SOCOFing\Real\12__M_Left_middle_finger.BMP,20260903.0,C1_TV_NLM,TV -> NLM,"{""NLM"": {""backend"": ""cv2"", ""cv2_searchWindowSize"": 21, ""cv2_templateWindowSize"": 7, ""h"": 0.06, ""patch_distance"": 6, ""patch_size"": 5}, ""TV"": {""backend"": ""skimage.restoration.denoise_tv_chambolle"", ""weight"": 0.02}}","{""gaussian_noise_sigma"": 0.04825}",0.09994420001748949,0.0018861192794631205,27.244308456524585,0.8752719994213581,0.0014984211483747237,97.4348351730664,28.24366106056185,0.9290063120927811,0.9993526040372629,0.07366106056184663,True,-1.322958627838382,0.0003934828393120412,-0.019651712529897725,,,,,,,,,,,,,,,,,,,,,,,,,
controlled compatibility,gaussian_noise_only_s055,Controlled,12__M_Left_middle_finger.BMP,data\SOCOFing\Real\12__M_Left_middle_finger.BMP,20260903.0,C2_NLM_MOD_GABOR,NLM -> Modified / Orientation-Adaptive Gabor,"{""Modified Gabor"": {""bandwidth"": 1.8, ""blend"": 0.18, ""frequencies"": [0.075, 0.095, 0.115, 0.14], ""orientation_bins"": 8, ""use_local_frequency"": true}, ""NLM"": {""backend"": ""cv2"", ""cv2_searchWindowSize"": 21, ""cv2_templateWindowSize"": 7, ""h"": 0.06, ""patch_distance"": 6, ""patch_size"": 5}}","{""gaussian_noise_sigma"": 0.04825}",1.93687399988994,0.0018861192794631205,27.244308456524585,0.8752719994213581,0.003625458836634018,235.74546085212702,24.40637021477005,0.9081260689242594,-2.837938241754536,-3.763629785229952,False,-5.160249473630181,0.0025205205275713356,-0.040531955698419386,,,,,,,,,,,,,,,,,,,,,,,,,
controlled compatibility,gaussian_noise_only_s055,Controlled,12__M_Left_middle_finger.BMP,data\SOCOFing\Real\12__M_Left_middle_finger.BMP,20260903.0,C3_NLM_COH_DIFF,NLM -> Coherence-Guided Directional Diffusion,"{""Directional Diffusion"": {""iterations"": 4, ""orientation_bins"": 8, ""oriented_kernel_sigma_x"": 1.35, ""oriented_kernel_sigma_y"": 0.5, ""oriented_kernel_size"": 9, ""step"": 0.16}, ""NLM"": {""backend"": ""cv2"", ""cv2_searchWindowSize"": 21, ""cv2_templateWindowSize"": 7, ""h"": 0.06, ""patch_distance"": 6, ""patch_size"": 5}}","{""gaussian_noise_sigma"": 0.04825}",0.38463740004226565,0.0018861192794631205,27.244308456524585,0.8752719994213581,0.0017273970225237046,112.32399138960389,27.62607833321486,0.9321240924260616,0.3817698766902744,-0.5439216667851419,False,-1.9405413551853705,0.000622458713461022,-0.01653393219661714,,,,,,,,,,,,,,,,,,,,,,,,,
controlled compatibility,gaussian_noise_only_s055,Controlled,12__M_Left_middle_finger.BMP,data\SOCOFing\Real\12__M_Left_middle_finger.BMP,20260903.0,C4_TV_NLM_COH_DIFF,TV -> NLM -> Coherence-Guided Directional Diffusion,"{""Directional Diffusion"": {""iterations"": 4, ""orientation_bins"": 8, ""oriented_kernel_sigma_x"": 1.35, ""oriented_kernel_sigma_y"": 0.5, ""oriented_kernel_size"": 9, ""step"": 0.16}, ""NLM"": {""backend"": ""cv2"", ""cv2_searchWindowSize"": 21, ""cv2_templateWindowSize"": 7, ""h"": 0.06, ""patch_distance"": 6, ""patch_size"": 5}, ""TV"": {""backend"": ""skimage.restoration.denoise_tv_chambolle"", ""weight"": 0.02}}","{""gaussian_noise_sigma"": 0.04825}",0.38064380001742393,0.0018861192794631205,27.244308456524585,0.8752719994213581,0.002800028942092956,182.07188195959446,25.52837479612672,0.8972167530591488,-1.7159336603978659,-2.641625203873282,False,-4.038244892273511,0.0016950906330302736,-0.051441271563529956,,,,,,,,,,,,,,,,,,,,,,,,,
controlled compatibility,gaussian_noise_only_s055,Controlled,379__F_Left_ring_finger.BMP,data\SOCOFing\Real\379__F_Left_ring_finger.BMP,20260904.0,C0_NLM,NLM,"{""NLM"": {""backend"": ""cv2"", ""cv2_searchWindowSize"": 21, ""cv2_templateWindowSize"": 7, ""h"": 0.06, ""patch_distance"": 6, ""patch_size"": 5}}","{""gaussian_noise_sigma"": 0.04825}",0.09521659999154508,0.0018557971559027286,27.314694951895852,0.8329434325064421,0.001201447204613965,78.12410448002306,29.20295308712431,0.9504642894906997,1.8882581352284582,1.0329530871243087,True,0.0,0.0,0.0,,,,,,,,,,,,,,,,,,,,,,,,,
controlled compatibility,gaussian_noise_only_s055,Controlled,379__F_Left_ring_finger.BMP,data\SOCOFing\Real\379__F_Left_ring_finger.BMP,20260904.0,C1_TV_NLM,TV -> NLM,"{""NLM"": {""backend"": ""cv2"", ""cv2_searchWindowSize"": 21, ""cv2_templateWindowSize"": 7, ""h"": 0.06, ""patch_distance"": 6, ""patch_size"": 5}, ""TV"": {""backend"": ""skimage.restoration.denoise_tv_chambolle"", ""weight"": 0.02}}","{""gaussian_noise_sigma"": 0.04825}",0.10023480001837015,0.0018557971559027286,27.314694951895852,0.8329434325064421,0.001151911547324313,74.90304836476346,29.385808681209703,0.9459552329577208,2.0711137293138506,1.215808681209701,True,0.18285559408539243,-4.953565728965182e-05,-0.00450905653297895,,,,,,,,,,,,,,,,,,,,,,,,,
controlled compatibility,gaussian_noise_only_s055,Controlled,379__F_Left_ring_finger.BMP,data\SOCOFing\Real\379__F_Left_ring_finger.BMP,20260904.0,C2_NLM_MOD_GABOR,NLM -> Modified / Orientation-Adaptive Gabor,"{""Modified Gabor"": {""bandwidth"": 1.8, ""blend"": 0.18, ""frequencies"": [0.075, 0.095, 0.115, 0.14], ""orientation_bins"": 8, ""use_local_frequency"": true}, ""NLM"": {""backend"": ""cv2"", ""cv2_searchWindowSize"": 21, ""cv2_templateWindowSize"": 7, ""h"": 0.06, ""patch_distance"": 6, ""patch_size"": 5}}","{""gaussian_noise_sigma"": 0.04825}",2.2714605999644846,0.0018557971559027286,27.314694951895852,0.8329434325064421,0.002508870044588721,163.13927464938158,26.005218338546637,0.9289184866461139,-1.309476613349215,-2.1647816614533646,False,-3.1977347485776733,0.0013074228399747561,-0.02154580284458585,,,,,,,,,,,,,,,,,,,,,,,,,
controlled compatibility,gaussian_noise_only_s055,Controlled,379__F_Left_ring_finger.BMP,data\SOCOFing\Real\379__F_Left_ring_finger.BMP,20260904.0,C3_NLM_COH_DIFF,NLM -> Coherence-Guided Directional Diffusion,"{""Directional Diffusion"": {""iterations"": 4, ""orientation_bins"": 8, ""oriented_kernel_sigma_x"": 1.35, ""oriented_kernel_sigma_y"": 0.5, ""oriented_kernel_size"": 9, ""step"": 0.16}, ""NLM"": {""backend"": ""cv2"", ""cv2_searchWindowSize"": 21, ""cv2_templateWindowSize"": 7, ""h"": 0.06, ""patch_distance"": 6, ""patch_size"": 5}}","{""gaussian_noise_sigma"": 0.04825}",0.49168819992337376,0.0018557971559027286,27.314694951895852,0.8329434325064421,0.0012469343864880025,81.08190848138237,29.041563984347714,0.9466662469103336,1.7268690324518623,0.8715639843477128,True,-0.1613891027765959,4.548718187403762e-05,-0.00379804258036609,,,,,,,,,,,,,,,,,,,,,,,,,
controlled compatibility,gaussian_noise_only_s055,Controlled,379__F_Left_ring_finger.BMP,data\SOCOFing\Real\379__F_Left_ring_finger.BMP,20260904.0,C4_TV_NLM_COH_DIFF,TV -> NLM -> Coherence-Guided Directional Diffusion,"{""Directional Diffusion"": {""iterations"": 4, ""orientation_bins"": 8, ""oriented_kernel_sigma_x"": 1.35, ""oriented_kernel_sigma_y"": 0.5, ""oriented_kernel_size"": 9, ""step"": 0.16}, ""NLM"": {""backend"": ""cv2"", ""cv2_searchWindowSize"": 21, ""cv2_templateWindowSize"": 7, ""h"": 0.06, ""patch_distance"": 6, ""patch_size"": 5}, ""TV"": {""backend"": ""skimage.restoration.denoise_tv_chambolle"", ""weight"": 0.02}}","{""gaussian_noise_sigma"": 0.04825}",0.48208680015522987,0.0018557971559027286,27.314694951895852,0.8329434325064421,0.001756296542000374,114.20318264357431,27.55402153759463,0.9329082058640122,0.23932658569877674,-0.6159784624053728,False,-1.6489315495296815,0.000554849337386409,-0.01755608362668748,,,,,,,,,,,,,,,,,,,,,,,,,
controlled compatibility,gaussian_noise_only_s055,Controlled,216__M_Right_ring_finger.BMP,data\SOCOFing\Real\216__M_Right_ring_finger.BMP,20260905.0,C0_NLM,NLM,"{""NLM"": {""backend"": ""cv2"", ""cv2_searchWindowSize"": 21, ""cv2_templateWindowSize"": 7, ""h"": 0.06, ""patch_distance"": 6, ""patch_size"": 5}}","{""gaussian_noise_sigma"": 0.04825}",0.09989059995859861,0.0018068565174811926,27.430763334049047,0.8332492087816,0.0010697456180278188,69.56020881225892,29.707194838299948,0.9446846299544572,2.276431504250901,1.5371948382999463,True,0.0,0.0,0.0,,,,,,,,,,,,,,,,,,,,,,,,,
controlled compatibility,gaussian_noise_only_s055,Controlled,216__M_Right_ring_finger.BMP,data\SOCOFing\Real\216__M_Right_ring_finger.BMP,20260905.0,C1_TV_NLM,TV -> NLM,"{""NLM"": {""backend"": ""cv2"", ""cv2_searchWindowSize"": 21, ""cv2_templateWindowSize"": 7, ""h"": 0.06, ""patch_distance"": 6, ""patch_size"": 5}, ""TV"": {""backend"": ""skimage.restoration.denoise_tv_chambolle"", ""weight"": 0.02}}","{""gaussian_noise_sigma"": 0.04825}",0.12607569992542267,0.0018068565174811926,27.430763334049047,0.8332492087816,0.001328571852765662,86.39038472608718,28.766149527962035,0.9282780395185948,1.3353861939129885,0.5961495279620337,True,-0.9410453103379126,0.0002588262347378433,-0.016406590435862456,,,,,,,,,,,,,,,,,,,,,,,,,
controlled compatibility,gaussian_noise_only_s055,Controlled,216__M_Right_ring_finger.BMP,data\SOCOFing\Real\216__M_Right_ring_finger.BMP,20260905.0,C2_NLM_MOD_GABOR,NLM -> Modified / Orientation-Adaptive Gabor,"{""Modified Gabor"": {""bandwidth"": 1.8, ""blend"": 0.18, ""frequencies"": [0.075, 0.095, 0.115, 0.14], ""orientation_bins"": 8, ""use_local_frequency"": true}, ""NLM"": {""backend"": ""cv2"", ""cv2_searchWindowSize"": 21, ""cv2_templateWindowSize"": 7, ""h"": 0.06, ""patch_distance"": 6, ""patch_size"": 5}}","{""gaussian_noise_sigma"": 0.04825}",2.129265599884093,0.0018068565174811926,27.430763334049047,0.8332492087816,0.003292925279279215,214.12246628513094,24.824181238780994,0.9061385151945576,-2.6065820952680525,-3.3458187612190073,False,-4.883013599518954,0.002223179661251396,-0.03854611475989966,,,,,,,,,,,,,,,,,,,,,,,,,
controlled compatibility,gaussian_noise_only_s055,Controlled,216__M_Right_ring_finger.BMP,data\SOCOFing\Real\216__M_Right_ring_finger.BMP,20260905.0,C3_NLM_COH_DIFF,NLM -> Coherence-Guided Directional Diffusion,"{""Directional Diffusion"": {""iterations"": 4, ""orientation_bins"": 8, ""oriented_kernel_sigma_x"": 1.35, ""oriented_kernel_sigma_y"": 0.5, ""oriented_kernel_size"": 9, ""step"": 0.16}, ""NLM"": {""backend"": ""cv2"", ""cv2_searchWindowSize"": 21, ""cv2_templateWindowSize"": 7, ""h"": 0.06, ""patch_distance"": 6, ""patch_size"": 5}}","{""gaussian_noise_sigma"": 0.04825}",0.41281409992370754,0.0018068565174811926,27.430763334049047,0.8332492087816,0.0014241824849202213,92.60746608193739,28.464343596343795,0.9339912034713029,1.0335802622947483,0.2943435963437935,True,-1.2428512419561528,0.00035443686689240255,-0.0106934264831543,,,,,,,,,,,,,,,,,,,,,,,,,
controlled compatibility,gaussian_noise_only_s055,Controlled,216__M_Right_ring_finger.BMP,data\SOCOFing\Real\216__M_Right_ring_finger.BMP,20260905.0,C4_TV_NLM_COH_DIFF,TV -> NLM -> Coherence-Guided Directional Diffusion,"{""Directional Diffusion"": {""iterations"": 4, ""orientation_bins"": 8, ""oriented_kernel_sigma_x"": 1.35, ""oriented_kernel_sigma_y"": 0.5, ""oriented_kernel_size"": 9, ""step"": 0.16}, ""NLM"": {""backend"": ""cv2"", ""cv2_searchWindowSize"": 21, ""cv2_templateWindowSize"": 7, ""h"": 0.06, ""patch_distance"": 6, ""patch_size"": 5}, ""TV"": {""backend"": ""skimage.restoration.denoise_tv_chambolle"", ""weight"": 0.02}}","{""gaussian_noise_sigma"": 0.04825}",0.41888750006910414,0.0018068565174811926,27.430763334049047,0.8332492087816,0.002231297774184228,145.09013776632943,26.514424677908046,0.9088890426558256,-0.9163386561410007,-1.6555753220919556,False,-3.192770160391902,0.0011615521561564094,-0.03579558729863164,,,,,,,,,,,,,,,,,,,,,,,,,
controlled compatibility,gaussian_noise_only_s055,Controlled,598__M_Right_little_finger.BMP,data\SOCOFing\Real\598__M_Right_little_finger.BMP,20260906.0,C0_NLM,NLM,"{""NLM"": {""backend"": ""cv2"", ""cv2_searchWindowSize"": 21, ""cv2_templateWindowSize"": 7, ""h"": 0.06, ""patch_distance"": 6, ""patch_size"": 5}}","{""gaussian_noise_sigma"": 0.04825}",0.10028409992810339,0.0018821194461074912,27.25352818135514,0.8737519754238725,0.0013302646698243235,86.50046015532664,28.76061943086476,0.950864035236597,1.507091249509621,0.5906194308647592,True,0.0,0.0,0.0,,,,,,,,,,,,,,,,,,,,,,,,,
controlled compatibility,gaussian_noise_only_s055,Controlled,598__M_Right_little_finger.BMP,data\SOCOFing\Real\598__M_Right_little_finger.BMP,20260906.0,C1_TV_NLM,TV -> NLM,"{""NLM"": {""backend"": ""cv2"", ""cv2_searchWindowSize"": 21, ""cv2_templateWindowSize"": 7, ""h"": 0.06, ""patch_distance"": 6, ""patch_size"": 5}, ""TV"": {""backend"": ""skimage.restoration.denoise_tv_chambolle"", ""weight"": 0.02}}","{""gaussian_noise_sigma"": 0.04825}",0.10476000013295561,0.0018821194461074912,27.25352818135514,0.8737519754238725,0.0012760979221158335,82.97826738558206,28.941159984966337,0.9470887097163201,1.6876318036111968,0.7711599849663351,True,0.18054055410157588,-5.416674770848998e-05,-0.0037753255202769287,,,,,,,,,,,,,,,,,,,,,,,,,
controlled compatibility,gaussian_noise_only_s055,Controlled,598__M_Right_little_finger.BMP,data\SOCOFing\Real\598__M_Right_little_finger.BMP,20260906.0,C2_NLM_MOD_GABOR,NLM -> Modified / Orientation-Adaptive Gabor,"{""Modified Gabor"": {""bandwidth"": 1.8, ""blend"": 0.18, ""frequencies"": [0.075, 0.095, 0.115, 0.14], ""orientation_bins"": 8, ""use_local_frequency"": true}, ""NLM"": {""backend"": ""cv2"", ""cv2_searchWindowSize"": 21, ""cv2_templateWindowSize"": 7, ""h"": 0.06, ""patch_distance"": 6, ""patch_size"": 5}}","{""gaussian_noise_sigma"": 0.04825}",1.9974296001018956,0.0018821194461074912,27.25352818135514,0.8737519754238725,0.0030559277659929565,198.711702983692,25.148569155418397,0.9287312173842155,-2.1049590259367434,-3.021430844581605,False,-3.6120502754463644,0.001725663096168633,-0.022132817852381526,,,,,,,,,,,,,,,,,,,,,,,,,
controlled compatibility,gaussian_noise_only_s055,Controlled,598__M_Right_little_finger.BMP,data\SOCOFing\Real\598__M_Right_little_finger.BMP,20260906.0,C3_NLM_COH_DIFF,NLM -> Coherence-Guided Directional Diffusion,"{""Directional Diffusion"": {""iterations"": 4, ""orientation_bins"": 8, ""oriented_kernel_sigma_x"": 1.35, ""oriented_kernel_sigma_y"": 0.5, ""oriented_kernel_size"": 9, ""step"": 0.16}, ""NLM"": {""backend"": ""cv2"", ""cv2_searchWindowSize"": 21, ""cv2_templateWindowSize"": 7, ""h"": 0.06, ""patch_distance"": 6, ""patch_size"": 5}}","{""gaussian_noise_sigma"": 0.04825}",0.40865700005088,0.0018821194461074912,27.25352818135514,0.8737519754238725,0.0019811356600387773,128.8233462940215,27.030857847395787,0.9419614552013278,-0.22267033395935343,-1.1391421526042151,False,-1.7297615834689744,0.0006508709902144538,-0.008902580035269225,,,,,,,,,,,,,,,,,,,,,,,,,
controlled compatibility,gaussian_noise_only_s055,Controlled,598__M_Right_little_finger.BMP,data\SOCOFing\Real\598__M_Right_little_finger.BMP,20260906.0,C4_TV_NLM_COH_DIFF,TV -> NLM -> Coherence-Guided Directional Diffusion,"{""Directional Diffusion"": {""iterations"": 4, ""orientation_bins"": 8, ""oriented_kernel_sigma_x"": 1.35, ""oriented_kernel_sigma_y"": 0.5, ""oriented_kernel_size"": 9, ""step"": 0.16}, ""NLM"": {""backend"": ""cv2"", ""cv2_searchWindowSize"": 21, ""cv2_templateWindowSize"": 7, ""h"": 0.06, ""patch_distance"": 6, ""patch_size"": 5}, ""TV"": {""backend"": ""skimage.restoration.denoise_tv_chambolle"", ""weight"": 0.02}}","{""gaussian_noise_sigma"": 0.04825}",0.4229726000921801,0.0018821194461074912,27.25352818135514,0.8737519754238725,0.002739992000276371,178.16797981797103,25.622507051507437,0.9294471065479517,-1.6310211298477029,-2.5474929484925646,False,-3.138112379357324,0.0014097273304520476,-0.02141692868864531,,,,,,,,,,,,,,,,,,,,,,,,,
controlled compatibility,gaussian_noise_only_s055,Controlled,241__M_Right_thumb_finger.BMP,data\SOCOFing\Real\241__M_Right_thumb_finger.BMP,20260907.0,C0_NLM,NLM,"{""NLM"": {""backend"": ""cv2"", ""cv2_searchWindowSize"": 21, ""cv2_templateWindowSize"": 7, ""h"": 0.06, ""patch_distance"": 6, ""patch_size"": 5}}","{""gaussian_noise_sigma"": 0.04825}",0.0986778000369668,0.001711916776903414,27.66517351931141,0.850402770767808,0.0009424709502700191,61.284173541307986,30.25732027150671,0.9331747810809612,2.592146752195301,2.0873202715067087,True,0.0,0.0,0.0,,,,,,,,,,,,,,,,,,,,,,,,,
controlled compatibility,gaussian_noise_only_s055,Controlled,241__M_Right_thumb_finger.BMP,data\SOCOFing\Real\241__M_Right_thumb_finger.BMP,20260907.0,C1_TV_NLM,TV -> NLM,"{""NLM"": {""backend"": ""cv2"", ""cv2_searchWindowSize"": 21, ""cv2_templateWindowSize"": 7, ""h"": 0.06, ""patch_distance"": 6, ""patch_size"": 5}, ""TV"": {""backend"": ""skimage.restoration.denoise_tv_chambolle"", ""weight"": 0.02}}","{""gaussian_noise_sigma"": 0.04825}",0.09965910005848855,0.001711916776903414,27.66517351931141,0.850402770767808,0.001275478800770325,82.93800902009039,28.943267552313596,0.9103660993355512,1.278094033002187,0.7732675523135946,True,-1.3140527191931142,0.000333007850500306,-0.022808681745409953,,,,,,,,,,,,,,,,,,,,,,,,,
controlled compatibility,gaussian_noise_only_s055,Controlled,241__M_Right_thumb_finger.BMP,data\SOCOFing\Real\241__M_Right_thumb_finger.BMP,20260907.0,C2_NLM_MOD_GABOR,NLM -> Modified / Orientation-Adaptive Gabor,"{""Modified Gabor"": {""bandwidth"": 1.8, ""blend"": 0.18, ""frequencies"": [0.075, 0.095, 0.115, 0.14], ""orientation_bins"": 8, ""use_local_frequency"": true}, ""NLM"": {""backend"": ""cv2"", ""cv2_searchWindowSize"": 21, ""cv2_templateWindowSize"": 7, ""h"": 0.06, ""patch_distance"": 6, ""patch_size"": 5}}","{""gaussian_noise_sigma"": 0.04825}",1.9577372000785545,0.001711916776903414,27.66517351931141,0.850402770767808,0.0037301549454530313,242.55332532808336,24.28273127827339,0.8625374330596178,-3.382442241038021,-3.8872687217266133,False,-5.974588993233322,0.0027876839951830124,-0.07063734802134336,,,,,,,,,,,,,,,,,,,,,,,,,
controlled compatibility,gaussian_noise_only_s055,Controlled,241__M_Right_thumb_finger.BMP,data\SOCOFing\Real\241__M_Right_thumb_finger.BMP,20260907.0,C3_NLM_COH_DIFF,NLM -> Coherence-Guided Directional Diffusion,"{""Directional Diffusion"": {""iterations"": 4, ""orientation_bins"": 8, ""oriented_kernel_sigma_x"": 1.35, ""oriented_kernel_sigma_y"": 0.5, ""oriented_kernel_size"": 9, ""step"": 0.16}, ""NLM"": {""backend"": ""cv2"", ""cv2_searchWindowSize"": 21, ""cv2_templateWindowSize"": 7, ""h"": 0.06, ""patch_distance"": 6, ""patch_size"": 5}}","{""gaussian_noise_sigma"": 0.04825}",0.3717004000209272,0.001711916776903414,27.66517351931141,0.850402770767808,0.001121665303879173,72.93628638474321,29.50136713813261,0.9253578372704983,1.836193618821202,1.3313671381326095,True,-0.7559531333740992,0.00017919435360915382,-0.00781694381046294,,,,,,,,,,,,,,,,,,,,,,,,,
controlled compatibility,gaussian_noise_only_s055,Controlled,241__M_Right_thumb_finger.BMP,data\SOCOFing\Real\241__M_Right_thumb_finger.BMP,20260907.0,C4_TV_NLM_COH_DIFF,TV -> NLM -> Coherence-Guided Directional Diffusion,"{""Directional Diffusion"": {""iterations"": 4, ""orientation_bins"": 8, ""oriented_kernel_sigma_x"": 1.35, ""oriented_kernel_sigma_y"": 0.5, ""oriented_kernel_size"": 9, ""step"": 0.16}, ""NLM"": {""backend"": ""cv2"", ""cv2_searchWindowSize"": 21, ""cv2_templateWindowSize"": 7, ""h"": 0.06, ""patch_distance"": 6, ""patch_size"": 5}, ""TV"": {""backend"": ""skimage.restoration.denoise_tv_chambolle"", ""weight"": 0.02}}","{""gaussian_noise_sigma"": 0.04825}",0.38525269995443523,0.001711916776903414,27.66517351931141,0.850402770767808,0.0017447861136816022,113.45471704214619,27.582578038572866,0.8972264256125688,-0.08259548073854361,-0.5874219614271361,False,-2.674742232933845,0.0008023151634115832,-0.03594835546839237,,,,,,,,,,,,,,,,,,,,,,,,,
controlled compatibility,gaussian_noise_only_s055,Controlled,318__F_Left_little_finger.BMP,data\SOCOFing\Real\318__F_Left_little_finger.BMP,20260908.0,C0_NLM,NLM,"{""NLM"": {""backend"": ""cv2"", ""cv2_searchWindowSize"": 21, ""cv2_templateWindowSize"": 7, ""h"": 0.06, ""patch_distance"": 6, ""patch_size"": 5}}","{""gaussian_noise_sigma"": 0.04825}",0.09419829992111772,0.0017130572501316702,27.662281227316278,0.8043506319574714,0.0011651664558396278,75.7649487909718,29.33612026836551,0.9208061531684398,1.6738390410492308,1.166120268365507,True,0.0,0.0,0.0,,,,,,,,,,,,,,,,,,,,,,,,,
controlled compatibility,gaussian_noise_only_s055,Controlled,318__F_Left_little_finger.BMP,data\SOCOFing\Real\318__F_Left_little_finger.BMP,20260908.0,C1_TV_NLM,TV -> NLM,"{""NLM"": {""backend"": ""cv2"", ""cv2_searchWindowSize"": 21, ""cv2_templateWindowSize"": 7, ""h"": 0.06, ""patch_distance"": 6, ""patch_size"": 5}, ""TV"": {""backend"": ""skimage.restoration.denoise_tv_chambolle"", ""weight"": 0.02}}","{""gaussian_noise_sigma"": 0.04825}",0.09567550010979176,0.0017130572501316702,27.662281227316278,0.8043506319574714,0.00115657960669269,75.20658892519216,29.36824469631347,0.9110262014024257,1.7059634689971936,1.1982446963134699,True,0.032124427947962886,-8.586849146937758e-06,-0.009779951766014094,,,,,,,,,,,,,,,,,,,,,,,,,
controlled compatibility,gaussian_noise_only_s055,Controlled,318__F_Left_little_finger.BMP,data\SOCOFing\Real\318__F_Left_little_finger.BMP,20260908.0,C2_NLM_MOD_GABOR,NLM -> Modified / Orientation-Adaptive Gabor,"{""Modified Gabor"": {""bandwidth"": 1.8, ""blend"": 0.18, ""frequencies"": [0.075, 0.095, 0.115, 0.14], ""orientation_bins"": 8, ""use_local_frequency"": true}, ""NLM"": {""backend"": ""cv2"", ""cv2_searchWindowSize"": 21, ""cv2_templateWindowSize"": 7, ""h"": 0.06, ""patch_distance"": 6, ""patch_size"": 5}}","{""gaussian_noise_sigma"": 0.04825}",1.986635599983856,0.0017130572501316702,27.662281227316278,0.8043506319574714,0.00268510519887718,174.59896555698862,25.71038694546598,0.8978854520524815,-1.9518942818502971,-2.459613054534021,False,-3.625733322899528,0.0015199387430375523,-0.022920701115958342,,,,,,,,,,,,,,,,,,,,,,,,,
controlled compatibility,gaussian_noise_only_s055,Controlled,318__F_Left_little_finger.BMP,data\SOCOFing\Real\318__F_Left_little_finger.BMP,20260908.0,C3_NLM_COH_DIFF,NLM -> Coherence-Guided Directional Diffusion,"{""Directional Diffusion"": {""iterations"": 4, ""orientation_bins"": 8, ""oriented_kernel_sigma_x"": 1.35, ""oriented_kernel_sigma_y"": 0.5, ""oriented_kernel_size"": 9, ""step"": 0.16}, ""NLM"": {""backend"": ""cv2"", ""cv2_searchWindowSize"": 21, ""cv2_templateWindowSize"": 7, ""h"": 0.06, ""patch_distance"": 6, ""patch_size"": 5}}","{""gaussian_noise_sigma"": 0.04825}",0.38696570007596165,0.0017130572501316702,27.662281227316278,0.8043506319574714,0.0012748168884399657,82.89496817080878,28.945521917407415,0.9170140134792328,1.2832406900911373,0.7755219174074135,True,-0.3905983509580935,0.00010965043260033791,-0.003792139689206997,,,,,,,,,,,,,,,,,,,,,,,,,
controlled compatibility,gaussian_noise_only_s055,Controlled,318__F_Left_little_finger.BMP,data\SOCOFing\Real\318__F_Left_little_finger.BMP,20260908.0,C4_TV_NLM_COH_DIFF,TV -> NLM -> Coherence-Guided Directional Diffusion,"{""Directional Diffusion"": {""iterations"": 4, ""orientation_bins"": 8, ""oriented_kernel_sigma_x"": 1.35, ""oriented_kernel_sigma_y"": 0.5, ""oriented_kernel_size"": 9, ""step"": 0.16}, ""NLM"": {""backend"": ""cv2"", ""cv2_searchWindowSize"": 21, ""cv2_templateWindowSize"": 7, ""h"": 0.06, ""patch_distance"": 6, ""patch_size"": 5}, ""TV"": {""backend"": ""skimage.restoration.denoise_tv_chambolle"", ""weight"": 0.02}}","{""gaussian_noise_sigma"": 0.04825}",0.39548580010887235,0.0017130572501316702,27.662281227316278,0.8043506319574714,0.0016884416939421496,109.79092114858827,27.72513932029693,0.9017904385690689,0.06285809298065104,-0.44486067970307275,False,-1.6109809480685797,0.0005232752381025218,-0.019015714599370903,,,,,,,,,,,,,,,,,,,,,,,,,
controlled compatibility,gaussian_noise_only_s055,Controlled,533__M_Left_thumb_finger.BMP,data\SOCOFing\Real\533__M_Left_thumb_finger.BMP,20260909.0,C0_NLM,NLM,"{""NLM"": {""backend"": ""cv2"", ""cv2_searchWindowSize"": 21, ""cv2_templateWindowSize"": 7, ""h"": 0.06, ""patch_distance"": 6, ""patch_size"": 5}}","{""gaussian_noise_sigma"": 0.04825}",0.09484109992627054,0.0019395189205992519,27.123059793679882,0.8763417573081553,0.001110225396631721,72.19240641597766,29.545888423159383,0.9395819773564339,2.4228286294795005,1.375888423159381,True,0.0,0.0,0.0,,,,,,,,,,,,,,,,,,,,,,,,,
controlled compatibility,gaussian_noise_only_s055,Controlled,533__M_Left_thumb_finger.BMP,data\SOCOFing\Real\533__M_Left_thumb_finger.BMP,20260909.0,C1_TV_NLM,TV -> NLM,"{""NLM"": {""backend"": ""cv2"", ""cv2_searchWindowSize"": 21, ""cv2_templateWindowSize"": 7, ""h"": 0.06, ""patch_distance"": 6, ""patch_size"": 5}, ""TV"": {""backend"": ""skimage.restoration.denoise_tv_chambolle"", ""weight"": 0.02}}","{""gaussian_noise_sigma"": 0.04825}",0.09978659998159856,0.0019395189205992519,27.123059793679882,0.8763417573081553,0.0012949492364249429,84.20407409853192,28.877472561175903,0.929442343678832,1.7544127674960208,0.7074725611759014,True,-0.6684158619834797,0.00018472383979322186,-0.010139633677601845,,,,,,,,,,,,,,,,,,,,,,,,,
controlled compatibility,gaussian_noise_only_s055,Controlled,533__M_Left_thumb_finger.BMP,data\SOCOFing\Real\533__M_Left_thumb_finger.BMP,20260909.0,C2_NLM_MOD_GABOR,NLM -> Modified / Orientation-Adaptive Gabor,"{""Modified Gabor"": {""bandwidth"": 1.8, ""blend"": 0.18, ""frequencies"": [0.075, 0.095, 0.115, 0.14], ""orientation_bins"": 8, ""use_local_frequency"": true}, ""NLM"": {""backend"": ""cv2"", ""cv2_searchWindowSize"": 21, ""cv2_templateWindowSize"": 7, ""h"": 0.06, ""patch_distance"": 6, ""patch_size"": 5}}","{""gaussian_noise_sigma"": 0.04825}",1.9368125000037253,0.0019395189205992519,27.123059793679882,0.8763417573081553,0.0026018556155586237,169.18566140169952,25.847168073539795,0.9176754559949338,-1.2758917201400877,-2.322831926460207,False,-3.698720349619588,0.0014916302189269027,-0.021906521361500064,,,,,,,,,,,,,,,,,,,,,,,,,
controlled compatibility,gaussian_noise_only_s055,Controlled,533__M_Left_thumb_finger.BMP,data\SOCOFing\Real\533__M_Left_thumb_finger.BMP,20260909.0,C3_NLM_COH_DIFF,NLM -> Coherence-Guided Directional Diffusion,"{""Directional Diffusion"": {""iterations"": 4, ""orientation_bins"": 8, ""oriented_kernel_sigma_x"": 1.35, ""oriented_kernel_sigma_y"": 0.5, ""oriented_kernel_size"": 9, ""step"": 0.16}, ""NLM"": {""backend"": ""cv2"", ""cv2_searchWindowSize"": 21, ""cv2_templateWindowSize"": 7, ""h"": 0.06, ""patch_distance"": 6, ""patch_size"": 5}}","{""gaussian_noise_sigma"": 0.04825}",0.3785872998414561,0.0019395189205992519,27.123059793679882,0.8763417573081553,0.0015673899000265212,101.91952824922454,28.04822956073189,0.9301966620498896,0.925169767052008,-0.12177043926811137,False,-1.4976588624274925,0.00045716450339480016,-0.009385315306544295,,,,,,,,,,,,,,,,,,,,,,,,,
controlled compatibility,gaussian_noise_only_s055,Controlled,533__M_Left_thumb_finger.BMP,data\SOCOFing\Real\533__M_Left_thumb_finger.BMP,20260909.0,C4_TV_NLM_COH_DIFF,TV -> NLM -> Coherence-Guided Directional Diffusion,"{""Directional Diffusion"": {""iterations"": 4, ""orientation_bins"": 8, ""oriented_kernel_sigma_x"": 1.35, ""oriented_kernel_sigma_y"": 0.5, ""oriented_kernel_size"": 9, ""step"": 0.16}, ""NLM"": {""backend"": ""cv2"", ""cv2_searchWindowSize"": 21, ""cv2_templateWindowSize"": 7, ""h"": 0.06, ""patch_distance"": 6, ""patch_size"": 5}, ""TV"": {""backend"": ""skimage.restoration.denoise_tv_chambolle"", ""weight"": 0.02}}","{""gaussian_noise_sigma"": 0.04825}",0.380239799967967,0.0019395189205992519,27.123059793679882,0.8763417573081553,0.0023565863729590572,153.23702890166268,26.27716637970092,0.9114532305656672,-0.8458934139789633,-1.8928336202990828,False,-3.268722043458464,0.0012463609763273362,-0.028128746790766712,,,,,,,,,,,,,,,,,,,,,,,,,
controlled compatibility,gaussian_noise_only_s055,Controlled,352__M_Left_ring_finger.BMP,data\SOCOFing\Real\352__M_Left_ring_finger.BMP,20260910.0,C0_NLM,NLM,"{""NLM"": {""backend"": ""cv2"", ""cv2_searchWindowSize"": 21, ""cv2_templateWindowSize"": 7, ""h"": 0.06, ""patch_distance"": 6, ""patch_size"": 5}}","{""gaussian_noise_sigma"": 0.04825}",0.09442829992622137,0.001903407279495424,27.20468274081695,0.8733701479203702,0.0013020903715608443,84.66842641074389,28.85358872520388,0.9530143729838133,1.648905984386932,0.6835887252038795,True,0.0,0.0,0.0,,,,,,,,,,,,,,,,,,,,,,,,,
controlled compatibility,gaussian_noise_only_s055,Controlled,352__M_Left_ring_finger.BMP,data\SOCOFing\Real\352__M_Left_ring_finger.BMP,20260910.0,C1_TV_NLM,TV -> NLM,"{""NLM"": {""backend"": ""cv2"", ""cv2_searchWindowSize"": 21, ""cv2_templateWindowSize"": 7, ""h"": 0.06, ""patch_distance"": 6, ""patch_size"": 5}, ""TV"": {""backend"": ""skimage.restoration.denoise_tv_chambolle"", ""weight"": 0.02}}","{""gaussian_noise_sigma"": 0.04825}",0.09275449987035245,0.001903407279495424,27.20468274081695,0.8733701479203702,0.0012662920845575706,82.34064279835603,28.974661078410154,0.947938025053978,1.769978337593205,0.8046610784101524,True,0.12107235320627296,-3.579828700327366e-05,-0.005076347929835356,,,,,,,,,,,,,,,,,,,,,,,,,
controlled compatibility,gaussian_noise_only_s055,Controlled,352__M_Left_ring_finger.BMP,data\SOCOFing\Real\352__M_Left_ring_finger.BMP,20260910.0,C2_NLM_MOD_GABOR,NLM -> Modified / Orientation-Adaptive Gabor,"{""Modified Gabor"": {""bandwidth"": 1.8, ""blend"": 0.18, ""frequencies"": [0.075, 0.095, 0.115, 0.14], ""orientation_bins"": 8, ""use_local_frequency"": true}, ""NLM"": {""backend"": ""cv2"", ""cv2_searchWindowSize"": 21, ""cv2_templateWindowSize"": 7, ""h"": 0.06, ""patch_distance"": 6, ""patch_size"": 5}}","{""gaussian_noise_sigma"": 0.04825}",1.9242101999698207,0.001903407279495424,27.20468274081695,0.8733701479203702,0.0030166774059357266,196.15944832097063,25.204711294381088,0.9292875071834102,-1.999971446435861,-2.9652887056189137,False,-3.648877430822793,0.0017145870343748823,-0.023726865800403063,,,,,,,,,,,,,,,,,,,,,,,,,
controlled compatibility,gaussian_noise_only_s055,Controlled,352__M_Left_ring_finger.BMP,data\SOCOFing\Real\352__M_Left_ring_finger.BMP,20260910.0,C3_NLM_COH_DIFF,NLM -> Coherence-Guided Directional Diffusion,"{""Directional Diffusion"": {""iterations"": 4, ""orientation_bins"": 8, ""oriented_kernel_sigma_x"": 1.35, ""oriented_kernel_sigma_y"": 0.5, ""oriented_kernel_size"": 9, ""step"": 0.16}, ""NLM"": {""backend"": ""cv2"", ""cv2_searchWindowSize"": 21, ""cv2_templateWindowSize"": 7, ""h"": 0.06, ""patch_distance"": 6, ""patch_size"": 5}}","{""gaussian_noise_sigma"": 0.04825}",0.38104639993980527,0.001903407279495424,27.20468274081695,0.8733701479203702,0.0017511189712992343,113.8665111087327,27.566843468785546,0.9448454016305208,0.3621607279685968,-0.6031565312144558,False,-1.2867452564183353,0.00044902859973839,-0.008168971353292531,,,,,,,,,,,,,,,,,,,,,,,,,
controlled compatibility,gaussian_noise_only_s055,Controlled,352__M_Left_ring_finger.BMP,data\SOCOFing\Real\352__M_Left_ring_finger.BMP,20260910.0,C4_TV_NLM_COH_DIFF,TV -> NLM -> Coherence-Guided Directional Diffusion,"{""Directional Diffusion"": {""iterations"": 4, ""orientation_bins"": 8, ""oriented_kernel_sigma_x"": 1.35, ""oriented_kernel_sigma_y"": 0.5, ""oriented_kernel_size"": 9, ""step"": 0.16}, ""NLM"": {""backend"": ""cv2"", ""cv2_searchWindowSize"": 21, ""cv2_templateWindowSize"": 7, ""h"": 0.06, ""patch_distance"": 6, ""patch_size"": 5}, ""TV"": {""backend"": ""skimage.restoration.denoise_tv_chambolle"", ""weight"": 0.02}}","{""gaussian_noise_sigma"": 0.04825}",0.3809862000634894,0.001903407279495424,27.20468274081695,0.8733701479203702,0.002490867808333372,161.9686792368775,26.036493200888387,0.9302074716200829,-1.1681895399285622,-2.133506799111615,False,-2.8170955243154943,0.0011887774367725277,-0.022806901363730425,,,,,,,,,,,,,,,,,,,,,,,,,
controlled compatibility,gaussian_noise_only_s055,Controlled,399__M_Right_ring_finger.BMP,data\SOCOFing\Real\399__M_Right_ring_finger.BMP,20260911.0,C0_NLM,NLM,"{""NLM"": {""backend"": ""cv2"", ""cv2_searchWindowSize"": 21, ""cv2_templateWindowSize"": 7, ""h"": 0.06, ""patch_distance"": 6, ""patch_size"": 5}}","{""gaussian_noise_sigma"": 0.04825}",0.08693350001703948,0.0019032871127096307,27.204956930266476,0.7428131429225504,0.0008344819015862363,54.262185650645016,30.785830779499392,0.9040560610564947,3.5808738492329155,2.6158307794993902,True,0.0,0.0,0.0,,,,,,,,,,,,,,,,,,,,,,,,,
controlled compatibility,gaussian_noise_only_s055,Controlled,399__M_Right_ring_finger.BMP,data\SOCOFing\Real\399__M_Right_ring_finger.BMP,20260911.0,C1_TV_NLM,TV -> NLM,"{""NLM"": {""backend"": ""cv2"", ""cv2_searchWindowSize"": 21, ""cv2_templateWindowSize"": 7, ""h"": 0.06, ""patch_distance"": 6, ""patch_size"": 5}, ""TV"": {""backend"": ""skimage.restoration.denoise_tv_chambolle"", ""weight"": 0.02}}","{""gaussian_noise_sigma"": 0.04825}",0.09630939993076026,0.0019032871127096307,27.204956930266476,0.7428131429225504,0.0011796116398701477,76.70424688255636,29.282609506790436,0.8726035992652178,2.0776525765239597,1.1126095067904345,True,-1.5032212727089558,0.00034512973828391134,-0.03145246179127692,,,,,,,,,,,,,,,,,,,,,,,,,
controlled compatibility,gaussian_noise_only_s055,Controlled,399__M_Right_ring_finger.BMP,data\SOCOFing\Real\399__M_Right_ring_finger.BMP,20260911.0,C2_NLM_MOD_GABOR,NLM -> Modified / Orientation-Adaptive Gabor,"{""Modified Gabor"": {""bandwidth"": 1.8, ""blend"": 0.18, ""frequencies"": [0.075, 0.095, 0.115, 0.14], ""orientation_bins"": 8, ""use_local_frequency"": true}, ""NLM"": {""backend"": ""cv2"", ""cv2_searchWindowSize"": 21, ""cv2_templateWindowSize"": 7, ""h"": 0.06, ""patch_distance"": 6, ""patch_size"": 5}}","{""gaussian_noise_sigma"": 0.04825}",1.9546490999637172,0.0019032871127096307,27.204956930266476,0.7428131429225504,0.00197704335896117,128.5572444164501,27.039838059766225,0.8792742709484472,-0.1651188705002511,-1.1301619402337764,False,-3.7459927197331666,0.0011425614573749338,-0.024781790108047486,,,,,,,,,,,,,,,,,,,,,,,,,
controlled compatibility,gaussian_noise_only_s055,Controlled,399__M_Right_ring_finger.BMP,data\SOCOFing\Real\399__M_Right_ring_finger.BMP,20260911.0,C3_NLM_COH_DIFF,NLM -> Coherence-Guided Directional Diffusion,"{""Directional Diffusion"": {""iterations"": 4, ""orientation_bins"": 8, ""oriented_kernel_sigma_x"": 1.35, ""oriented_kernel_sigma_y"": 0.5, ""oriented_kernel_size"": 9, ""step"": 0.16}, ""NLM"": {""backend"": ""cv2"", ""cv2_searchWindowSize"": 21, ""cv2_templateWindowSize"": 7, ""h"": 0.06, ""patch_distance"": 6, ""patch_size"": 5}}","{""gaussian_noise_sigma"": 0.04825}",0.38479630008805543,0.0019032871127096307,27.204956930266476,0.7428131429225504,0.0009899402560885236,64.37086515215626,30.04391014729736,0.8962743194031716,2.838953217030884,1.8739101472973587,True,-0.7419206322020315,0.00015545835450228725,-0.0077817416533231265,,,,,,,,,,,,,,,,,,,,,,,,,
controlled compatibility,gaussian_noise_only_s055,Controlled,399__M_Right_ring_finger.BMP,data\SOCOFing\Real\399__M_Right_ring_finger.BMP,20260911.0,C4_TV_NLM_COH_DIFF,TV -> NLM -> Coherence-Guided Directional Diffusion,"{""Directional Diffusion"": {""iterations"": 4, ""orientation_bins"": 8, ""oriented_kernel_sigma_x"": 1.35, ""oriented_kernel_sigma_y"": 0.5, ""oriented_kernel_size"": 9, ""step"": 0.16}, ""NLM"": {""backend"": ""cv2"", ""cv2_searchWindowSize"": 21, ""cv2_templateWindowSize"": 7, ""h"": 0.06, ""patch_distance"": 6, ""patch_size"": 5}, ""TV"": {""backend"": ""skimage.restoration.denoise_tv_chambolle"", ""weight"": 0.02}}","{""gaussian_noise_sigma"": 0.04825}",0.3857437998522073,0.0019032871127096307,27.204956930266476,0.7428131429225504,0.0015716951326859665,102.19947600290497,28.036316917779274,0.8579454309485555,0.8313599875127977,-0.13368308222072756,False,-2.749513861720118,0.0007372132310997302,-0.046110630107939254,,,,,,,,,,,,,,,,,,,,,,,,,
controlled compatibility,gaussian_noise_only_s055,Controlled,576__M_Left_middle_finger.BMP,data\SOCOFing\Real\576__M_Left_middle_finger.BMP,20260912.0,C0_NLM,NLM,"{""NLM"": {""backend"": ""cv2"", ""cv2_searchWindowSize"": 21, ""cv2_templateWindowSize"": 7, ""h"": 0.06, ""patch_distance"": 6, ""patch_size"": 5}}","{""gaussian_noise_sigma"": 0.04825}",0.09105399996042252,0.002031270406233776,26.922322587132548,0.9139492286464572,0.001394595682737294,90.68358426999254,28.55551683578449,0.9523853311181069,1.633194248651943,0.3855168357844896,True,0.0,0.0,0.0,,,,,,,,,,,,,,,,,,,,,,,,,
controlled compatibility,gaussian_noise_only_s055,Controlled,576__M_Left_middle_finger.BMP,data\SOCOFing\Real\576__M_Left_middle_finger.BMP,20260912.0,C1_TV_NLM,TV -> NLM,"{""NLM"": {""backend"": ""cv2"", ""cv2_searchWindowSize"": 21, ""cv2_templateWindowSize"": 7, ""h"": 0.06, ""patch_distance"": 6, ""patch_size"": 5}, ""TV"": {""backend"": ""skimage.restoration.denoise_tv_chambolle"", ""weight"": 0.02}}","{""gaussian_noise_sigma"": 0.04825}",0.09808390005491674,0.002031270406233776,26.922322587132548,0.9139492286464572,0.001438380809317233,93.53071212585307,28.421261198705988,0.9465382854058743,1.4989386115734398,0.2512611987059863,True,-0.1342556370785033,4.378512657993898e-05,-0.005847045712232601,,,,,,,,,,,,,,,,,,,,,,,,,
controlled compatibility,gaussian_noise_only_s055,Controlled,576__M_Left_middle_finger.BMP,data\SOCOFing\Real\576__M_Left_middle_finger.BMP,20260912.0,C2_NLM_MOD_GABOR,NLM -> Modified / Orientation-Adaptive Gabor,"{""Modified Gabor"": {""bandwidth"": 1.8, ""blend"": 0.18, ""frequencies"": [0.075, 0.095, 0.115, 0.14], ""orientation_bins"": 8, ""use_local_frequency"": true}, ""NLM"": {""backend"": ""cv2"", ""cv2_searchWindowSize"": 21, ""cv2_templateWindowSize"": 7, ""h"": 0.06, ""patch_distance"": 6, ""patch_size"": 5}}","{""gaussian_noise_sigma"": 0.04825}",1.894408299936913,0.002031270406233776,26.922322587132548,0.9139492286464572,0.0035620009665918327,231.61911285263392,24.483059670217248,0.9270201184892766,-2.4392629169153004,-3.686940329782754,False,-4.0724571655672435,0.0021674052838545387,-0.02536521262883029,,,,,,,,,,,,,,,,,,,,,,,,,
controlled compatibility,gaussian_noise_only_s055,Controlled,576__M_Left_middle_finger.BMP,data\SOCOFing\Real\576__M_Left_middle_finger.BMP,20260912.0,C3_NLM_COH_DIFF,NLM -> Coherence-Guided Directional Diffusion,"{""Directional Diffusion"": {""iterations"": 4, ""orientation_bins"": 8, ""oriented_kernel_sigma_x"": 1.35, ""oriented_kernel_sigma_y"": 0.5, ""oriented_kernel_size"": 9, ""step"": 0.16}, ""NLM"": {""backend"": ""cv2"", ""cv2_searchWindowSize"": 21, ""cv2_templateWindowSize"": 7, ""h"": 0.06, ""patch_distance"": 6, ""patch_size"": 5}}","{""gaussian_noise_sigma"": 0.04825}",0.3722162999911234,0.002031270406233776,26.922322587132548,0.9139492286464572,0.0020024460391280313,130.20905369430022,26.98439178227339,0.9407812451397181,0.06206919514084319,-1.1856082177266103,False,-1.5711250535110999,0.0006078503563907373,-0.0116040859783888,,,,,,,,,,,,,,,,,,,,,,,,,
controlled compatibility,gaussian_noise_only_s055,Controlled,576__M_Left_middle_finger.BMP,data\SOCOFing\Real\576__M_Left_middle_finger.BMP,20260912.0,C4_TV_NLM_COH_DIFF,TV -> NLM -> Coherence-Guided Directional Diffusion,"{""Directional Diffusion"": {""iterations"": 4, ""orientation_bins"": 8, ""oriented_kernel_sigma_x"": 1.35, ""oriented_kernel_sigma_y"": 0.5, ""oriented_kernel_size"": 9, ""step"": 0.16}, ""NLM"": {""backend"": ""cv2"", ""cv2_searchWindowSize"": 21, ""cv2_templateWindowSize"": 7, ""h"": 0.06, ""patch_distance"": 6, ""patch_size"": 5}, ""TV"": {""backend"": ""skimage.restoration.denoise_tv_chambolle"", ""weight"": 0.02}}","{""gaussian_noise_sigma"": 0.04825}",0.37423800001852214,0.002031270406233776,26.922322587132548,0.9139492286464572,0.0030469778168243167,198.1297325390012,25.161307075974314,0.91967594595325,-1.7610155111582344,-3.008692924025688,False,-3.3942097598101775,0.0016523821340870227,-0.032709385164856886,,,,,,,,,,,,,,,,,,,,,,,,,
controlled compatibility,gaussian_noise_only_s055,Controlled,506__M_Right_ring_finger.BMP,data\SOCOFing\Real\506__M_Right_ring_finger.BMP,20260913.0,C0_NLM,NLM,"{""NLM"": {""backend"": ""cv2"", ""cv2_searchWindowSize"": 21, ""cv2_templateWindowSize"": 7, ""h"": 0.06, ""patch_distance"": 6, ""patch_size"": 5}}","{""gaussian_noise_sigma"": 0.04825}",0.09200199996121228,0.001830779564256493,27.373639439507528,0.8725444532354772,0.0012803398035443943,83.25409572547424,28.92674752837074,0.9426693833119869,1.5531080888632118,0.7567475283707381,True,0.0,0.0,0.0,,,,,,,,,,,,,,,,,,,,,,,,,
controlled compatibility,gaussian_noise_only_s055,Controlled,506__M_Right_ring_finger.BMP,data\SOCOFing\Real\506__M_Right_ring_finger.BMP,20260913.0,C1_TV_NLM,TV -> NLM,"{""NLM"": {""backend"": ""cv2"", ""cv2_searchWindowSize"": 21, ""cv2_templateWindowSize"": 7, ""h"": 0.06, ""patch_distance"": 6, ""patch_size"": 5}, ""TV"": {""backend"": ""skimage.restoration.denoise_tv_chambolle"", ""weight"": 0.02}}","{""gaussian_noise_sigma"": 0.04825}",0.1082153000170365,0.001830779564256493,27.373639439507528,0.8725444532354772,0.0012377897918983236,80.4872812181885,29.073531032723125,0.9363291428934336,1.6998915932155967,0.903531032723123,True,0.14678350435238485,-4.255001164607075e-05,-0.0063402404185533,,,,,,,,,,,,,,,,,,,,,,,,,
controlled compatibility,gaussian_noise_only_s055,Controlled,506__M_Right_ring_finger.BMP,data\SOCOFing\Real\506__M_Right_ring_finger.BMP,20260913.0,C2_NLM_MOD_GABOR,NLM -> Modified / Orientation-Adaptive Gabor,"{""Modified Gabor"": {""bandwidth"": 1.8, ""blend"": 0.18, ""frequencies"": [0.075, 0.095, 0.115, 0.14], ""orientation_bins"": 8, ""use_local_frequency"": true}, ""NLM"": {""backend"": ""cv2"", ""cv2_searchWindowSize"": 21, ""cv2_templateWindowSize"": 7, ""h"": 0.06, ""patch_distance"": 6, ""patch_size"": 5}}","{""gaussian_noise_sigma"": 0.04825}",2.0609640000620857,0.001830779564256493,27.373639439507528,0.8725444532354772,0.0030253871329506154,196.72579832011377,25.19219044500208,0.9110589835520312,-2.1814489945054483,-2.977809554997922,False,-3.73455708336866,0.001745047329406221,-0.03161039975995572,,,,,,,,,,,,,,,,,,,,,,,,,
controlled compatibility,gaussian_noise_only_s055,Controlled,506__M_Right_ring_finger.BMP,data\SOCOFing\Real\506__M_Right_ring_finger.BMP,20260913.0,C3_NLM_COH_DIFF,NLM -> Coherence-Guided Directional Diffusion,"{""Directional Diffusion"": {""iterations"": 4, ""orientation_bins"": 8, ""oriented_kernel_sigma_x"": 1.35, ""oriented_kernel_sigma_y"": 0.5, ""oriented_kernel_size"": 9, ""step"": 0.16}, ""NLM"": {""backend"": ""cv2"", ""cv2_searchWindowSize"": 21, ""cv2_templateWindowSize"": 7, ""h"": 0.06, ""patch_distance"": 6, ""patch_size"": 5}}","{""gaussian_noise_sigma"": 0.04825}",0.4206524998880923,0.001830779564256493,27.373639439507528,0.8725444532354772,0.0014575922178975923,94.77993396879094,28.363639590683572,0.9376890432884694,0.9900001511760443,0.19363959068357062,True,-0.5631079376871675,0.00017725241435319794,-0.004980340023517549,,,,,,,,,,,,,,,,,,,,,,,,,
controlled compatibility,gaussian_noise_only_s055,Controlled,506__M_Right_ring_finger.BMP,data\SOCOFing\Real\506__M_Right_ring_finger.BMP,20260913.0,C4_TV_NLM_COH_DIFF,TV -> NLM -> Coherence-Guided Directional Diffusion,"{""Directional Diffusion"": {""iterations"": 4, ""orientation_bins"": 8, ""oriented_kernel_sigma_x"": 1.35, ""oriented_kernel_sigma_y"": 0.5, ""oriented_kernel_size"": 9, ""step"": 0.16}, ""NLM"": {""backend"": ""cv2"", ""cv2_searchWindowSize"": 21, ""cv2_templateWindowSize"": 7, ""h"": 0.06, ""patch_distance"": 6, ""patch_size"": 5}, ""TV"": {""backend"": ""skimage.restoration.denoise_tv_chambolle"", ""weight"": 0.02}}","{""gaussian_noise_sigma"": 0.04825}",0.4698235000250861,0.001830779564256493,27.373639439507528,0.8725444532354772,0.0019219030780779276,124.97174765201724,27.162685176650196,0.9248016457597613,-0.21095426285733154,-1.0073148233498053,False,-1.7640623517205434,0.0006415632745335332,-0.017867737552225593,,,,,,,,,,,,,,,,,,,,,,,,,
direct Altered compatibility,direct_altered_no_synthetic_degradation,Easy,100__M_Left_index_finger_CR.BMP,data\SOCOFing\Altered\Altered-Easy\100__M_Left_index_finger_CR.BMP,,C0_NLM,NLM,"{""NLM"": {""backend"": ""cv2"", ""cv2_searchWindowSize"": 21, ""cv2_templateWindowSize"": 7, ""h"": 0.06, ""patch_distance"": 6, ""patch_size"": 5}}",,0.09389919997192919,,,,,,,,,,,,,,Altered-Easy,Compatibility candidate,False,False,0.8101440668106079,0.21973806619644165,0.21973806619644165,0.416748046875,2.3432923257176332,1.0,33.52873563218391,0.04857373237609863,-0.005068883299827576,-0.005068883299827576,-0.000823974609375,-0.0684594830962233,0.0,2.079537771221343,0.0,0.0,0.0,0.0,0.0,0.0,0.0
direct Altered compatibility,direct_altered_no_synthetic_degradation,Easy,100__M_Left_index_finger_CR.BMP,data\SOCOFing\Altered\Altered-Easy\100__M_Left_index_finger_CR.BMP,,C1_TV_NLM,TV -> NLM,"{""NLM"": {""backend"": ""cv2"", ""cv2_searchWindowSize"": 21, ""cv2_templateWindowSize"": 7, ""h"": 0.06, ""patch_distance"": 6, ""patch_size"": 5}, ""TV"": {""backend"": ""skimage.restoration.denoise_tv_chambolle"", ""weight"": 0.02}}",,0.09515390009619296,,,,,,,,,,,,,,Altered-Easy,Compatibility candidate,False,False,0.827761173248291,0.20887571573257446,0.20887571573257446,0.414459228515625,2.3930491127310214,0.0,33.83431952662722,0.06619083881378174,-0.015931233763694763,-0.015931233763694763,-0.00311279296875,-0.018702696082835146,-1.0,2.385121665664652,0.017617106437683105,-0.010862350463867188,-0.010862350463867188,-0.002288818359375,0.04975678701338815,-1.0,0.30558389444330913
direct Altered compatibility,direct_altered_no_synthetic_degradation,Easy,100__M_Left_index_finger_CR.BMP,data\SOCOFing\Altered\Altered-Easy\100__M_Left_index_finger_CR.BMP,,C2_NLM_MOD_GABOR,NLM -> Modified / Orientation-Adaptive Gabor,"{""Modified Gabor"": {""bandwidth"": 1.8, ""blend"": 0.18, ""frequencies"": [0.075, 0.095, 0.115, 0.14], ""orientation_bins"": 8, ""use_local_frequency"": true}, ""NLM"": {""backend"": ""cv2"", ""cv2_searchWindowSize"": 21, ""cv2_templateWindowSize"": 7, ""h"": 0.06, ""patch_distance"": 6, ""patch_size"": 5}}",,1.9475459000095725,,,,,,,,,,,,,,Altered-Easy,Compatibility candidate,False,False,0.8096990585327148,0.2007492631673813,0.2007492631673813,0.409912109375,2.5312686122692076,1.0,32.965714285714284,0.048128724098205566,-0.02405768632888794,-0.02405768632888794,-0.007659912109375,0.1195168034553511,0.0,1.5165164247517176,-0.0004450082778930664,-0.018988803029060364,-0.018988803029060364,-0.0068359375,0.1879762865515744,0.0,-0.5630213464696254
direct Altered compatibility,direct_altered_no_synthetic_degradation,Easy,100__M_Left_index_finger_CR.BMP,data\SOCOFing\Altered\Altered-Easy\100__M_Left_index_finger_CR.BMP,,C3_NLM_COH_DIFF,NLM -> Coherence-Guided Directional Diffusion,"{""Directional Diffusion"": {""iterations"": 4, ""orientation_bins"": 8, ""oriented_kernel_sigma_x"": 1.35, ""oriented_kernel_sigma_y"": 0.5, ""oriented_kernel_size"": 9, ""step"": 0.16}, ""NLM"": {""backend"": ""cv2"", ""cv2_searchWindowSize"": 21, ""cv2_templateWindowSize"": 7, ""h"": 0.06, ""patch_distance"": 6, ""patch_size"": 5}}",,0.3937221000669524,,,,,,,,,,,,,,Altered-Easy,Compatibility candidate,False,False,0.8116170167922974,0.1988363265991211,0.1988363265991211,0.408843994140625,2.5752034037471074,1.0,31.828729281767956,0.050046682357788086,-0.025970622897148132,-0.025970622897148132,-0.00872802734375,0.1634515949332509,0.0,0.3795314208053888,0.0014729499816894531,-0.020901739597320557,-0.020901739597320557,-0.007904052734375,0.2319110780294742,0.0,-1.7000063504159542
direct Altered compatibility,direct_altered_no_synthetic_degradation,Easy,100__M_Left_index_finger_CR.BMP,data\SOCOFing\Altered\Altered-Easy\100__M_Left_index_finger_CR.BMP,,C4_TV_NLM_COH_DIFF,TV -> NLM -> Coherence-Guided Directional Diffusion,"{""Directional Diffusion"": {""iterations"": 4, ""orientation_bins"": 8, ""oriented_kernel_sigma_x"": 1.35, ""oriented_kernel_sigma_y"": 0.5, ""oriented_kernel_size"": 9, ""step"": 0.16}, ""NLM"": {""backend"": ""cv2"", ""cv2_searchWindowSize"": 21, ""cv2_templateWindowSize"": 7, ""h"": 0.06, ""patch_distance"": 6, ""patch_size"": 5}, ""TV"": {""backend"": ""skimage.restoration.denoise_tv_chambolle"", ""weight"": 0.02}}",,0.3822988000465557,,,,,,,,,,,,,,Altered-Easy,Compatibility candidate,False,False,0.8269113898277283,0.18928109109401703,0.18928109109401703,0.40594482421875,2.4808299503834013,2.0,31.814606741573034,0.065341055393219,-0.0355258584022522,-0.0355258584022522,-0.011627197265625,0.06907814156954473,1.0,0.3654088806104667,0.01676732301712036,-0.03045697510242462,-0.03045697510242462,-0.01080322265625,0.13753762466576802,1.0,-1.7141288906108763
direct Altered compatibility,direct_altered_no_synthetic_degradation,Easy,281__M_Left_ring_finger_Zcut.BMP,data\SOCOFing\Altered\Altered-Easy\281__M_Left_ring_finger_Zcut.BMP,,C0_NLM,NLM,"{""NLM"": {""backend"": ""cv2"", ""cv2_searchWindowSize"": 21, ""cv2_templateWindowSize"": 7, ""h"": 0.06, ""patch_distance"": 6, ""patch_size"": 5}}",,0.08863509993534535,,,,,,,,,,,,,,Altered-Easy,Compatibility candidate,False,False,0.7195363640785217,0.1992330253124237,0.1992330253124237,0.422332763671875,3.1071609220319387,0.0,21.260416666666668,0.040605902671813965,-0.0051582008600234985,-0.0051582008600234985,-0.00030517578125,0.03834728927867159,-2.0,0.27035044150110465,0.0,0.0,0.0,0.0,0.0,0.0,0.0
direct Altered compatibility,direct_altered_no_synthetic_degradation,Easy,281__M_Left_ring_finger_Zcut.BMP,data\SOCOFing\Altered\Altered-Easy\281__M_Left_ring_finger_Zcut.BMP,,C1_TV_NLM,TV -> NLM,"{""NLM"": {""backend"": ""cv2"", ""cv2_searchWindowSize"": 21, ""cv2_templateWindowSize"": 7, ""h"": 0.06, ""patch_distance"": 6, ""patch_size"": 5}, ""TV"": {""backend"": ""skimage.restoration.denoise_tv_chambolle"", ""weight"": 0.02}}",,0.0935469000833109,,,,,,,,,,,,,,Altered-Easy,Compatibility candidate,False,False,0.7353819608688354,0.18961915373802185,0.579914104193449,0.41634992738172494,3.4141091772739083,1.0,20.208904109589042,0.056451499462127686,-0.014772072434425354,0.3755228780210018,-0.006288012071400062,0.34529554452064115,-1.0,-0.7811621155765209,0.01584559679031372,-0.009613871574401855,0.3806810788810253,-0.005982836290150062,0.30694825524196956,1.0,-1.0515125570776256
direct Altered compatibility,direct_altered_no_synthetic_degradation,Easy,281__M_Left_ring_finger_Zcut.BMP,data\SOCOFing\Altered\Altered-Easy\281__M_Left_ring_finger_Zcut.BMP,,C2_NLM_MOD_GABOR,NLM -> Modified / Orientation-Adaptive Gabor,"{""Modified Gabor"": {""bandwidth"": 1.8, ""blend"": 0.18, ""frequencies"": [0.075, 0.095, 0.115, 0.14], ""orientation_bins"": 8, ""use_local_frequency"": true}, ""NLM"": {""backend"": ""cv2"", ""cv2_searchWindowSize"": 21, ""cv2_templateWindowSize"": 7, ""h"": 0.06, ""patch_distance"": 6, ""patch_size"": 5}}",,1.9963344000279903,,,,,,,,,,,,,,Altered-Easy,Compatibility candidate,False,False,0.7213330864906311,0.18450519442558289,0.18450519442558289,0.4116973876953125,3.595122493606612,0.0,19.530944625407166,0.04240262508392334,-0.01988603174686432,-0.01988603174686432,-0.0109405517578125,0.5263088608533448,-2.0,-1.4591215997583973,0.001796722412109375,-0.01472783088684082,-0.01472783088684082,-0.0106353759765625,0.48796157157467324,0.0,-1.729472041259502
direct Altered compatibility,direct_altered_no_synthetic_degradation,Easy,281__M_Left_ring_finger_Zcut.BMP,data\SOCOFing\Altered\Altered-Easy\281__M_Left_ring_finger_Zcut.BMP,,C3_NLM_COH_DIFF,NLM -> Coherence-Guided Directional Diffusion,"{""Directional Diffusion"": {""iterations"": 4, ""orientation_bins"": 8, ""oriented_kernel_sigma_x"": 1.35, ""oriented_kernel_sigma_y"": 0.5, ""oriented_kernel_size"": 9, ""step"": 0.16}, ""NLM"": {""backend"": ""cv2"", ""cv2_searchWindowSize"": 21, ""cv2_templateWindowSize"": 7, ""h"": 0.06, ""patch_distance"": 6, ""patch_size"": 5}}",,0.4129676000447944,,,,,,,,,,,,,,Altered-Easy,Compatibility candidate,False,False,0.720373272895813,0.18328678607940674,0.18328678607940674,0.4150238037109375,3.3089451818081543,1.0,19.79344262295082,0.041442811489105225,-0.021104440093040466,-0.021104440093040466,-0.0076141357421875,0.2401315490548872,-1.0,-1.1966236022147427,0.0008369088172912598,-0.015946239233016968,-0.015946239233016968,-0.0073089599609375,0.2017842597762156,1.0,-1.4669740437158474
direct Altered compatibility,direct_altered_no_synthetic_degradation,Easy,281__M_Left_ring_finger_Zcut.BMP,data\SOCOFing\Altered\Altered-Easy\281__M_Left_ring_finger_Zcut.BMP,,C4_TV_NLM_COH_DIFF,TV -> NLM -> Coherence-Guided Directional Diffusion,"{""Directional Diffusion"": {""iterations"": 4, ""orientation_bins"": 8, ""oriented_kernel_sigma_x"": 1.35, ""oriented_kernel_sigma_y"": 0.5, ""oriented_kernel_size"": 9, ""step"": 0.16}, ""NLM"": {""backend"": ""cv2"", ""cv2_searchWindowSize"": 21, ""cv2_templateWindowSize"": 7, ""h"": 0.06, ""patch_distance"": 6, ""patch_size"": 5}, ""TV"": {""backend"": ""skimage.restoration.denoise_tv_chambolle"", ""weight"": 0.02}}",,0.4080405000131577,,,,,,,,,,,,,,Altered-Easy,Compatibility candidate,False,False,0.7333971858024597,0.17470331490039825,0.5657664462924004,0.4090593731209818,3.4298205939996986,0.0,19.059016393442622,0.05446672439575195,-0.02968791127204895,0.36137522011995316,-0.013578566332143216,0.3610069612464315,-2.0,-1.931049831722941,0.013860821723937988,-0.02452971041202545,0.36653342097997665,-0.013273390550893216,0.3226596719677599,0.0,-2.2014002732240456
direct Altered compatibility,direct_altered_no_synthetic_degradation,Easy,461__F_Left_little_finger_Obl.BMP,data\SOCOFing\Altered\Altered-Easy\461__F_Left_little_finger_Obl.BMP,,C0_NLM,NLM,"{""NLM"": {""backend"": ""cv2"", ""cv2_searchWindowSize"": 21, ""cv2_templateWindowSize"": 7, ""h"": 0.06, ""patch_distance"": 6, ""patch_size"": 5}}",,0.09090289997402579,,,,,,,,,,,,,,Altered-Easy,Compatibility candidate,False,False,0.6412897109985352,0.130601704120636,0.130601704120636,0.2836456298828125,2.4207864866318793,0.0,22.164772727272727,0.06952142715454102,-0.00708615779876709,-0.00708615779876709,-0.0066986083984375,-0.25947418185666393,0.0,2.7891858728126344,0.0,0.0,0.0,0.0,0.0,0.0,0.0
direct Altered compatibility,direct_altered_no_synthetic_degradation,Easy,461__F_Left_little_finger_Obl.BMP,data\SOCOFing\Altered\Altered-Easy\461__F_Left_little_finger_Obl.BMP,,C1_TV_NLM,TV -> NLM,"{""NLM"": {""backend"": ""cv2"", ""cv2_searchWindowSize"": 21, ""cv2_templateWindowSize"": 7, ""h"": 0.06, ""patch_distance"": 6, ""patch_size"": 5}, ""TV"": {""backend"": ""skimage.restoration.denoise_tv_chambolle"", ""weight"": 0.02}}",,0.10320989997126162,,,,,,,,,,,,,,Altered-Easy,Compatibility candidate,False,False,0.6673883199691772,0.12285186350345612,0.12285186350345612,0.2768402099609375,2.5354131069834094,0.0,23.025,0.0956200361251831,-0.01483599841594696,-0.01483599841594696,-0.0135040283203125,-0.1448475615051339,0.0,3.6494131455399064,0.02609860897064209,-0.007749840617179871,-0.007749840617179871,-0.006805419921875,0.11462662035153004,0.0,0.860227272727272
direct Altered compatibility,direct_altered_no_synthetic_degradation,Easy,461__F_Left_little_finger_Obl.BMP,data\SOCOFing\Altered\Altered-Easy\461__F_Left_little_finger_Obl.BMP,,C2_NLM_MOD_GABOR,NLM -> Modified / Orientation-Adaptive Gabor,"{""Modified Gabor"": {""bandwidth"": 1.8, ""blend"": 0.18, ""frequencies"": [0.075, 0.095, 0.115, 0.14], ""orientation_bins"": 8, ""use_local_frequency"": true}, ""NLM"": {""backend"": ""cv2"", ""cv2_searchWindowSize"": 21, ""cv2_templateWindowSize"": 7, ""h"": 0.06, ""patch_distance"": 6, ""patch_size"": 5}}",,2.018118800013326,,,,,,,,,,,,,,Altered-Easy,Compatibility candidate,False,False,0.6870248913764954,0.1246112808585167,0.1246112808585167,0.2777557373046875,2.636927978904576,1.0,21.511111111111113,0.11525660753250122,-0.013076581060886383,-0.013076581060886383,-0.0125885009765625,-0.04333268958396719,1.0,2.1355242566510206,0.045735180377960205,-0.005990423262119293,-0.005990423262119293,-0.005889892578125,0.21614149227269674,1.0,-0.6536616161616138
direct Altered compatibility,direct_altered_no_synthetic_degradation,Easy,461__F_Left_little_finger_Obl.BMP,data\SOCOFing\Altered\Altered-Easy\461__F_Left_little_finger_Obl.BMP,,C3_NLM_COH_DIFF,NLM -> Coherence-Guided Directional Diffusion,"{""Directional Diffusion"": {""iterations"": 4, ""orientation_bins"": 8, ""oriented_kernel_sigma_x"": 1.35, ""oriented_kernel_sigma_y"": 0.5, ""oriented_kernel_size"": 9, ""step"": 0.16}, ""NLM"": {""backend"": ""cv2"", ""cv2_searchWindowSize"": 21, ""cv2_templateWindowSize"": 7, ""h"": 0.06, ""patch_distance"": 6, ""patch_size"": 5}}",,0.4109238999662921,,,,,,,,,,,,,,Altered-Easy,Compatibility candidate,False,False,0.6484469771385193,0.12234531342983246,0.12234531342983246,0.2733154296875,2.456453774006253,0.0,21.722543352601157,0.07667869329452515,-0.015342548489570618,-0.015342548489570618,-0.01702880859375,-0.2238068944822902,0.0,2.346956498141065,0.007157266139984131,-0.008256390690803528,-0.008256390690803528,-0.0103302001953125,0.035667287374373746,0.0,-0.44222937467156953
direct Altered compatibility,direct_altered_no_synthetic_degradation,Easy,461__F_Left_little_finger_Obl.BMP,data\SOCOFing\Altered\Altered-Easy\461__F_Left_little_finger_Obl.BMP,,C4_TV_NLM_COH_DIFF,TV -> NLM -> Coherence-Guided Directional Diffusion,"{""Directional Diffusion"": {""iterations"": 4, ""orientation_bins"": 8, ""oriented_kernel_sigma_x"": 1.35, ""oriented_kernel_sigma_y"": 0.5, ""oriented_kernel_size"": 9, ""step"": 0.16}, ""NLM"": {""backend"": ""cv2"", ""cv2_searchWindowSize"": 21, ""cv2_templateWindowSize"": 7, ""h"": 0.06, ""patch_distance"": 6, ""patch_size"": 5}, ""TV"": {""backend"": ""skimage.restoration.denoise_tv_chambolle"", ""weight"": 0.02}}",,0.3936112999217585,,,,,,,,,,,,,,Altered-Easy,Compatibility candidate,False,False,0.6699435114860535,0.11564736068248749,0.11564736068248749,0.265625,2.987132352941176,0.0,19.691011235955056,0.09817522764205933,-0.02204050123691559,-0.02204050123691559,-0.02471923828125,0.3068716844526329,0.0,0.31542438149496377,0.02865380048751831,-0.014954343438148499,-0.014954343438148499,-0.0180206298828125,0.5663458663092968,0.0,-2.4737614913176706
direct Altered compatibility,direct_altered_no_synthetic_degradation,Medium,100__M_Left_index_finger_CR.BMP,data\SOCOFing\Altered\Altered-Medium\100__M_Left_index_finger_CR.BMP,,C0_NLM,NLM,"{""NLM"": {""backend"": ""cv2"", ""cv2_searchWindowSize"": 21, ""cv2_templateWindowSize"": 7, ""h"": 0.06, ""patch_distance"": 6, ""patch_size"": 5}}",,0.09167039999738336,,,,,,,,,,,,,,Altered-Medium,Compatibility candidate,False,False,0.7997850179672241,0.2127392590045929,0.2127392590045929,0.409088134765625,2.6855650876538606,1.0,27.724137931034484,0.05131232738494873,-0.005629226565361023,-0.005629226565361023,-0.000885009765625,-0.1802976486867678,0.0,2.0059561128526653,0.0,0.0,0.0,0.0,0.0,0.0,0.0
direct Altered compatibility,direct_altered_no_synthetic_degradation,Medium,100__M_Left_index_finger_CR.BMP,data\SOCOFing\Altered\Altered-Medium\100__M_Left_index_finger_CR.BMP,,C1_TV_NLM,TV -> NLM,"{""NLM"": {""backend"": ""cv2"", ""cv2_searchWindowSize"": 21, ""cv2_templateWindowSize"": 7, ""h"": 0.06, ""patch_distance"": 6, ""patch_size"": 5}, ""TV"": {""backend"": ""skimage.restoration.denoise_tv_chambolle"", ""weight"": 0.02}}",,0.09625209984369576,,,,,,,,,,,,,,Altered-Medium,Compatibility candidate,False,False,0.8157343864440918,0.20209796726703644,0.20209796726703644,0.4065399169921875,2.8149983110010135,0.0,27.72,0.0672616958618164,-0.01627051830291748,-0.01627051830291748,-0.0034332275390625,-0.05086442533961488,-1.0,2.00181818181818,0.015949368476867676,-0.010641291737556458,-0.010641291737556458,-0.0025482177734375,0.1294332233471529,-1.0,-0.0041379310344851206
direct Altered compatibility,direct_altered_no_synthetic_degradation,Medium,100__M_Left_index_finger_CR.BMP,data\SOCOFing\Altered\Altered-Medium\100__M_Left_index_finger_CR.BMP,,C2_NLM_MOD_GABOR,NLM -> Modified / Orientation-Adaptive Gabor,"{""Modified Gabor"": {""bandwidth"": 1.8, ""blend"": 0.18, ""frequencies"": [0.075, 0.095, 0.115, 0.14], ""orientation_bins"": 8, ""use_local_frequency"": true}, ""NLM"": {""backend"": ""cv2"", ""cv2_searchWindowSize"": 21, ""cv2_templateWindowSize"": 7, ""h"": 0.06, ""patch_distance"": 6, ""patch_size"": 5}}",,1.9290384000632912,,,,,,,,,,,,,,Altered-Medium,Compatibility candidate,False,False,0.7986804246902466,0.19459396600723267,0.19459396600723267,0.40155029296875,3.0019759841921267,1.0,26.164319248826292,0.05020773410797119,-0.023774519562721252,-0.023774519562721252,-0.0084228515625,0.13611324785149836,0.0,0.4461374306444732,-0.001104593276977539,-0.01814529299736023,-0.01814529299736023,-0.007537841796875,0.31641089653826615,0.0,-1.559818682208192
direct Altered compatibility,direct_altered_no_synthetic_degradation,Medium,100__M_Left_index_finger_CR.BMP,data\SOCOFing\Altered\Altered-Medium\100__M_Left_index_finger_CR.BMP,,C3_NLM_COH_DIFF,NLM -> Coherence-Guided Directional Diffusion,"{""Directional Diffusion"": {""iterations"": 4, ""orientation_bins"": 8, ""oriented_kernel_sigma_x"": 1.35, ""oriented_kernel_sigma_y"": 0.5, ""oriented_kernel_size"": 9, ""step"": 0.16}, ""NLM"": {""backend"": ""cv2"", ""cv2_searchWindowSize"": 21, ""cv2_templateWindowSize"": 7, ""h"": 0.06, ""patch_distance"": 6, ""patch_size"": 5}}",,0.3810953999636695,,,,,,,,,,,,,,Altered-Medium,Compatibility candidate,False,False,0.8006486296653748,0.19349457323551178,0.19349457323551178,0.4013519287109375,3.1555335893244116,1.0,24.995495495495497,0.052175939083099365,-0.02487391233444214,-0.02487391233444214,-0.0086212158203125,0.28967085298378326,0.0,-0.7226863226863216,0.0008636116981506348,-0.019244685769081116,-0.019244685769081116,-0.0077362060546875,0.46996850167055104,0.0,-2.728642435538987
direct Altered compatibility,direct_altered_no_synthetic_degradation,Medium,100__M_Left_index_finger_CR.BMP,data\SOCOFing\Altered\Altered-Medium\100__M_Left_index_finger_CR.BMP,,C4_TV_NLM_COH_DIFF,TV -> NLM -> Coherence-Guided Directional Diffusion,"{""Directional Diffusion"": {""iterations"": 4, ""orientation_bins"": 8, ""oriented_kernel_sigma_x"": 1.35, ""oriented_kernel_sigma_y"": 0.5, ""oriented_kernel_size"": 9, ""step"": 0.16}, ""NLM"": {""backend"": ""cv2"", ""cv2_searchWindowSize"": 21, ""cv2_templateWindowSize"": 7, ""h"": 0.06, ""patch_distance"": 6, ""patch_size"": 5}, ""TV"": {""backend"": ""skimage.restoration.denoise_tv_chambolle"", ""weight"": 0.02}}",,0.3770048998994753,,,,,,,,,,,,,,Altered-Medium,Compatibility candidate,False,False,0.8144886493682861,0.18421556055545807,0.18421556055545807,0.3985595703125,3.024502297090352,2.0,25.867924528301888,0.06601595878601074,-0.03415292501449585,-0.03415292501449585,-0.01141357421875,0.15863956074972352,1.0,0.14974271012006923,0.014703631401062012,-0.028523698449134827,-0.028523698449134827,-0.010528564453125,0.3389372094364913,1.0,-1.856213402732596
direct Altered compatibility,direct_altered_no_synthetic_degradation,Medium,282__M_Right_little_finger_CR.BMP,data\SOCOFing\Altered\Altered-Medium\282__M_Right_little_finger_CR.BMP,,C0_NLM,NLM,"{""NLM"": {""backend"": ""cv2"", ""cv2_searchWindowSize"": 21, ""cv2_templateWindowSize"": 7, ""h"": 0.06, ""patch_distance"": 6, ""patch_size"": 5}}",,0.09488129999954253,,,,,,,,,,,,,,Altered-Medium,Compatibility candidate,False,False,0.6915252208709717,0.16693389415740967,0.16693389415740967,0.2945404052734375,3.729990156970419,1.0,23.01675977653631,0.052146196365356445,-0.004851013422012329,-0.004851013422012329,-0.000640869140625,-0.09528769260311476,-2.0,1.143075566009994,0.0,0.0,0.0,0.0,0.0,0.0,0.0
direct Altered compatibility,direct_altered_no_synthetic_degradation,Medium,282__M_Right_little_finger_CR.BMP,data\SOCOFing\Altered\Altered-Medium\282__M_Right_little_finger_CR.BMP,,C1_TV_NLM,TV -> NLM,"{""NLM"": {""backend"": ""cv2"", ""cv2_searchWindowSize"": 21, ""cv2_templateWindowSize"": 7, ""h"": 0.06, ""patch_distance"": 6, ""patch_size"": 5}, ""TV"": {""backend"": ""skimage.restoration.denoise_tv_chambolle"", ""weight"": 0.02}}",,0.09136279998347163,,,,,,,,,,,,,,Altered-Medium,Compatibility candidate,False,False,0.7071856260299683,0.15909190475940704,0.15909190475940704,0.2903900146484375,3.783300930061479,0.0,22.627118644067796,0.06780660152435303,-0.012693002820014954,-0.012693002820014954,-0.004791259765625,-0.04197691951205451,-3.0,0.7534344335414787,0.015660405158996582,-0.007841989398002625,-0.007841989398002625,-0.004150390625,0.05331077309106025,-1.0,-0.3896411324685154
direct Altered compatibility,direct_altered_no_synthetic_degradation,Medium,282__M_Right_little_finger_CR.BMP,data\SOCOFing\Altered\Altered-Medium\282__M_Right_little_finger_CR.BMP,,C2_NLM_MOD_GABOR,NLM -> Modified / Orientation-Adaptive Gabor,"{""Modified Gabor"": {""bandwidth"": 1.8, ""blend"": 0.18, ""frequencies"": [0.075, 0.095, 0.115, 0.14], ""orientation_bins"": 8, ""use_local_frequency"": true}, ""NLM"": {""backend"": ""cv2"", ""cv2_searchWindowSize"": 21, ""cv2_templateWindowSize"": 7, ""h"": 0.06, ""patch_distance"": 6, ""patch_size"": 5}}",,1.9151014999952167,,,,,,,,,,,,,,Altered-Medium,Compatibility candidate,False,False,0.7075714468955994,0.15184280276298523,0.15184280276298523,0.2868499755859375,3.829990956965796,1.0,22.23204419889503,0.06819242238998413,-0.019942104816436768,-0.019942104816436768,-0.008331298828125,0.004713107392262383,-2.0,0.3583599883687114,0.016046226024627686,-0.015091091394424438,-0.015091091394424438,-0.0076904296875,0.10000079999537714,0.0,-0.7847155776412826
direct Altered compatibility,direct_altered_no_synthetic_degradation,Medium,282__M_Right_little_finger_CR.BMP,data\SOCOFing\Altered\Altered-Medium\282__M_Right_little_finger_CR.BMP,,C3_NLM_COH_DIFF,NLM -> Coherence-Guided Directional Diffusion,"{""Directional Diffusion"": {""iterations"": 4, ""orientation_bins"": 8, ""oriented_kernel_sigma_x"": 1.35, ""oriented_kernel_sigma_y"": 0.5, ""oriented_kernel_size"": 9, ""step"": 0.16}, ""NLM"": {""backend"": ""cv2"", ""cv2_searchWindowSize"": 21, ""cv2_templateWindowSize"": 7, ""h"": 0.06, ""patch_distance"": 6, ""patch_size"": 5}}",,0.3928512999555096,,,,,,,,,,,,,,Altered-Medium,Compatibility candidate,False,False,0.6970531940460205,0.15563331544399261,0.15563331544399261,0.287445068359375,3.7689775984711753,1.0,22.689265536723163,0.05767416954040527,-0.016151592135429382,-0.016151592135429382,-0.0077362060546875,-0.056300251102358256,-2.0,0.8155813261968454,0.005527973175048828,-0.011300578713417053,-0.011300578713417053,-0.0070953369140625,0.0389874415007565,0.0,-0.3274942398131486
direct Altered compatibility,direct_altered_no_synthetic_degradation,Medium,282__M_Right_little_finger_CR.BMP,data\SOCOFing\Altered\Altered-Medium\282__M_Right_little_finger_CR.BMP,,C4_TV_NLM_COH_DIFF,TV -> NLM -> Coherence-Guided Directional Diffusion,"{""Directional Diffusion"": {""iterations"": 4, ""orientation_bins"": 8, ""oriented_kernel_sigma_x"": 1.35, ""oriented_kernel_sigma_y"": 0.5, ""oriented_kernel_size"": 9, ""step"": 0.16}, ""NLM"": {""backend"": ""cv2"", ""cv2_searchWindowSize"": 21, ""cv2_templateWindowSize"": 7, ""h"": 0.06, ""patch_distance"": 6, ""patch_size"": 5}, ""TV"": {""backend"": ""skimage.restoration.denoise_tv_chambolle"", ""weight"": 0.02}}",,0.4590246999869123,,,,,,,,,,,,,,Altered-Medium,Compatibility candidate,False,False,0.7106904983520508,0.14861594140529633,0.14861594140529633,0.2841339111328125,3.974007840610064,1.0,21.716666666666665,0.07131147384643555,-0.02316896617412567,-0.02316896617412567,-0.01104736328125,0.1487299910365305,-2.0,-0.15701754385965216,0.0191652774810791,-0.018317952752113342,-0.018317952752113342,-0.010406494140625,0.24401768363964527,0.0,-1.3000931098696462
direct Altered compatibility,direct_altered_no_synthetic_degradation,Medium,462__M_Left_thumb_finger_Obl.BMP,data\SOCOFing\Altered\Altered-Medium\462__M_Left_thumb_finger_Obl.BMP,,C0_NLM,NLM,"{""NLM"": {""backend"": ""cv2"", ""cv2_searchWindowSize"": 21, ""cv2_templateWindowSize"": 7, ""h"": 0.06, ""patch_distance"": 6, ""patch_size"": 5}}",,0.09797100001014769,,,,,,,,,,,,,,Altered-Medium,Compatibility candidate,False,False,0.7240519523620605,0.1876334398984909,0.5889262184500694,0.4018134354871098,2.268096720870334,3.0,32.132075471698116,0.046453237533569336,-0.0039987713098526,0.3972940072417259,-0.0043450117785152065,-0.09872272461768183,3.0,0.5844564240790682,0.0,0.0,0.0,0.0,0.0,0.0,0.0
direct Altered compatibility,direct_altered_no_synthetic_degradation,Medium,462__M_Left_thumb_finger_Obl.BMP,data\SOCOFing\Altered\Altered-Medium\462__M_Left_thumb_finger_Obl.BMP,,C1_TV_NLM,TV -> NLM,"{""NLM"": {""backend"": ""cv2"", ""cv2_searchWindowSize"": 21, ""cv2_templateWindowSize"": 7, ""h"": 0.06, ""patch_distance"": 6, ""patch_size"": 5}, ""TV"": {""backend"": ""skimage.restoration.denoise_tv_chambolle"", ""weight"": 0.02}}",,0.09763600013684481,,,,,,,,,,,,,,Altered-Medium,Compatibility candidate,False,False,0.7422766089439392,0.1791052520275116,0.5942453183233738,0.3957782409855956,2.2009983099477264,1.0,33.816326530612244,0.064677894115448,-0.01252695918083191,0.4026131071150303,-0.010380206280029391,-0.16582113554028943,1.0,2.2687074829931966,0.018224656581878662,-0.008528187870979309,0.005319099873304367,-0.006035194501514185,-0.0670984109226076,-2.0,1.6842510589141284
direct Altered compatibility,direct_altered_no_synthetic_degradation,Medium,462__M_Left_thumb_finger_Obl.BMP,data\SOCOFing\Altered\Altered-Medium\462__M_Left_thumb_finger_Obl.BMP,,C2_NLM_MOD_GABOR,NLM -> Modified / Orientation-Adaptive Gabor,"{""Modified Gabor"": {""bandwidth"": 1.8, ""blend"": 0.18, ""frequencies"": [0.075, 0.095, 0.115, 0.14], ""orientation_bins"": 8, ""use_local_frequency"": true}, ""NLM"": {""backend"": ""cv2"", ""cv2_searchWindowSize"": 21, ""cv2_templateWindowSize"": 7, ""h"": 0.06, ""patch_distance"": 6, ""patch_size"": 5}}",,1.9117041999706998,,,,,,,,,,,,,,Altered-Medium,Compatibility candidate,False,False,0.7448642253875732,0.17154152691364288,0.17154152691364288,0.392578125,2.448694029850746,1.0,31.975,0.06726551055908203,-0.020090684294700623,-0.020090684294700623,-0.013580322265625,0.08187458436273021,1.0,0.42738095238095397,0.020812273025512695,-0.016091912984848022,-0.41738469153642654,-0.009235310487109794,0.18059730898041204,-2.0,-0.1570754716981142
direct Altered compatibility,direct_altered_no_synthetic_degradation,Medium,462__M_Left_thumb_finger_Obl.BMP,data\SOCOFing\Altered\Altered-Medium\462__M_Left_thumb_finger_Obl.BMP,,C3_NLM_COH_DIFF,NLM -> Coherence-Guided Directional Diffusion,"{""Directional Diffusion"": {""iterations"": 4, ""orientation_bins"": 8, ""oriented_kernel_sigma_x"": 1.35, ""oriented_kernel_sigma_y"": 0.5, ""oriented_kernel_size"": 9, ""step"": 0.16}, ""NLM"": {""backend"": ""cv2"", ""cv2_searchWindowSize"": 21, ""cv2_templateWindowSize"": 7, ""h"": 0.06, ""patch_distance"": 6, ""patch_size"": 5}}",,0.3835566999623552,,,,,,,,,,,,,,Altered-Medium,Compatibility candidate,False,False,0.7274173498153687,0.17112937569618225,0.17112937569618225,0.394622802734375,2.4360064960173227,1.0,30.95731707317073,0.04981863498687744,-0.020502835512161255,-0.020502835512161255,-0.01153564453125,0.06918705052930685,1.0,-0.590301974448316,0.0033653974533081055,-0.016504064202308655,-0.4177968427538872,-0.0071906327527347935,0.16790977514698868,-2.0,-1.1747583985273842
direct Altered compatibility,direct_altered_no_synthetic_degradation,Medium,462__M_Left_thumb_finger_Obl.BMP,data\SOCOFing\Altered\Altered-Medium\462__M_Left_thumb_finger_Obl.BMP,,C4_TV_NLM_COH_DIFF,TV -> NLM -> Coherence-Guided Directional Diffusion,"{""Directional Diffusion"": {""iterations"": 4, ""orientation_bins"": 8, ""oriented_kernel_sigma_x"": 1.35, ""oriented_kernel_sigma_y"": 0.5, ""oriented_kernel_size"": 9, ""step"": 0.16}, ""NLM"": {""backend"": ""cv2"", ""cv2_searchWindowSize"": 21, ""cv2_templateWindowSize"": 7, ""h"": 0.06, ""patch_distance"": 6, ""patch_size"": 5}, ""TV"": {""backend"": ""skimage.restoration.denoise_tv_chambolle"", ""weight"": 0.02}}",,0.3781129999551922,,,,,,,,,,,,,,Altered-Medium,Compatibility candidate,False,False,0.7436375021934509,0.1648188978433609,0.5806560069322586,0.3848090642047839,2.625307968819419,1.0,29.466666666666665,0.06603878736495972,-0.026813313364982605,0.3890237957239151,-0.02134938306084111,0.2584885233314034,1.0,-2.0809523809523824,0.01958554983139038,-0.022814542055130005,-0.008270211517810822,-0.017004371282325903,0.3572112479490852,-2.0,-2.6654088050314506
direct Altered compatibility,direct_altered_no_synthetic_degradation,Hard,100__M_Left_index_finger_CR.BMP,data\SOCOFing\Altered\Altered-Hard\100__M_Left_index_finger_CR.BMP,,C0_NLM,NLM,"{""NLM"": {""backend"": ""cv2"", ""cv2_searchWindowSize"": 21, ""cv2_templateWindowSize"": 7, ""h"": 0.06, ""patch_distance"": 6, ""patch_size"": 5}}",,0.09019519994035363,,,,,,,,,,,,,,Altered-Hard,Compatibility candidate,False,False,0.8015766739845276,0.20944330096244812,0.20944330096244812,0.4124908447265625,2.2934931380164985,1.0,31.0,0.05217355489730835,-0.005623817443847656,-0.005623817443847656,-0.0005035400390625,-0.03415040000167924,0.0,1.432835820895523,0.0,0.0,0.0,0.0,0.0,0.0,0.0
direct Altered compatibility,direct_altered_no_synthetic_degradation,Hard,100__M_Left_index_finger_CR.BMP,data\SOCOFing\Altered\Altered-Hard\100__M_Left_index_finger_CR.BMP,,C1_TV_NLM,TV -> NLM,"{""NLM"": {""backend"": ""cv2"", ""cv2_searchWindowSize"": 21, ""cv2_templateWindowSize"": 7, ""h"": 0.06, ""patch_distance"": 6, ""patch_size"": 5}, ""TV"": {""backend"": ""skimage.restoration.denoise_tv_chambolle"", ""weight"": 0.02}}",,0.09802799997851253,,,,,,,,,,,,,,Altered-Hard,Compatibility candidate,False,False,0.8166618943214417,0.19878390431404114,0.19878390431404114,0.410003662109375,2.232973576479345,0.0,32.84090909090909,0.06725877523422241,-0.01628321409225464,-0.01628321409225464,-0.00299072265625,-0.09466996153883267,-1.0,3.2737449118046165,0.015085220336914062,-0.010659396648406982,-0.010659396648406982,-0.0024871826171875,-0.06051956153715343,-1.0,1.8409090909090935
direct Altered compatibility,direct_altered_no_synthetic_degradation,Hard,100__M_Left_index_finger_CR.BMP,data\SOCOFing\Altered\Altered-Hard\100__M_Left_index_finger_CR.BMP,,C2_NLM_MOD_GABOR,NLM -> Modified / Orientation-Adaptive Gabor,"{""Modified Gabor"": {""bandwidth"": 1.8, ""blend"": 0.18, ""frequencies"": [0.075, 0.095, 0.115, 0.14], ""orientation_bins"": 8, ""use_local_frequency"": true}, ""NLM"": {""backend"": ""cv2"", ""cv2_searchWindowSize"": 21, ""cv2_templateWindowSize"": 7, ""h"": 0.06, ""patch_distance"": 6, ""patch_size"": 5}}",,1.9002523999661207,,,,,,,,,,,,,,Altered-Hard,Compatibility candidate,False,False,0.799432635307312,0.19280698895454407,0.19280698895454407,0.4052734375,2.484939759036145,2.0,31.14516129032258,0.05002951622009277,-0.02226012945175171,-0.02226012945175171,-0.007720947265625,0.15729622101796714,1.0,1.577997111218103,-0.002144038677215576,-0.016636312007904053,-0.016636312007904053,-0.0072174072265625,0.19144662101964638,1.0,0.14516129032258007
direct Altered compatibility,direct_altered_no_synthetic_degradation,Hard,100__M_Left_index_finger_CR.BMP,data\SOCOFing\Altered\Altered-Hard\100__M_Left_index_finger_CR.BMP,,C3_NLM_COH_DIFF,NLM -> Coherence-Guided Directional Diffusion,"{""Directional Diffusion"": {""iterations"": 4, ""orientation_bins"": 8, ""oriented_kernel_sigma_x"": 1.35, ""oriented_kernel_sigma_y"": 0.5, ""oriented_kernel_size"": 9, ""step"": 0.16}, ""NLM"": {""backend"": ""cv2"", ""cv2_searchWindowSize"": 21, ""cv2_templateWindowSize"": 7, ""h"": 0.06, ""patch_distance"": 6, ""patch_size"": 5}}",,0.3658099001040682,,,,,,,,,,,,,,Altered-Hard,Compatibility candidate,False,False,0.8017207980155945,0.19141390919685364,0.19141390919685364,0.4038543701171875,2.5692371632599085,1.0,28.875,0.052317678928375244,-0.02365320920944214,-0.02365320920944214,-0.0091400146484375,0.24159362524173078,0.0,-0.692164179104477,0.00014412403106689453,-0.018029391765594482,-0.018029391765594482,-0.008636474609375,0.27574402524341,0.0,-2.125
direct Altered compatibility,direct_altered_no_synthetic_degradation,Hard,100__M_Left_index_finger_CR.BMP,data\SOCOFing\Altered\Altered-Hard\100__M_Left_index_finger_CR.BMP,,C4_TV_NLM_COH_DIFF,TV -> NLM -> Coherence-Guided Directional Diffusion,"{""Directional Diffusion"": {""iterations"": 4, ""orientation_bins"": 8, ""oriented_kernel_sigma_x"": 1.35, ""oriented_kernel_sigma_y"": 0.5, ""oriented_kernel_size"": 9, ""step"": 0.16}, ""NLM"": {""backend"": ""cv2"", ""cv2_searchWindowSize"": 21, ""cv2_templateWindowSize"": 7, ""h"": 0.06, ""patch_distance"": 6, ""patch_size"": 5}, ""TV"": {""backend"": ""skimage.restoration.denoise_tv_chambolle"", ""weight"": 0.02}}",,0.37382720003370196,,,,,,,,,,,,,,Altered-Hard,Compatibility candidate,False,False,0.8147497773170471,0.18213480710983276,0.18213480710983276,0.4009246826171875,2.4738344433872506,2.0,29.973684210526315,0.06534665822982788,-0.03293231129646301,-0.03293231129646301,-0.0120697021484375,0.14619090536907287,1.0,0.406520031421838,0.013173103332519531,-0.027308493852615356,-0.027308493852615356,-0.011566162109375,0.1803413053707521,1.0,-1.026315789473685
direct Altered compatibility,direct_altered_no_synthetic_degradation,Hard,285__M_Left_thumb_finger_Obl.BMP,data\SOCOFing\Altered\Altered-Hard\285__M_Left_thumb_finger_Obl.BMP,,C0_NLM,NLM,"{""NLM"": {""backend"": ""cv2"", ""cv2_searchWindowSize"": 21, ""cv2_templateWindowSize"": 7, ""h"": 0.06, ""patch_distance"": 6, ""patch_size"": 5}}",,0.08765350002795458,,,,,,,,,,,,,,Altered-Hard,Compatibility candidate,False,False,0.7026429176330566,0.1958596557378769,0.1958596557378769,0.3940277099609375,2.0911590442628665,0.0,24.104761904761904,0.046852290630340576,-0.0054721832275390625,-0.0054721832275390625,-0.002288818359375,-0.1419291627213095,0.0,0.8840411840411839,0.0,0.0,0.0,0.0,0.0,0.0,0.0
direct Altered compatibility,direct_altered_no_synthetic_degradation,Hard,285__M_Left_thumb_finger_Obl.BMP,data\SOCOFing\Altered\Altered-Hard\285__M_Left_thumb_finger_Obl.BMP,,C1_TV_NLM,TV -> NLM,"{""NLM"": {""backend"": ""cv2"", ""cv2_searchWindowSize"": 21, ""cv2_templateWindowSize"": 7, ""h"": 0.06, ""patch_distance"": 6, ""patch_size"": 5}, ""TV"": {""backend"": ""skimage.restoration.denoise_tv_chambolle"", ""weight"": 0.02}}",,0.09058680001180619,,,,,,,,,,,,,,Altered-Hard,Compatibility candidate,False,False,0.7259730100631714,0.1869763880968094,0.1869763880968094,0.3909759521484375,2.1465089958240644,0.0,24.205882352941178,0.07018238306045532,-0.014355450868606567,-0.014355450868606567,-0.005340576171875,-0.08657921116011158,0.0,0.985161632220457,0.023330092430114746,-0.008883267641067505,-0.008883267641067505,-0.0030517578125,0.05534995156119793,0.0,0.10112044817927313
direct Altered compatibility,direct_altered_no_synthetic_degradation,Hard,285__M_Left_thumb_finger_Obl.BMP,data\SOCOFing\Altered\Altered-Hard\285__M_Left_thumb_finger_Obl.BMP,,C2_NLM_MOD_GABOR,NLM -> Modified / Orientation-Adaptive Gabor,"{""Modified Gabor"": {""bandwidth"": 1.8, ""blend"": 0.18, ""frequencies"": [0.075, 0.095, 0.115, 0.14], ""orientation_bins"": 8, ""use_local_frequency"": true}, ""NLM"": {""backend"": ""cv2"", ""cv2_searchWindowSize"": 21, ""cv2_templateWindowSize"": 7, ""h"": 0.06, ""patch_distance"": 6, ""patch_size"": 5}}",,1.9077766999835148,,,,,,,,,,,,,,Altered-Hard,Compatibility candidate,False,False,0.7176014184951782,0.18233513832092285,0.18233513832092285,0.38818359375,2.3584905660377355,0.0,23.623809523809523,0.06181079149246216,-0.018996700644493103,-0.018996700644493103,-0.0081329345703125,0.12540235905355956,0.0,0.4030888030888029,0.014958500862121582,-0.01352451741695404,-0.01352451741695404,-0.0058441162109375,0.2673315217748691,0.0,-0.480952380952381
direct Altered compatibility,direct_altered_no_synthetic_degradation,Hard,285__M_Left_thumb_finger_Obl.BMP,data\SOCOFing\Altered\Altered-Hard\285__M_Left_thumb_finger_Obl.BMP,,C3_NLM_COH_DIFF,NLM -> Coherence-Guided Directional Diffusion,"{""Directional Diffusion"": {""iterations"": 4, ""orientation_bins"": 8, ""oriented_kernel_sigma_x"": 1.35, ""oriented_kernel_sigma_y"": 0.5, ""oriented_kernel_size"": 9, ""step"": 0.16}, ""NLM"": {""backend"": ""cv2"", ""cv2_searchWindowSize"": 21, ""cv2_templateWindowSize"": 7, ""h"": 0.06, ""patch_distance"": 6, ""patch_size"": 5}}",,0.3738815999822691,,,,,,,,,,,,,,Altered-Hard,Compatibility candidate,False,False,0.7052456140518188,0.18143558502197266,0.18143558502197266,0.38702392578125,2.3261315249960575,0.0,23.027649769585253,0.04945498704910278,-0.0198962539434433,-0.0198962539434433,-0.0092926025390625,0.09304331801188148,0.0,-0.1930709511354678,0.002602696418762207,-0.014424070715904236,-0.014424070715904236,-0.0070037841796875,0.234972480733191,0.0,-1.0771121351766517
direct Altered compatibility,direct_altered_no_synthetic_degradation,Hard,285__M_Left_thumb_finger_Obl.BMP,data\SOCOFing\Altered\Altered-Hard\285__M_Left_thumb_finger_Obl.BMP,,C4_TV_NLM_COH_DIFF,TV -> NLM -> Coherence-Guided Directional Diffusion,"{""Directional Diffusion"": {""iterations"": 4, ""orientation_bins"": 8, ""oriented_kernel_sigma_x"": 1.35, ""oriented_kernel_sigma_y"": 0.5, ""oriented_kernel_size"": 9, ""step"": 0.16}, ""NLM"": {""backend"": ""cv2"", ""cv2_searchWindowSize"": 21, ""cv2_templateWindowSize"": 7, ""h"": 0.06, ""patch_distance"": 6, ""patch_size"": 5}, ""TV"": {""backend"": ""skimage.restoration.denoise_tv_chambolle"", ""weight"": 0.02}}",,0.3718335999874398,,,,,,,,,,,,,,Altered-Hard,Compatibility candidate,False,False,0.7262547016143799,0.17353396117687225,0.17353396117687225,0.383544921875,2.267663908338638,0.0,23.762135922330096,0.07046407461166382,-0.0277978777885437,-0.0277978777885437,-0.0127716064453125,0.03457570135446186,0.0,0.5414152016093752,0.023611783981323242,-0.02232569456100464,-0.02232569456100464,-0.0104827880859375,0.17650486407577137,0.0,-0.34262598243180875
direct Altered compatibility,direct_altered_no_synthetic_degradation,Hard,464__M_Left_little_finger_CR.BMP,data\SOCOFing\Altered\Altered-Hard\464__M_Left_little_finger_CR.BMP,,C0_NLM,NLM,"{""NLM"": {""backend"": ""cv2"", ""cv2_searchWindowSize"": 21, ""cv2_templateWindowSize"": 7, ""h"": 0.06, ""patch_distance"": 6, ""patch_size"": 5}}",,0.09467800008133054,,,,,,,,,,,,,,Altered-Hard,Compatibility candidate,False,False,0.5712747573852539,0.1616702675819397,0.1616702675819397,0.289398193359375,2.1090372245070124,0.0,35.80869565217391,0.019448041915893555,-0.0017705559730529785,-0.0017705559730529785,-7.62939453125e-05,0.1586919606832815,0.0,-0.1913043478260903,0.0,0.0,0.0,0.0,0.0,0.0,0.0
direct Altered compatibility,direct_altered_no_synthetic_degradation,Hard,464__M_Left_little_finger_CR.BMP,data\SOCOFing\Altered\Altered-Hard\464__M_Left_little_finger_CR.BMP,,C1_TV_NLM,TV -> NLM,"{""NLM"": {""backend"": ""cv2"", ""cv2_searchWindowSize"": 21, ""cv2_templateWindowSize"": 7, ""h"": 0.06, ""patch_distance"": 6, ""patch_size"": 5}, ""TV"": {""backend"": ""skimage.restoration.denoise_tv_chambolle"", ""weight"": 0.02}}",,0.09666849987115711,,,,,,,,,,,,,,Altered-Hard,Compatibility candidate,False,False,0.5855275392532349,0.15489128232002258,0.15489128232002258,0.2891082763671875,2.2167097693566267,0.0,36.0353982300885,0.03370082378387451,-0.008549541234970093,-0.008549541234970093,-0.0003662109375,0.2663645055328958,0.0,0.03539823008849652,0.014252781867980957,-0.006778985261917114,-0.006778985261917114,-0.0002899169921875,0.1076725448496143,0.0,0.2267025779145868
direct Altered compatibility,direct_altered_no_synthetic_degradation,Hard,464__M_Left_little_finger_CR.BMP,data\SOCOFing\Altered\Altered-Hard\464__M_Left_little_finger_CR.BMP,,C2_NLM_MOD_GABOR,NLM -> Modified / Orientation-Adaptive Gabor,"{""Modified Gabor"": {""bandwidth"": 1.8, ""blend"": 0.18, ""frequencies"": [0.075, 0.095, 0.115, 0.14], ""orientation_bins"": 8, ""use_local_frequency"": true}, ""NLM"": {""backend"": ""cv2"", ""cv2_searchWindowSize"": 21, ""cv2_templateWindowSize"": 7, ""h"": 0.06, ""patch_distance"": 6, ""patch_size"": 5}}",,1.9122785999206826,,,,,,,,,,,,,,Altered-Hard,Compatibility candidate,False,False,0.6044348478317261,0.14623424410820007,0.14623424410820007,0.282745361328125,2.2126281705342685,0.0,35.11206896551724,0.05260813236236572,-0.017206579446792603,-0.017206579446792603,-0.0067291259765625,0.26228290671053767,0.0,-0.8879310344827616,0.03316009044647217,-0.015436023473739624,-0.015436023473739624,-0.00665283203125,0.10359094602725616,0.0,-0.6966266866566713
direct Altered compatibility,direct_altered_no_synthetic_degradation,Hard,464__M_Left_little_finger_CR.BMP,data\SOCOFing\Altered\Altered-Hard\464__M_Left_little_finger_CR.BMP,,C3_NLM_COH_DIFF,NLM -> Coherence-Guided Directional Diffusion,"{""Directional Diffusion"": {""iterations"": 4, ""orientation_bins"": 8, ""oriented_kernel_sigma_x"": 1.35, ""oriented_kernel_sigma_y"": 0.5, ""oriented_kernel_size"": 9, ""step"": 0.16}, ""NLM"": {""backend"": ""cv2"", ""cv2_searchWindowSize"": 21, ""cv2_templateWindowSize"": 7, ""h"": 0.06, ""patch_distance"": 6, ""patch_size"": 5}}",,0.36398030002601445,,,,,,,,,,,,,,Altered-Hard,Compatibility candidate,False,False,0.5848258137702942,0.15259090065956116,0.15259090065956116,0.2875213623046875,1.8574536963328556,0.0,37.08108108108108,0.03299909830093384,-0.010849922895431519,-0.010849922895431519,-0.001953125,-0.09289156749087524,0.0,1.0810810810810807,0.013551056385040283,-0.00907936692237854,-0.00907936692237854,-0.0018768310546875,-0.25158352817415675,0.0,1.272385428907171
direct Altered compatibility,direct_altered_no_synthetic_degradation,Hard,464__M_Left_little_finger_CR.BMP,data\SOCOFing\Altered\Altered-Hard\464__M_Left_little_finger_CR.BMP,,C4_TV_NLM_COH_DIFF,TV -> NLM -> Coherence-Guided Directional Diffusion,"{""Directional Diffusion"": {""iterations"": 4, ""orientation_bins"": 8, ""oriented_kernel_sigma_x"": 1.35, ""oriented_kernel_sigma_y"": 0.5, ""oriented_kernel_size"": 9, ""step"": 0.16}, ""NLM"": {""backend"": ""cv2"", ""cv2_searchWindowSize"": 21, ""cv2_templateWindowSize"": 7, ""h"": 0.06, ""patch_distance"": 6, ""patch_size"": 5}, ""TV"": {""backend"": ""skimage.restoration.denoise_tv_chambolle"", ""weight"": 0.02}}",,0.37873950006905943,,,,,,,,,,,,,,Altered-Hard,Compatibility candidate,False,False,0.5948625206947327,0.14659762382507324,0.14659762382507324,0.2865753173828125,2.1298120440871093,0.0,37.34862385321101,0.043035805225372314,-0.016843199729919434,-0.016843199729919434,-0.002899169921875,0.17946678026337848,0.0,1.3486238532110093,0.02358776330947876,-0.015072643756866455,-0.015072643756866455,-0.0028228759765625,0.02077481958009697,0.0,1.5399282010370996
