Experiment,Split,Scenario ID,Scenario,Image,Relative path,Seed,Method ID,Member,Technique,Role,Is member technique,Is baseline,Fixed parameters,Degradation parameters,Runtime (s),Input MSE,Input PSNR (dB),Input SSIM,MSE,MSE_255_equivalent,PSNR (dB),SSIM,Delta PSNR vs degraded input (dB),PSNR delta to 28.17 dB,Target exceeded
member controlled comparison,dev,gaussian_noise_only_s055,Clean Real -> Gaussian noise severity 0.55 -> P0 -> fixed member technique,34__M_Right_ring_finger.BMP,data\SOCOFing\Real\34__M_Right_ring_finger.BMP,20260902,B0,Baseline,Degraded input / P0,Controlled degraded input or direct Altered P0 control,False,True,"{""operation"": ""P0 only; clip/float range only""}","{""gaussian_noise_sigma"": 0.04825}",0.0009712999453768134,0.0018217319643511294,27.395155214170327,0.853334783883363,0.0018217319643511294,118.45812098193218,27.395155214170327,0.853334783883363,0.0,-0.774844785829675,False
member controlled comparison,dev,gaussian_noise_only_s055,Clean Real -> Gaussian noise severity 0.55 -> P0 -> fixed member technique,34__M_Right_ring_finger.BMP,data\SOCOFing\Real\34__M_Right_ring_finger.BMP,20260902,M1_NLM_h0.06,Member 1,Non-Local Means Denoising,Main frozen member technique,True,False,"{""backend"": ""cv2"", ""cv2_searchWindowSize"": 21, ""cv2_templateWindowSize"": 7, ""h"": 0.06, ""patch_distance"": 6, ""patch_size"": 5}","{""gaussian_noise_sigma"": 0.04825}",0.08875150000676513,0.0018217319643511294,27.395155214170327,0.853334783883363,0.0010615054191605731,69.02438988091627,29.74077784347228,0.9490708843501806,2.3456226293019533,1.5707778434722783,True
member controlled comparison,dev,gaussian_noise_only_s055,Clean Real -> Gaussian noise severity 0.55 -> P0 -> fixed member technique,34__M_Right_ring_finger.BMP,data\SOCOFing\Real\34__M_Right_ring_finger.BMP,20260902,M2_MOD_GABOR,Member 2,Literature-Inspired Modified / Orientation-Adaptive Gabor,Main frozen member technique,True,False,"{""bandwidth"": 1.8, ""blend"": 0.18, ""frequencies"": [0.075, 0.095, 0.115, 0.14], ""orientation_bins"": 8, ""use_local_frequency"": true}","{""gaussian_noise_sigma"": 0.04825}",1.8665568999713287,0.0018217319643511294,27.395155214170327,0.853334783883363,0.0035818094193476356,232.90715749308,24.458975257811247,0.8379900249479115,-2.93617995635908,-3.711024742188755,False
member controlled comparison,dev,gaussian_noise_only_s055,Clean Real -> Gaussian noise severity 0.55 -> P0 -> fixed member technique,34__M_Right_ring_finger.BMP,data\SOCOFing\Real\34__M_Right_ring_finger.BMP,20260902,M3_TV_w0.02,Member 3,Total Variation Restoration,Main frozen member technique,True,False,"{""backend"": ""skimage.restoration.denoise_tv_chambolle"", ""weight"": 0.02}","{""gaussian_noise_sigma"": 0.04825}",0.03924770001322031,0.0018217319643511294,27.395155214170327,0.853334783883363,0.0012280536415119861,79.85418803931691,29.107826627519696,0.9422582679080963,1.7126714133493692,0.9378266275196943,True
member controlled comparison,dev,gaussian_noise_only_s055,Clean Real -> Gaussian noise severity 0.55 -> P0 -> fixed member technique,34__M_Right_ring_finger.BMP,data\SOCOFing\Real\34__M_Right_ring_finger.BMP,20260902,M4_COH_DIFF,Member 4,Coherence-Guided Directional Diffusion,Main frozen member technique,True,False,"{""iterations"": 4, ""orientation_bins"": 8, ""oriented_kernel_sigma_x"": 1.35, ""oriented_kernel_sigma_y"": 0.5, ""oriented_kernel_size"": 9, ""step"": 0.16}","{""gaussian_noise_sigma"": 0.04825}",0.340135500067845,0.0018217319643511294,27.395155214170327,0.853334783883363,0.0017521470302821291,113.93336064409544,27.56429453098889,0.8717304894548058,0.16913931681856198,-0.605705469011113,False
member controlled comparison,dev,gaussian_noise_only_s055,Clean Real -> Gaussian noise severity 0.55 -> P0 -> fixed member technique,34__M_Right_ring_finger.BMP,data\SOCOFing\Real\34__M_Right_ring_finger.BMP,20260902,BL_CLAHE_c0.005,Baseline,CLAHE,Optional contrast baseline,False,True,"{""clip_limit"": 0.005, ""kernel_size"": 32}","{""gaussian_noise_sigma"": 0.04825}",0.008468099986203015,0.0018217319643511294,27.395155214170327,0.853334783883363,0.0038929803766506585,253.14104899170906,24.097177854248677,0.8272541247540415,-3.2979773599216493,-4.072822145751324,False
member controlled comparison,dev,gaussian_noise_only_s055,Clean Real -> Gaussian noise severity 0.55 -> P0 -> fixed member technique,34__M_Right_ring_finger.BMP,data\SOCOFing\Real\34__M_Right_ring_finger.BMP,20260902,BL_ORD_GABOR,Baseline,Ordinary Gabor,M2 ordinary Gabor comparator,False,True,"{""blend"": 0.3, ""frequency"": 0.115, ""orientations"": 8}","{""gaussian_noise_sigma"": 0.04825}",0.9490254999836907,0.0018217319643511294,27.395155214170327,0.853334783883363,0.015548229107109686,1011.0235976898074,18.083190685539936,0.7736897052374369,-9.31196452863039,-10.086809314460066,False
member controlled comparison,dev,gaussian_noise_only_s055,Clean Real -> Gaussian noise severity 0.55 -> P0 -> fixed member technique,34__M_Right_ring_finger.BMP,data\SOCOFing\Real\34__M_Right_ring_finger.BMP,20260902,BL_WIENER,Baseline,Wiener Deconvolution,M3 restoration comparator,False,True,"{""balance"": 0.06, ""blend"": 0.35, ""psf_sigma"": 0.98}","{""gaussian_noise_sigma"": 0.04825}",0.0036401000106707215,0.0018217319643511294,27.395155214170327,0.853334783883363,0.0014320295401993235,93.117720851461,28.44048023220036,0.8875610163854957,1.0453250180300344,0.27048023220035944,True
member controlled comparison,dev,gaussian_noise_only_s055,Clean Real -> Gaussian noise severity 0.55 -> P0 -> fixed member technique,34__M_Right_ring_finger.BMP,data\SOCOFing\Real\34__M_Right_ring_finger.BMP,20260902,BL_CONTRAST_1_99,Baseline,Contrast Stretching,Global contrast baseline,False,True,"{""high_percentile"": 99.0, ""low_percentile"": 1.0}","{""gaussian_noise_sigma"": 0.04825}",0.0011626000050455332,0.0018217319643511294,27.395155214170327,0.853334783883363,0.0018217319643511294,118.45812098193218,27.395155214170327,0.853334783883363,0.0,-0.774844785829675,False
member controlled comparison,dev,gaussian_noise_only_s055,Clean Real -> Gaussian noise severity 0.55 -> P0 -> fixed member technique,12__M_Left_middle_finger.BMP,data\SOCOFing\Real\12__M_Left_middle_finger.BMP,20260903,B0,Baseline,Degraded input / P0,Controlled degraded input or direct Altered P0 control,False,True,"{""operation"": ""P0 only; clip/float range only""}","{""gaussian_noise_sigma"": 0.04825}",0.0003256000345572829,0.0018861192794631205,27.244308456524585,0.8752719994213581,0.0018861192794631205,122.6449061470894,27.244308456524585,0.8752719994213581,0.0,-0.9256915434754163,False
member controlled comparison,dev,gaussian_noise_only_s055,Clean Real -> Gaussian noise severity 0.55 -> P0 -> fixed member technique,12__M_Left_middle_finger.BMP,data\SOCOFing\Real\12__M_Left_middle_finger.BMP,20260903,M1_NLM_h0.06,Member 1,Non-Local Means Denoising,Main frozen member technique,True,False,"{""backend"": ""cv2"", ""cv2_searchWindowSize"": 21, ""cv2_templateWindowSize"": 7, ""h"": 0.06, ""patch_distance"": 6, ""patch_size"": 5}","{""gaussian_noise_sigma"": 0.04825}",0.09785340004600585,0.0018861192794631205,27.244308456524585,0.8752719994213581,0.0011049383090626825,71.84861354680093,29.56661968840023,0.9486580246226788,2.322311231875645,1.3966196884002287,True
member controlled comparison,dev,gaussian_noise_only_s055,Clean Real -> Gaussian noise severity 0.55 -> P0 -> fixed member technique,12__M_Left_middle_finger.BMP,data\SOCOFing\Real\12__M_Left_middle_finger.BMP,20260903,M2_MOD_GABOR,Member 2,Literature-Inspired Modified / Orientation-Adaptive Gabor,Main frozen member technique,True,False,"{""bandwidth"": 1.8, ""blend"": 0.18, ""frequencies"": [0.075, 0.095, 0.115, 0.14], ""orientation_bins"": 8, ""use_local_frequency"": true}","{""gaussian_noise_sigma"": 0.04825}",1.9225713999476284,0.0018861192794631205,27.244308456524585,0.8752719994213581,0.003568324035692237,232.03027042088772,24.475357146873794,0.8571414401060864,-2.7689513096507916,-3.694642853126208,False
member controlled comparison,dev,gaussian_noise_only_s055,Clean Real -> Gaussian noise severity 0.55 -> P0 -> fixed member technique,12__M_Left_middle_finger.BMP,data\SOCOFing\Real\12__M_Left_middle_finger.BMP,20260903,M3_TV_w0.02,Member 3,Total Variation Restoration,Main frozen member technique,True,False,"{""backend"": ""skimage.restoration.denoise_tv_chambolle"", ""weight"": 0.02}","{""gaussian_noise_sigma"": 0.04825}",0.005055299960076809,0.0018861192794631205,27.244308456524585,0.8752719994213581,0.0012875887130889062,83.72545606860612,28.902228389642826,0.9416207042701245,1.6579199331182402,0.7322283896428239,True
member controlled comparison,dev,gaussian_noise_only_s055,Clean Real -> Gaussian noise severity 0.55 -> P0 -> fixed member technique,12__M_Left_middle_finger.BMP,data\SOCOFing\Real\12__M_Left_middle_finger.BMP,20260903,M4_COH_DIFF,Member 4,Coherence-Guided Directional Diffusion,Main frozen member technique,True,False,"{""iterations"": 4, ""orientation_bins"": 8, ""oriented_kernel_sigma_x"": 1.35, ""oriented_kernel_sigma_y"": 0.5, ""oriented_kernel_size"": 9, ""step"": 0.16}","{""gaussian_noise_sigma"": 0.04825}",0.2986282000783831,0.0018861192794631205,27.244308456524585,0.8752719994213581,0.0017914260342961625,116.48747788010797,27.46801118594814,0.8883476017622948,0.22370272942355385,-0.7019888140518624,False
member controlled comparison,dev,gaussian_noise_only_s055,Clean Real -> Gaussian noise severity 0.55 -> P0 -> fixed member technique,12__M_Left_middle_finger.BMP,data\SOCOFing\Real\12__M_Left_middle_finger.BMP,20260903,BL_CLAHE_c0.005,Baseline,CLAHE,Optional contrast baseline,False,True,"{""clip_limit"": 0.005, ""kernel_size"": 32}","{""gaussian_noise_sigma"": 0.04825}",0.006524600088596344,0.0018861192794631205,27.244308456524585,0.8752719994213581,0.0040422420082627695,262.84678658728654,23.933776889140375,0.8446415255127847,-3.31053156738421,-4.236223110859626,False
member controlled comparison,dev,gaussian_noise_only_s055,Clean Real -> Gaussian noise severity 0.55 -> P0 -> fixed member technique,12__M_Left_middle_finger.BMP,data\SOCOFing\Real\12__M_Left_middle_finger.BMP,20260903,BL_ORD_GABOR,Baseline,Ordinary Gabor,M2 ordinary Gabor comparator,False,True,"{""blend"": 0.3, ""frequency"": 0.115, ""orientations"": 8}","{""gaussian_noise_sigma"": 0.04825}",0.8907453999854624,0.0018861192794631205,27.244308456524585,0.8752719994213581,0.020262432797224374,1317.5646926395148,16.933084125304994,0.7597976817129933,-10.311224331219591,-11.236915874695008,False
member controlled comparison,dev,gaussian_noise_only_s055,Clean Real -> Gaussian noise severity 0.55 -> P0 -> fixed member technique,12__M_Left_middle_finger.BMP,data\SOCOFing\Real\12__M_Left_middle_finger.BMP,20260903,BL_WIENER,Baseline,Wiener Deconvolution,M3 restoration comparator,False,True,"{""balance"": 0.06, ""blend"": 0.35, ""psf_sigma"": 0.98}","{""gaussian_noise_sigma"": 0.04825}",0.001974900020286441,0.0018861192794631205,27.244308456524585,0.8752719994213581,0.0014605292057262502,94.97091160234942,28.354897541584684,0.9041238874599338,1.1105890850600986,0.1848975415846823,True
member controlled comparison,dev,gaussian_noise_only_s055,Clean Real -> Gaussian noise severity 0.55 -> P0 -> fixed member technique,12__M_Left_middle_finger.BMP,data\SOCOFing\Real\12__M_Left_middle_finger.BMP,20260903,BL_CONTRAST_1_99,Baseline,Contrast Stretching,Global contrast baseline,False,True,"{""high_percentile"": 99.0, ""low_percentile"": 1.0}","{""gaussian_noise_sigma"": 0.04825}",0.0011656999122351408,0.0018861192794631205,27.244308456524585,0.8752719994213581,0.0018861192794631205,122.6449061470894,27.244308456524585,0.8752719994213581,0.0,-0.9256915434754163,False
member controlled comparison,dev,gaussian_noise_only_s055,Clean Real -> Gaussian noise severity 0.55 -> P0 -> fixed member technique,379__F_Left_ring_finger.BMP,data\SOCOFing\Real\379__F_Left_ring_finger.BMP,20260904,B0,Baseline,Degraded input / P0,Controlled degraded input or direct Altered P0 control,False,True,"{""operation"": ""P0 only; clip/float range only""}","{""gaussian_noise_sigma"": 0.04825}",0.0002391999587416649,0.0018557971559027286,27.314694951895852,0.8329434325064421,0.0018557971559027286,120.67321006257492,27.314694951895852,0.8329434325064421,0.0,-0.8553050481041495,False
member controlled comparison,dev,gaussian_noise_only_s055,Clean Real -> Gaussian noise severity 0.55 -> P0 -> fixed member technique,379__F_Left_ring_finger.BMP,data\SOCOFing\Real\379__F_Left_ring_finger.BMP,20260904,M1_NLM_h0.06,Member 1,Non-Local Means Denoising,Main frozen member technique,True,False,"{""backend"": ""cv2"", ""cv2_searchWindowSize"": 21, ""cv2_templateWindowSize"": 7, ""h"": 0.06, ""patch_distance"": 6, ""patch_size"": 5}","{""gaussian_noise_sigma"": 0.04825}",0.09060660004615784,0.0018557971559027286,27.314694951895852,0.8329434325064421,0.001201447204613965,78.12410448002306,29.20295308712431,0.9504642894906997,1.8882581352284582,1.0329530871243087,True
member controlled comparison,dev,gaussian_noise_only_s055,Clean Real -> Gaussian noise severity 0.55 -> P0 -> fixed member technique,379__F_Left_ring_finger.BMP,data\SOCOFing\Real\379__F_Left_ring_finger.BMP,20260904,M2_MOD_GABOR,Member 2,Literature-Inspired Modified / Orientation-Adaptive Gabor,Main frozen member technique,True,False,"{""bandwidth"": 1.8, ""blend"": 0.18, ""frequencies"": [0.075, 0.095, 0.115, 0.14], ""orientation_bins"": 8, ""use_local_frequency"": true}","{""gaussian_noise_sigma"": 0.04825}",1.8655214000027627,0.0018557971559027286,27.314694951895852,0.8329434325064421,0.002745841276804413,178.54832902420694,25.613245707410254,0.8284443756299652,-1.7014492444855982,-2.5567542925897477,False
member controlled comparison,dev,gaussian_noise_only_s055,Clean Real -> Gaussian noise severity 0.55 -> P0 -> fixed member technique,379__F_Left_ring_finger.BMP,data\SOCOFing\Real\379__F_Left_ring_finger.BMP,20260904,M3_TV_w0.02,Member 3,Total Variation Restoration,Main frozen member technique,True,False,"{""backend"": ""skimage.restoration.denoise_tv_chambolle"", ""weight"": 0.02}","{""gaussian_noise_sigma"": 0.04825}",0.004739800002425909,0.0018557971559027286,27.314694951895852,0.8329434325064421,0.0012006194692185624,78.07028098593702,29.205946184134017,0.9429074383463859,1.8912512322381652,1.0359461841340156,True
member controlled comparison,dev,gaussian_noise_only_s055,Clean Real -> Gaussian noise severity 0.55 -> P0 -> fixed member technique,379__F_Left_ring_finger.BMP,data\SOCOFing\Real\379__F_Left_ring_finger.BMP,20260904,M4_COH_DIFF,Member 4,Coherence-Guided Directional Diffusion,Main frozen member technique,True,False,"{""iterations"": 4, ""orientation_bins"": 8, ""oriented_kernel_sigma_x"": 1.35, ""oriented_kernel_sigma_y"": 0.5, ""oriented_kernel_size"": 9, ""step"": 0.16}","{""gaussian_noise_sigma"": 0.04825}",0.29788559989538044,0.0018557971559027286,27.314694951895852,0.8329434325064421,0.0015181397114287071,98.71703473565168,28.18688259329525,0.8535173744565845,0.8721876413993961,0.01688259329524655,True
member controlled comparison,dev,gaussian_noise_only_s055,Clean Real -> Gaussian noise severity 0.55 -> P0 -> fixed member technique,379__F_Left_ring_finger.BMP,data\SOCOFing\Real\379__F_Left_ring_finger.BMP,20260904,BL_CLAHE_c0.005,Baseline,CLAHE,Optional contrast baseline,False,True,"{""clip_limit"": 0.005, ""kernel_size"": 32}","{""gaussian_noise_sigma"": 0.04825}",0.007105899974703789,0.0018557971559027286,27.314694951895852,0.8329434325064421,0.003900432181970211,253.62560263261298,24.088872689104605,0.8339861051501631,-3.2258222627912474,-4.081127310895397,False
member controlled comparison,dev,gaussian_noise_only_s055,Clean Real -> Gaussian noise severity 0.55 -> P0 -> fixed member technique,379__F_Left_ring_finger.BMP,data\SOCOFing\Real\379__F_Left_ring_finger.BMP,20260904,BL_ORD_GABOR,Baseline,Ordinary Gabor,M2 ordinary Gabor comparator,False,True,"{""blend"": 0.3, ""frequency"": 0.115, ""orientations"": 8}","{""gaussian_noise_sigma"": 0.04825}",0.9006993999937549,0.0018557971559027286,27.314694951895852,0.8329434325064421,0.012652333005298036,822.7179536695048,18.97829386116087,0.7887439281072579,-8.33640109073498,-9.19170613883913,False
member controlled comparison,dev,gaussian_noise_only_s055,Clean Real -> Gaussian noise severity 0.55 -> P0 -> fixed member technique,379__F_Left_ring_finger.BMP,data\SOCOFing\Real\379__F_Left_ring_finger.BMP,20260904,BL_WIENER,Baseline,Wiener Deconvolution,M3 restoration comparator,False,True,"{""balance"": 0.06, ""blend"": 0.35, ""psf_sigma"": 0.98}","{""gaussian_noise_sigma"": 0.04825}",0.0018845000304281712,0.0018557971559027286,27.314694951895852,0.8329434325064421,0.0014616912702596,95.0464748486305,28.35144346790887,0.8720876811407209,1.0367485160130165,0.181443467908867,True
member controlled comparison,dev,gaussian_noise_only_s055,Clean Real -> Gaussian noise severity 0.55 -> P0 -> fixed member technique,379__F_Left_ring_finger.BMP,data\SOCOFing\Real\379__F_Left_ring_finger.BMP,20260904,BL_CONTRAST_1_99,Baseline,Contrast Stretching,Global contrast baseline,False,True,"{""high_percentile"": 99.0, ""low_percentile"": 1.0}","{""gaussian_noise_sigma"": 0.04825}",0.000943099963478744,0.0018557971559027286,27.314694951895852,0.8329434325064421,0.0018557971559027286,120.67321006257492,27.314694951895852,0.8329434325064421,0.0,-0.8553050481041495,False
member controlled comparison,dev,gaussian_noise_only_s055,Clean Real -> Gaussian noise severity 0.55 -> P0 -> fixed member technique,216__M_Right_ring_finger.BMP,data\SOCOFing\Real\216__M_Right_ring_finger.BMP,20260905,B0,Baseline,Degraded input / P0,Controlled degraded input or direct Altered P0 control,False,True,"{""operation"": ""P0 only; clip/float range only""}","{""gaussian_noise_sigma"": 0.04825}",0.00010699999984353781,0.0018068565174811926,27.430763334049047,0.8332492087816,0.0018068565174811926,117.49084504921454,27.430763334049047,0.8332492087816,0.0,-0.7392366659509548,False
member controlled comparison,dev,gaussian_noise_only_s055,Clean Real -> Gaussian noise severity 0.55 -> P0 -> fixed member technique,216__M_Right_ring_finger.BMP,data\SOCOFing\Real\216__M_Right_ring_finger.BMP,20260905,M1_NLM_h0.06,Member 1,Non-Local Means Denoising,Main frozen member technique,True,False,"{""backend"": ""cv2"", ""cv2_searchWindowSize"": 21, ""cv2_templateWindowSize"": 7, ""h"": 0.06, ""patch_distance"": 6, ""patch_size"": 5}","{""gaussian_noise_sigma"": 0.04825}",0.0888179000467062,0.0018068565174811926,27.430763334049047,0.8332492087816,0.0010697456180278188,69.56020881225892,29.707194838299948,0.9446846299544572,2.276431504250901,1.5371948382999463,True
member controlled comparison,dev,gaussian_noise_only_s055,Clean Real -> Gaussian noise severity 0.55 -> P0 -> fixed member technique,216__M_Right_ring_finger.BMP,data\SOCOFing\Real\216__M_Right_ring_finger.BMP,20260905,M2_MOD_GABOR,Member 2,Literature-Inspired Modified / Orientation-Adaptive Gabor,Main frozen member technique,True,False,"{""bandwidth"": 1.8, ""blend"": 0.18, ""frequencies"": [0.075, 0.095, 0.115, 0.14], ""orientation_bins"": 8, ""use_local_frequency"": true}","{""gaussian_noise_sigma"": 0.04825}",1.9302221999969333,0.0018068565174811926,27.430763334049047,0.8332492087816,0.003304817340755601,214.89574758263296,24.80852539232538,0.8157965193016454,-2.622237941723668,-3.361474607674623,False
member controlled comparison,dev,gaussian_noise_only_s055,Clean Real -> Gaussian noise severity 0.55 -> P0 -> fixed member technique,216__M_Right_ring_finger.BMP,data\SOCOFing\Real\216__M_Right_ring_finger.BMP,20260905,M3_TV_w0.02,Member 3,Total Variation Restoration,Main frozen member technique,True,False,"{""backend"": ""skimage.restoration.denoise_tv_chambolle"", ""weight"": 0.02}","{""gaussian_noise_sigma"": 0.04825}",0.006557899992913008,0.0018068565174811926,27.430763334049047,0.8332492087816,0.0012069149457272232,78.47964434591269,29.183233346274857,0.9367944357494116,1.7524700122258103,1.0132333462748555,True
member controlled comparison,dev,gaussian_noise_only_s055,Clean Real -> Gaussian noise severity 0.55 -> P0 -> fixed member technique,216__M_Right_ring_finger.BMP,data\SOCOFing\Real\216__M_Right_ring_finger.BMP,20260905,M4_COH_DIFF,Member 4,Coherence-Guided Directional Diffusion,Main frozen member technique,True,False,"{""iterations"": 4, ""orientation_bins"": 8, ""oriented_kernel_sigma_x"": 1.35, ""oriented_kernel_sigma_y"": 0.5, ""oriented_kernel_size"": 9, ""step"": 0.16}","{""gaussian_noise_sigma"": 0.04825}",0.31202219997067004,0.0018068565174811926,27.430763334049047,0.8332492087816,0.0015577423478899883,101.2921961715465,28.07504373456167,0.8532690296037198,0.6442804005126241,-0.09495626543833069,False
member controlled comparison,dev,gaussian_noise_only_s055,Clean Real -> Gaussian noise severity 0.55 -> P0 -> fixed member technique,216__M_Right_ring_finger.BMP,data\SOCOFing\Real\216__M_Right_ring_finger.BMP,20260905,BL_CLAHE_c0.005,Baseline,CLAHE,Optional contrast baseline,False,True,"{""clip_limit"": 0.005, ""kernel_size"": 32}","{""gaussian_noise_sigma"": 0.04825}",0.006081900093704462,0.0018068565174811926,27.430763334049047,0.8332492087816,0.0036671504078645174,238.45645527139027,24.35671277122571,0.8312706385408938,-3.074050562823338,-3.8132872287742927,False
member controlled comparison,dev,gaussian_noise_only_s055,Clean Real -> Gaussian noise severity 0.55 -> P0 -> fixed member technique,216__M_Right_ring_finger.BMP,data\SOCOFing\Real\216__M_Right_ring_finger.BMP,20260905,BL_ORD_GABOR,Baseline,Ordinary Gabor,M2 ordinary Gabor comparator,False,True,"{""blend"": 0.3, ""frequency"": 0.115, ""orientations"": 8}","{""gaussian_noise_sigma"": 0.04825}",0.9471920999931172,0.0018068565174811926,27.430763334049047,0.8332492087816,0.020013333742680325,1301.367026617788,16.98680562265495,0.7373994691700873,-10.443957711394098,-11.183194377345053,False
member controlled comparison,dev,gaussian_noise_only_s055,Clean Real -> Gaussian noise severity 0.55 -> P0 -> fixed member technique,216__M_Right_ring_finger.BMP,data\SOCOFing\Real\216__M_Right_ring_finger.BMP,20260905,BL_WIENER,Baseline,Wiener Deconvolution,M3 restoration comparator,False,True,"{""balance"": 0.06, ""blend"": 0.35, ""psf_sigma"": 0.98}","{""gaussian_noise_sigma"": 0.04825}",0.001984099973924458,0.0018068565174811926,27.430763334049047,0.8332492087816,0.0014008466025182064,91.09005032874637,28.536094188379145,0.8724173404096961,1.1053308543300986,0.36609418837914376,True
member controlled comparison,dev,gaussian_noise_only_s055,Clean Real -> Gaussian noise severity 0.55 -> P0 -> fixed member technique,216__M_Right_ring_finger.BMP,data\SOCOFing\Real\216__M_Right_ring_finger.BMP,20260905,BL_CONTRAST_1_99,Baseline,Contrast Stretching,Global contrast baseline,False,True,"{""high_percentile"": 99.0, ""low_percentile"": 1.0}","{""gaussian_noise_sigma"": 0.04825}",0.0008304999209940434,0.0018068565174811926,27.430763334049047,0.8332492087816,0.0018068565174811926,117.49084504921454,27.430763334049047,0.8332492087816,0.0,-0.7392366659509548,False
member controlled comparison,dev,gaussian_noise_only_s055,Clean Real -> Gaussian noise severity 0.55 -> P0 -> fixed member technique,598__M_Right_little_finger.BMP,data\SOCOFing\Real\598__M_Right_little_finger.BMP,20260906,B0,Baseline,Degraded input / P0,Controlled degraded input or direct Altered P0 control,False,True,"{""operation"": ""P0 only; clip/float range only""}","{""gaussian_noise_sigma"": 0.04825}",0.00013230007607489824,0.0018821194461074912,27.25352818135514,0.8737519754238725,0.0018821194461074912,122.38481698313961,27.25352818135514,0.8737519754238725,0.0,-0.9164718186448617,False
member controlled comparison,dev,gaussian_noise_only_s055,Clean Real -> Gaussian noise severity 0.55 -> P0 -> fixed member technique,598__M_Right_little_finger.BMP,data\SOCOFing\Real\598__M_Right_little_finger.BMP,20260906,M1_NLM_h0.06,Member 1,Non-Local Means Denoising,Main frozen member technique,True,False,"{""backend"": ""cv2"", ""cv2_searchWindowSize"": 21, ""cv2_templateWindowSize"": 7, ""h"": 0.06, ""patch_distance"": 6, ""patch_size"": 5}","{""gaussian_noise_sigma"": 0.04825}",0.09546509990468621,0.0018821194461074912,27.25352818135514,0.8737519754238725,0.0013302646698243235,86.50046015532664,28.76061943086476,0.950864035236597,1.507091249509621,0.5906194308647592,True
member controlled comparison,dev,gaussian_noise_only_s055,Clean Real -> Gaussian noise severity 0.55 -> P0 -> fixed member technique,598__M_Right_little_finger.BMP,data\SOCOFing\Real\598__M_Right_little_finger.BMP,20260906,M2_MOD_GABOR,Member 2,Literature-Inspired Modified / Orientation-Adaptive Gabor,Main frozen member technique,True,False,"{""bandwidth"": 1.8, ""blend"": 0.18, ""frequencies"": [0.075, 0.095, 0.115, 0.14], ""orientation_bins"": 8, ""use_local_frequency"": true}","{""gaussian_noise_sigma"": 0.04825}",1.9661543999100104,0.0018821194461074912,27.25352818135514,0.8737519754238725,0.003148585855377736,204.7367952459373,25.018844598945766,0.8667993081211671,-2.2346835824093745,-3.151155401054236,False
member controlled comparison,dev,gaussian_noise_only_s055,Clean Real -> Gaussian noise severity 0.55 -> P0 -> fixed member technique,598__M_Right_little_finger.BMP,data\SOCOFing\Real\598__M_Right_little_finger.BMP,20260906,M3_TV_w0.02,Member 3,Total Variation Restoration,Main frozen member technique,True,False,"{""backend"": ""skimage.restoration.denoise_tv_chambolle"", ""weight"": 0.02}","{""gaussian_noise_sigma"": 0.04825}",0.005711500067263842,0.0018821194461074912,27.25352818135514,0.8737519754238725,0.001327647386882929,86.33027133206247,28.769172549870746,0.9504389220192433,1.5156443685156056,0.5991725498707439,True
member controlled comparison,dev,gaussian_noise_only_s055,Clean Real -> Gaussian noise severity 0.55 -> P0 -> fixed member technique,598__M_Right_little_finger.BMP,data\SOCOFing\Real\598__M_Right_little_finger.BMP,20260906,M4_COH_DIFF,Member 4,Coherence-Guided Directional Diffusion,Main frozen member technique,True,False,"{""iterations"": 4, ""orientation_bins"": 8, ""oriented_kernel_sigma_x"": 1.35, ""oriented_kernel_sigma_y"": 0.5, ""oriented_kernel_size"": 9, ""step"": 0.16}","{""gaussian_noise_sigma"": 0.04825}",0.31718579994048923,0.0018821194461074912,27.25352818135514,0.8737519754238725,0.002134851215254402,138.8187002719175,26.70632386983508,0.8852786429189443,-0.5472043115200584,-1.4636761301649202,False
member controlled comparison,dev,gaussian_noise_only_s055,Clean Real -> Gaussian noise severity 0.55 -> P0 -> fixed member technique,598__M_Right_little_finger.BMP,data\SOCOFing\Real\598__M_Right_little_finger.BMP,20260906,BL_CLAHE_c0.005,Baseline,CLAHE,Optional contrast baseline,False,True,"{""clip_limit"": 0.005, ""kernel_size"": 32}","{""gaussian_noise_sigma"": 0.04825}",0.007072100066579878,0.0018821194461074912,27.25352818135514,0.8737519754238725,0.0029539541291870915,192.08086725039064,25.29596252963,0.8624088621842265,-1.9575656517251403,-2.874037470370002,False
member controlled comparison,dev,gaussian_noise_only_s055,Clean Real -> Gaussian noise severity 0.55 -> P0 -> fixed member technique,598__M_Right_little_finger.BMP,data\SOCOFing\Real\598__M_Right_little_finger.BMP,20260906,BL_ORD_GABOR,Baseline,Ordinary Gabor,M2 ordinary Gabor comparator,False,True,"{""blend"": 0.3, ""frequency"": 0.115, ""orientations"": 8}","{""gaussian_noise_sigma"": 0.04825}",0.956296099931933,0.0018821194461074912,27.25352818135514,0.8737519754238725,0.013451692613128714,874.6963121686947,18.712230653796492,0.8257464996679842,-8.541297527558648,-9.45776934620351,False
member controlled comparison,dev,gaussian_noise_only_s055,Clean Real -> Gaussian noise severity 0.55 -> P0 -> fixed member technique,598__M_Right_little_finger.BMP,data\SOCOFing\Real\598__M_Right_little_finger.BMP,20260906,BL_WIENER,Baseline,Wiener Deconvolution,M3 restoration comparator,False,True,"{""balance"": 0.06, ""blend"": 0.35, ""psf_sigma"": 0.98}","{""gaussian_noise_sigma"": 0.04825}",0.003095399937592447,0.0018821194461074912,27.25352818135514,0.8737519754238725,0.0015034948401700646,97.76475198205846,28.22898058012093,0.901918802306354,0.975452398765789,0.05898058012092733,True
member controlled comparison,dev,gaussian_noise_only_s055,Clean Real -> Gaussian noise severity 0.55 -> P0 -> fixed member technique,598__M_Right_little_finger.BMP,data\SOCOFing\Real\598__M_Right_little_finger.BMP,20260906,BL_CONTRAST_1_99,Baseline,Contrast Stretching,Global contrast baseline,False,True,"{""high_percentile"": 99.0, ""low_percentile"": 1.0}","{""gaussian_noise_sigma"": 0.04825}",0.0012249000137671828,0.0018821194461074912,27.25352818135514,0.8737519754238725,0.0018821194461074912,122.38481698313961,27.25352818135514,0.8737519754238725,0.0,-0.9164718186448617,False
member controlled comparison,dev,gaussian_noise_only_s055,Clean Real -> Gaussian noise severity 0.55 -> P0 -> fixed member technique,241__M_Right_thumb_finger.BMP,data\SOCOFing\Real\241__M_Right_thumb_finger.BMP,20260907,B0,Baseline,Degraded input / P0,Controlled degraded input or direct Altered P0 control,False,True,"{""operation"": ""P0 only; clip/float range only""}","{""gaussian_noise_sigma"": 0.04825}",0.00023560004774481058,0.001711916776903414,27.66517351931141,0.850402770767808,0.001711916776903414,111.31738841814449,27.66517351931141,0.850402770767808,0.0,-0.5048264806885925,False
member controlled comparison,dev,gaussian_noise_only_s055,Clean Real -> Gaussian noise severity 0.55 -> P0 -> fixed member technique,241__M_Right_thumb_finger.BMP,data\SOCOFing\Real\241__M_Right_thumb_finger.BMP,20260907,M1_NLM_h0.06,Member 1,Non-Local Means Denoising,Main frozen member technique,True,False,"{""backend"": ""cv2"", ""cv2_searchWindowSize"": 21, ""cv2_templateWindowSize"": 7, ""h"": 0.06, ""patch_distance"": 6, ""patch_size"": 5}","{""gaussian_noise_sigma"": 0.04825}",0.09534280002117157,0.001711916776903414,27.66517351931141,0.850402770767808,0.0009424709502700191,61.284173541307986,30.25732027150671,0.9331747810809612,2.592146752195301,2.0873202715067087,True
member controlled comparison,dev,gaussian_noise_only_s055,Clean Real -> Gaussian noise severity 0.55 -> P0 -> fixed member technique,241__M_Right_thumb_finger.BMP,data\SOCOFing\Real\241__M_Right_thumb_finger.BMP,20260907,M2_MOD_GABOR,Member 2,Literature-Inspired Modified / Orientation-Adaptive Gabor,Main frozen member technique,True,False,"{""bandwidth"": 1.8, ""blend"": 0.18, ""frequencies"": [0.075, 0.095, 0.115, 0.14], ""orientation_bins"": 8, ""use_local_frequency"": true}","{""gaussian_noise_sigma"": 0.04825}",1.962699000025168,0.001711916776903414,27.66517351931141,0.850402770767808,0.003891066160270175,253.01657707156815,24.099313847716928,0.8024792085547112,-3.565859671594481,-4.0706861522830735,False
member controlled comparison,dev,gaussian_noise_only_s055,Clean Real -> Gaussian noise severity 0.55 -> P0 -> fixed member technique,241__M_Right_thumb_finger.BMP,data\SOCOFing\Real\241__M_Right_thumb_finger.BMP,20260907,M3_TV_w0.02,Member 3,Total Variation Restoration,Main frozen member technique,True,False,"{""backend"": ""skimage.restoration.denoise_tv_chambolle"", ""weight"": 0.02}","{""gaussian_noise_sigma"": 0.04825}",0.006671000039204955,0.001711916776903414,27.66517351931141,0.850402770767808,0.0010625326089994912,69.09118290019192,29.736577326270876,0.9306786875401736,2.0714038069594665,1.566577326270874,True
member controlled comparison,dev,gaussian_noise_only_s055,Clean Real -> Gaussian noise severity 0.55 -> P0 -> fixed member technique,241__M_Right_thumb_finger.BMP,data\SOCOFing\Real\241__M_Right_thumb_finger.BMP,20260907,M4_COH_DIFF,Member 4,Coherence-Guided Directional Diffusion,Main frozen member technique,True,False,"{""iterations"": 4, ""orientation_bins"": 8, ""oriented_kernel_sigma_x"": 1.35, ""oriented_kernel_sigma_y"": 0.5, ""oriented_kernel_size"": 9, ""step"": 0.16}","{""gaussian_noise_sigma"": 0.04825}",0.3162089000688866,0.001711916776903414,27.66517351931141,0.850402770767808,0.0012408664422078124,80.687340404563,29.062749602688626,0.874263609080255,1.397576083377217,0.8927496026886246,True
member controlled comparison,dev,gaussian_noise_only_s055,Clean Real -> Gaussian noise severity 0.55 -> P0 -> fixed member technique,241__M_Right_thumb_finger.BMP,data\SOCOFing\Real\241__M_Right_thumb_finger.BMP,20260907,BL_CLAHE_c0.005,Baseline,CLAHE,Optional contrast baseline,False,True,"{""clip_limit"": 0.005, ""kernel_size"": 32}","{""gaussian_noise_sigma"": 0.04825}",0.007600100012496114,0.001711916776903414,27.66517351931141,0.850402770767808,0.003419352046815695,222.34336684419057,24.660561831699177,0.8170927968434989,-3.0046116876122326,-3.509438168300825,False
member controlled comparison,dev,gaussian_noise_only_s055,Clean Real -> Gaussian noise severity 0.55 -> P0 -> fixed member technique,241__M_Right_thumb_finger.BMP,data\SOCOFing\Real\241__M_Right_thumb_finger.BMP,20260907,BL_ORD_GABOR,Baseline,Ordinary Gabor,M2 ordinary Gabor comparator,False,True,"{""blend"": 0.3, ""frequency"": 0.115, ""orientations"": 8}","{""gaussian_noise_sigma"": 0.04825}",0.9332975000143051,0.001711916776903414,27.66517351931141,0.850402770767808,0.022979634504231735,1494.2507336376686,16.386568831350118,0.6807643858898027,-11.278604687961291,-11.783431168649884,False
member controlled comparison,dev,gaussian_noise_only_s055,Clean Real -> Gaussian noise severity 0.55 -> P0 -> fixed member technique,241__M_Right_thumb_finger.BMP,data\SOCOFing\Real\241__M_Right_thumb_finger.BMP,20260907,BL_WIENER,Baseline,Wiener Deconvolution,M3 restoration comparator,False,True,"{""balance"": 0.06, ""blend"": 0.35, ""psf_sigma"": 0.98}","{""gaussian_noise_sigma"": 0.04825}",0.0018923000898212194,0.001711916776903414,27.66517351931141,0.850402770767808,0.0012145822663896277,78.97821187198554,29.15573064120217,0.8859025890040397,1.4905571218907596,0.9857306412021671,True
member controlled comparison,dev,gaussian_noise_only_s055,Clean Real -> Gaussian noise severity 0.55 -> P0 -> fixed member technique,241__M_Right_thumb_finger.BMP,data\SOCOFing\Real\241__M_Right_thumb_finger.BMP,20260907,BL_CONTRAST_1_99,Baseline,Contrast Stretching,Global contrast baseline,False,True,"{""high_percentile"": 99.0, ""low_percentile"": 1.0}","{""gaussian_noise_sigma"": 0.04825}",0.0018898999551311135,0.001711916776903414,27.66517351931141,0.850402770767808,0.001711916776903414,111.31738841814449,27.66517351931141,0.850402770767808,0.0,-0.5048264806885925,False
member controlled comparison,dev,gaussian_noise_only_s055,Clean Real -> Gaussian noise severity 0.55 -> P0 -> fixed member technique,318__F_Left_little_finger.BMP,data\SOCOFing\Real\318__F_Left_little_finger.BMP,20260908,B0,Baseline,Degraded input / P0,Controlled degraded input or direct Altered P0 control,False,True,"{""operation"": ""P0 only; clip/float range only""}","{""gaussian_noise_sigma"": 0.04825}",0.00016199995297938585,0.0017130572501316702,27.662281227316278,0.8043506319574714,0.0017130572501316702,111.39154768981186,27.662281227316278,0.8043506319574714,0.0,-0.5077187726837238,False
member controlled comparison,dev,gaussian_noise_only_s055,Clean Real -> Gaussian noise severity 0.55 -> P0 -> fixed member technique,318__F_Left_little_finger.BMP,data\SOCOFing\Real\318__F_Left_little_finger.BMP,20260908,M1_NLM_h0.06,Member 1,Non-Local Means Denoising,Main frozen member technique,True,False,"{""backend"": ""cv2"", ""cv2_searchWindowSize"": 21, ""cv2_templateWindowSize"": 7, ""h"": 0.06, ""patch_distance"": 6, ""patch_size"": 5}","{""gaussian_noise_sigma"": 0.04825}",0.09746620000805706,0.0017130572501316702,27.662281227316278,0.8043506319574714,0.0011651664558396278,75.7649487909718,29.33612026836551,0.9208061531684398,1.6738390410492308,1.166120268365507,True
member controlled comparison,dev,gaussian_noise_only_s055,Clean Real -> Gaussian noise severity 0.55 -> P0 -> fixed member technique,318__F_Left_little_finger.BMP,data\SOCOFing\Real\318__F_Left_little_finger.BMP,20260908,M2_MOD_GABOR,Member 2,Literature-Inspired Modified / Orientation-Adaptive Gabor,Main frozen member technique,True,False,"{""bandwidth"": 1.8, ""blend"": 0.18, ""frequencies"": [0.075, 0.095, 0.115, 0.14], ""orientation_bins"": 8, ""use_local_frequency"": true}","{""gaussian_noise_sigma"": 0.04825}",1.9472687999950722,0.0017130572501316702,27.662281227316278,0.8043506319574714,0.0028312026180777996,184.0989502405089,25.480290487683178,0.8016419193306789,-2.1819907396331004,-2.689709512316824,False
member controlled comparison,dev,gaussian_noise_only_s055,Clean Real -> Gaussian noise severity 0.55 -> P0 -> fixed member technique,318__F_Left_little_finger.BMP,data\SOCOFing\Real\318__F_Left_little_finger.BMP,20260908,M3_TV_w0.02,Member 3,Total Variation Restoration,Main frozen member technique,True,False,"{""backend"": ""skimage.restoration.denoise_tv_chambolle"", ""weight"": 0.02}","{""gaussian_noise_sigma"": 0.04825}",0.005859899916686118,0.0017130572501316702,27.662281227316278,0.8043506319574714,0.0010657976428199553,69.3034917243676,29.72325244604976,0.9363194644300937,2.0609712187334814,1.5532524460497577,True
member controlled comparison,dev,gaussian_noise_only_s055,Clean Real -> Gaussian noise severity 0.55 -> P0 -> fixed member technique,318__F_Left_little_finger.BMP,data\SOCOFing\Real\318__F_Left_little_finger.BMP,20260908,M4_COH_DIFF,Member 4,Coherence-Guided Directional Diffusion,Main frozen member technique,True,False,"{""iterations"": 4, ""orientation_bins"": 8, ""oriented_kernel_sigma_x"": 1.35, ""oriented_kernel_sigma_y"": 0.5, ""oriented_kernel_size"": 9, ""step"": 0.16}","{""gaussian_noise_sigma"": 0.04825}",0.32226120005361736,0.0017130572501316702,27.662281227316278,0.8043506319574714,0.0014902919764845934,96.90623577091068,28.267286367194977,0.8296517142455578,0.6050051398786991,0.0972863671949753,True
member controlled comparison,dev,gaussian_noise_only_s055,Clean Real -> Gaussian noise severity 0.55 -> P0 -> fixed member technique,318__F_Left_little_finger.BMP,data\SOCOFing\Real\318__F_Left_little_finger.BMP,20260908,BL_CLAHE_c0.005,Baseline,CLAHE,Optional contrast baseline,False,True,"{""clip_limit"": 0.005, ""kernel_size"": 32}","{""gaussian_noise_sigma"": 0.04825}",0.00792210001964122,0.0017130572501316702,27.662281227316278,0.8043506319574714,0.002864092039586439,186.2375848741082,25.430130297851903,0.7871326651499867,-2.2321509294643747,-2.7398697021480984,False
member controlled comparison,dev,gaussian_noise_only_s055,Clean Real -> Gaussian noise severity 0.55 -> P0 -> fixed member technique,318__F_Left_little_finger.BMP,data\SOCOFing\Real\318__F_Left_little_finger.BMP,20260908,BL_ORD_GABOR,Baseline,Ordinary Gabor,M2 ordinary Gabor comparator,False,True,"{""blend"": 0.3, ""frequency"": 0.115, ""orientations"": 8}","{""gaussian_noise_sigma"": 0.04825}",0.9761077000293881,0.0017130572501316702,27.662281227316278,0.8043506319574714,0.010555782116614653,686.3897321328678,19.76509582693039,0.7846477252057001,-7.897185400385887,-8.40490417306961,False
member controlled comparison,dev,gaussian_noise_only_s055,Clean Real -> Gaussian noise severity 0.55 -> P0 -> fixed member technique,318__F_Left_little_finger.BMP,data\SOCOFing\Real\318__F_Left_little_finger.BMP,20260908,BL_WIENER,Baseline,Wiener Deconvolution,M3 restoration comparator,False,True,"{""balance"": 0.06, ""blend"": 0.35, ""psf_sigma"": 0.98}","{""gaussian_noise_sigma"": 0.04825}",0.002089999965392053,0.0017130572501316702,27.662281227316278,0.8043506319574714,0.001311192952437816,85.26032173226899,28.823333937310235,0.8525007404477001,1.1610527099939567,0.6533339373102329,True
member controlled comparison,dev,gaussian_noise_only_s055,Clean Real -> Gaussian noise severity 0.55 -> P0 -> fixed member technique,318__F_Left_little_finger.BMP,data\SOCOFing\Real\318__F_Left_little_finger.BMP,20260908,BL_CONTRAST_1_99,Baseline,Contrast Stretching,Global contrast baseline,False,True,"{""high_percentile"": 99.0, ""low_percentile"": 1.0}","{""gaussian_noise_sigma"": 0.04825}",0.001461499952711165,0.0017130572501316702,27.662281227316278,0.8043506319574714,0.0017130572501316702,111.39154768981186,27.662281227316278,0.8043506319574714,0.0,-0.5077187726837238,False
member controlled comparison,dev,gaussian_noise_only_s055,Clean Real -> Gaussian noise severity 0.55 -> P0 -> fixed member technique,533__M_Left_thumb_finger.BMP,data\SOCOFing\Real\533__M_Left_thumb_finger.BMP,20260909,B0,Baseline,Degraded input / P0,Controlled degraded input or direct Altered P0 control,False,True,"{""operation"": ""P0 only; clip/float range only""}","{""gaussian_noise_sigma"": 0.04825}",0.00017200002912431955,0.0019395189205992519,27.123059793679882,0.8763417573081553,0.0019395189205992519,126.11721781196636,27.123059793679882,0.8763417573081553,0.0,-1.0469402063201194,False
member controlled comparison,dev,gaussian_noise_only_s055,Clean Real -> Gaussian noise severity 0.55 -> P0 -> fixed member technique,533__M_Left_thumb_finger.BMP,data\SOCOFing\Real\533__M_Left_thumb_finger.BMP,20260909,M1_NLM_h0.06,Member 1,Non-Local Means Denoising,Main frozen member technique,True,False,"{""backend"": ""cv2"", ""cv2_searchWindowSize"": 21, ""cv2_templateWindowSize"": 7, ""h"": 0.06, ""patch_distance"": 6, ""patch_size"": 5}","{""gaussian_noise_sigma"": 0.04825}",0.10018399998079985,0.0019395189205992519,27.123059793679882,0.8763417573081553,0.001110225396631721,72.19240641597766,29.545888423159383,0.9395819773564339,2.4228286294795005,1.375888423159381,True
member controlled comparison,dev,gaussian_noise_only_s055,Clean Real -> Gaussian noise severity 0.55 -> P0 -> fixed member technique,533__M_Left_thumb_finger.BMP,data\SOCOFing\Real\533__M_Left_thumb_finger.BMP,20260909,M2_MOD_GABOR,Member 2,Literature-Inspired Modified / Orientation-Adaptive Gabor,Main frozen member technique,True,False,"{""bandwidth"": 1.8, ""blend"": 0.18, ""frequencies"": [0.075, 0.095, 0.115, 0.14], ""orientation_bins"": 8, ""use_local_frequency"": true}","{""gaussian_noise_sigma"": 0.04825}",1.9559072999982163,0.0019395189205992519,27.123059793679882,0.8763417573081553,0.002805489214716992,182.4269361869724,25.519913965373906,0.8706481207773499,-1.6031458283059763,-2.6500860346260957,False
member controlled comparison,dev,gaussian_noise_only_s055,Clean Real -> Gaussian noise severity 0.55 -> P0 -> fixed member technique,533__M_Left_thumb_finger.BMP,data\SOCOFing\Real\533__M_Left_thumb_finger.BMP,20260909,M3_TV_w0.02,Member 3,Total Variation Restoration,Main frozen member technique,True,False,"{""backend"": ""skimage.restoration.denoise_tv_chambolle"", ""weight"": 0.02}","{""gaussian_noise_sigma"": 0.04825}",0.007369900005869567,0.0019395189205992519,27.123059793679882,0.8763417573081553,0.0012540493850985018,81.54456126603009,29.016853604323742,0.9457901936737299,1.89379381064386,0.8468536043237407,True
member controlled comparison,dev,gaussian_noise_only_s055,Clean Real -> Gaussian noise severity 0.55 -> P0 -> fixed member technique,533__M_Left_thumb_finger.BMP,data\SOCOFing\Real\533__M_Left_thumb_finger.BMP,20260909,M4_COH_DIFF,Member 4,Coherence-Guided Directional Diffusion,Main frozen member technique,True,False,"{""iterations"": 4, ""orientation_bins"": 8, ""oriented_kernel_sigma_x"": 1.35, ""oriented_kernel_sigma_y"": 0.5, ""oriented_kernel_size"": 9, ""step"": 0.16}","{""gaussian_noise_sigma"": 0.04825}",0.3007477999199182,0.0019395189205992519,27.123059793679882,0.8763417573081553,0.0016435910772472518,106.87450979800255,27.8420622510839,0.8920634358210564,0.7190024574040166,-0.32793774891610283,False
member controlled comparison,dev,gaussian_noise_only_s055,Clean Real -> Gaussian noise severity 0.55 -> P0 -> fixed member technique,533__M_Left_thumb_finger.BMP,data\SOCOFing\Real\533__M_Left_thumb_finger.BMP,20260909,BL_CLAHE_c0.005,Baseline,CLAHE,Optional contrast baseline,False,True,"{""clip_limit"": 0.005, ""kernel_size"": 32}","{""gaussian_noise_sigma"": 0.04825}",0.006328399991616607,0.0019395189205992519,27.123059793679882,0.8763417573081553,0.0034149654245377837,222.05812673056937,24.666136890566698,0.8622954608666301,-2.4569229031131847,-3.503863109433304,False
member controlled comparison,dev,gaussian_noise_only_s055,Clean Real -> Gaussian noise severity 0.55 -> P0 -> fixed member technique,533__M_Left_thumb_finger.BMP,data\SOCOFing\Real\533__M_Left_thumb_finger.BMP,20260909,BL_ORD_GABOR,Baseline,Ordinary Gabor,M2 ordinary Gabor comparator,False,True,"{""blend"": 0.3, ""frequency"": 0.115, ""orientations"": 8}","{""gaussian_noise_sigma"": 0.04825}",0.9020353999221697,0.0019395189205992519,27.123059793679882,0.8763417573081553,0.015099504110658735,981.8452547955843,18.210373153254334,0.8266590730238571,-8.912686640425548,-9.959626846745667,False
member controlled comparison,dev,gaussian_noise_only_s055,Clean Real -> Gaussian noise severity 0.55 -> P0 -> fixed member technique,533__M_Left_thumb_finger.BMP,data\SOCOFing\Real\533__M_Left_thumb_finger.BMP,20260909,BL_WIENER,Baseline,Wiener Deconvolution,M3 restoration comparator,False,True,"{""balance"": 0.06, ""blend"": 0.35, ""psf_sigma"": 0.98}","{""gaussian_noise_sigma"": 0.04825}",0.002419400028884411,0.0019395189205992519,27.123059793679882,0.8763417573081553,0.001493939129184697,97.14339187523491,28.25667097565971,0.9053961370074749,1.133611181979827,0.0866709756597075,True
member controlled comparison,dev,gaussian_noise_only_s055,Clean Real -> Gaussian noise severity 0.55 -> P0 -> fixed member technique,533__M_Left_thumb_finger.BMP,data\SOCOFing\Real\533__M_Left_thumb_finger.BMP,20260909,BL_CONTRAST_1_99,Baseline,Contrast Stretching,Global contrast baseline,False,True,"{""high_percentile"": 99.0, ""low_percentile"": 1.0}","{""gaussian_noise_sigma"": 0.04825}",0.0008696999866515398,0.0019395189205992519,27.123059793679882,0.8763417573081553,0.0019395189205992519,126.11721781196636,27.123059793679882,0.8763417573081553,0.0,-1.0469402063201194,False
member controlled comparison,dev,gaussian_noise_only_s055,Clean Real -> Gaussian noise severity 0.55 -> P0 -> fixed member technique,352__M_Left_ring_finger.BMP,data\SOCOFing\Real\352__M_Left_ring_finger.BMP,20260910,B0,Baseline,Degraded input / P0,Controlled degraded input or direct Altered P0 control,False,True,"{""operation"": ""P0 only; clip/float range only""}","{""gaussian_noise_sigma"": 0.04825}",0.0002191000385209918,0.001903407279495424,27.20468274081695,0.8733701479203702,0.001903407279495424,123.76905834918993,27.20468274081695,0.8733701479203702,0.0,-0.9653172591830526,False
member controlled comparison,dev,gaussian_noise_only_s055,Clean Real -> Gaussian noise severity 0.55 -> P0 -> fixed member technique,352__M_Left_ring_finger.BMP,data\SOCOFing\Real\352__M_Left_ring_finger.BMP,20260910,M1_NLM_h0.06,Member 1,Non-Local Means Denoising,Main frozen member technique,True,False,"{""backend"": ""cv2"", ""cv2_searchWindowSize"": 21, ""cv2_templateWindowSize"": 7, ""h"": 0.06, ""patch_distance"": 6, ""patch_size"": 5}","{""gaussian_noise_sigma"": 0.04825}",0.09834860009141266,0.001903407279495424,27.20468274081695,0.8733701479203702,0.0013020903715608443,84.66842641074389,28.85358872520388,0.9530143729838133,1.648905984386932,0.6835887252038795,True
member controlled comparison,dev,gaussian_noise_only_s055,Clean Real -> Gaussian noise severity 0.55 -> P0 -> fixed member technique,352__M_Left_ring_finger.BMP,data\SOCOFing\Real\352__M_Left_ring_finger.BMP,20260910,M2_MOD_GABOR,Member 2,Literature-Inspired Modified / Orientation-Adaptive Gabor,Main frozen member technique,True,False,"{""bandwidth"": 1.8, ""blend"": 0.18, ""frequencies"": [0.075, 0.095, 0.115, 0.14], ""orientation_bins"": 8, ""use_local_frequency"": true}","{""gaussian_noise_sigma"": 0.04825}",1.8788186999736354,0.001903407279495424,27.20468274081695,0.8733701479203702,0.0031359873684057575,203.91757863058436,25.03625695299693,0.8656332030776441,-2.16842578782002,-3.1337430470030725,False
member controlled comparison,dev,gaussian_noise_only_s055,Clean Real -> Gaussian noise severity 0.55 -> P0 -> fixed member technique,352__M_Left_ring_finger.BMP,data\SOCOFing\Real\352__M_Left_ring_finger.BMP,20260910,M3_TV_w0.02,Member 3,Total Variation Restoration,Main frozen member technique,True,False,"{""backend"": ""skimage.restoration.denoise_tv_chambolle"", ""weight"": 0.02}","{""gaussian_noise_sigma"": 0.04825}",0.004928799928165972,0.001903407279495424,27.20468274081695,0.8733701479203702,0.0013261874501598108,86.23533894664169,28.77395086175278,0.9500596928757429,1.5692681209358312,0.6039508617527787,True
member controlled comparison,dev,gaussian_noise_only_s055,Clean Real -> Gaussian noise severity 0.55 -> P0 -> fixed member technique,352__M_Left_ring_finger.BMP,data\SOCOFing\Real\352__M_Left_ring_finger.BMP,20260910,M4_COH_DIFF,Member 4,Coherence-Guided Directional Diffusion,Main frozen member technique,True,False,"{""iterations"": 4, ""orientation_bins"": 8, ""oriented_kernel_sigma_x"": 1.35, ""oriented_kernel_sigma_y"": 0.5, ""oriented_kernel_size"": 9, ""step"": 0.16}","{""gaussian_noise_sigma"": 0.04825}",0.29137830005493015,0.001903407279495424,27.20468274081695,0.8733701479203702,0.0018986396024791262,123.45904015120519,27.21557464704141,0.8879749351432323,0.010891906224461678,-0.9544253529585909,False
member controlled comparison,dev,gaussian_noise_only_s055,Clean Real -> Gaussian noise severity 0.55 -> P0 -> fixed member technique,352__M_Left_ring_finger.BMP,data\SOCOFing\Real\352__M_Left_ring_finger.BMP,20260910,BL_CLAHE_c0.005,Baseline,CLAHE,Optional contrast baseline,False,True,"{""clip_limit"": 0.005, ""kernel_size"": 32}","{""gaussian_noise_sigma"": 0.04825}",0.0057073000352829695,0.001903407279495424,27.20468274081695,0.8733701479203702,0.0031137959702309545,202.47458296426782,25.067098477427876,0.861389731477052,-2.1375842633890727,-3.1029015225721253,False
member controlled comparison,dev,gaussian_noise_only_s055,Clean Real -> Gaussian noise severity 0.55 -> P0 -> fixed member technique,352__M_Left_ring_finger.BMP,data\SOCOFing\Real\352__M_Left_ring_finger.BMP,20260910,BL_ORD_GABOR,Baseline,Ordinary Gabor,M2 ordinary Gabor comparator,False,True,"{""blend"": 0.3, ""frequency"": 0.115, ""orientations"": 8}","{""gaussian_noise_sigma"": 0.04825}",0.8992240000516176,0.001903407279495424,27.20468274081695,0.8733701479203702,0.013861170720808696,901.3226261205855,18.582000874648305,0.8280964264634203,-8.622681866168644,-9.587999125351697,False
member controlled comparison,dev,gaussian_noise_only_s055,Clean Real -> Gaussian noise severity 0.55 -> P0 -> fixed member technique,352__M_Left_ring_finger.BMP,data\SOCOFing\Real\352__M_Left_ring_finger.BMP,20260910,BL_WIENER,Baseline,Wiener Deconvolution,M3 restoration comparator,False,True,"{""balance"": 0.06, ""blend"": 0.35, ""psf_sigma"": 0.98}","{""gaussian_noise_sigma"": 0.04825}",0.0019560999935492873,0.001903407279495424,27.20468274081695,0.8733701479203702,0.0015388190273874951,100.06170725587187,28.128124523117354,0.9017503028687238,0.9234417823004044,-0.041875476882648144,False
member controlled comparison,dev,gaussian_noise_only_s055,Clean Real -> Gaussian noise severity 0.55 -> P0 -> fixed member technique,352__M_Left_ring_finger.BMP,data\SOCOFing\Real\352__M_Left_ring_finger.BMP,20260910,BL_CONTRAST_1_99,Baseline,Contrast Stretching,Global contrast baseline,False,True,"{""high_percentile"": 99.0, ""low_percentile"": 1.0}","{""gaussian_noise_sigma"": 0.04825}",0.000847900053486228,0.001903407279495424,27.20468274081695,0.8733701479203702,0.001903407279495424,123.76905834918993,27.20468274081695,0.8733701479203702,0.0,-0.9653172591830526,False
member controlled comparison,dev,gaussian_noise_only_s055,Clean Real -> Gaussian noise severity 0.55 -> P0 -> fixed member technique,399__M_Right_ring_finger.BMP,data\SOCOFing\Real\399__M_Right_ring_finger.BMP,20260911,B0,Baseline,Degraded input / P0,Controlled degraded input or direct Altered P0 control,False,True,"{""operation"": ""P0 only; clip/float range only""}","{""gaussian_noise_sigma"": 0.04825}",0.00012229999992996454,0.0019032871127096307,27.204956930266476,0.7428131429225504,0.0019032871127096307,123.76124450394373,27.204956930266476,0.7428131429225504,0.0,-0.9650430697335253,False
member controlled comparison,dev,gaussian_noise_only_s055,Clean Real -> Gaussian noise severity 0.55 -> P0 -> fixed member technique,399__M_Right_ring_finger.BMP,data\SOCOFing\Real\399__M_Right_ring_finger.BMP,20260911,M1_NLM_h0.06,Member 1,Non-Local Means Denoising,Main frozen member technique,True,False,"{""backend"": ""cv2"", ""cv2_searchWindowSize"": 21, ""cv2_templateWindowSize"": 7, ""h"": 0.06, ""patch_distance"": 6, ""patch_size"": 5}","{""gaussian_noise_sigma"": 0.04825}",0.0921496000373736,0.0019032871127096307,27.204956930266476,0.7428131429225504,0.0008344819015862363,54.262185650645016,30.785830779499392,0.9040560610564947,3.5808738492329155,2.6158307794993902,True
member controlled comparison,dev,gaussian_noise_only_s055,Clean Real -> Gaussian noise severity 0.55 -> P0 -> fixed member technique,399__M_Right_ring_finger.BMP,data\SOCOFing\Real\399__M_Right_ring_finger.BMP,20260911,M2_MOD_GABOR,Member 2,Literature-Inspired Modified / Orientation-Adaptive Gabor,Main frozen member technique,True,False,"{""bandwidth"": 1.8, ""blend"": 0.18, ""frequencies"": [0.075, 0.095, 0.115, 0.14], ""orientation_bins"": 8, ""use_local_frequency"": true}","{""gaussian_noise_sigma"": 0.04825}",1.890200800029561,0.0019032871127096307,27.204956930266476,0.7428131429225504,0.0024754643973659077,160.96707243871816,26.063433153994396,0.7433558600104041,-1.1415237762720807,-2.106566846005606,False
member controlled comparison,dev,gaussian_noise_only_s055,Clean Real -> Gaussian noise severity 0.55 -> P0 -> fixed member technique,399__M_Right_ring_finger.BMP,data\SOCOFing\Real\399__M_Right_ring_finger.BMP,20260911,M3_TV_w0.02,Member 3,Total Variation Restoration,Main frozen member technique,True,False,"{""backend"": ""skimage.restoration.denoise_tv_chambolle"", ""weight"": 0.02}","{""gaussian_noise_sigma"": 0.04825}",0.006361300009302795,0.0019032871127096307,27.204956930266476,0.7428131429225504,0.0009045248172755223,58.81672624334084,30.435795129855308,0.9099743538298607,3.230838199588831,2.265795129855306,True
member controlled comparison,dev,gaussian_noise_only_s055,Clean Real -> Gaussian noise severity 0.55 -> P0 -> fixed member technique,399__M_Right_ring_finger.BMP,data\SOCOFing\Real\399__M_Right_ring_finger.BMP,20260911,M4_COH_DIFF,Member 4,Coherence-Guided Directional Diffusion,Main frozen member technique,True,False,"{""iterations"": 4, ""orientation_bins"": 8, ""oriented_kernel_sigma_x"": 1.35, ""oriented_kernel_sigma_y"": 0.5, ""oriented_kernel_size"": 9, ""step"": 0.16}","{""gaussian_noise_sigma"": 0.04825}",0.2911549999844283,0.0019032871127096307,27.204956930266476,0.7428131429225504,0.001392233042195941,90.52995356879107,28.562880632393018,0.7765255021522641,1.3579237021265413,0.39288063239301607,True
member controlled comparison,dev,gaussian_noise_only_s055,Clean Real -> Gaussian noise severity 0.55 -> P0 -> fixed member technique,399__M_Right_ring_finger.BMP,data\SOCOFing\Real\399__M_Right_ring_finger.BMP,20260911,BL_CLAHE_c0.005,Baseline,CLAHE,Optional contrast baseline,False,True,"{""clip_limit"": 0.005, ""kernel_size"": 32}","{""gaussian_noise_sigma"": 0.04825}",0.00569509994238615,0.0019032871127096307,27.204956930266476,0.7428131429225504,0.003302181076733288,214.72432451458207,24.81199115667447,0.748448252186954,-2.3929657735920067,-3.358008843325532,False
member controlled comparison,dev,gaussian_noise_only_s055,Clean Real -> Gaussian noise severity 0.55 -> P0 -> fixed member technique,399__M_Right_ring_finger.BMP,data\SOCOFing\Real\399__M_Right_ring_finger.BMP,20260911,BL_ORD_GABOR,Baseline,Ordinary Gabor,M2 ordinary Gabor comparator,False,True,"{""blend"": 0.3, ""frequency"": 0.115, ""orientations"": 8}","{""gaussian_noise_sigma"": 0.04825}",0.9303697000723332,0.0019032871127096307,27.204956930266476,0.7428131429225504,0.017638340679841387,1146.9331027066862,17.5354227336997,0.7203571209218306,-9.669534196566776,-10.634577266300301,False
member controlled comparison,dev,gaussian_noise_only_s055,Clean Real -> Gaussian noise severity 0.55 -> P0 -> fixed member technique,399__M_Right_ring_finger.BMP,data\SOCOFing\Real\399__M_Right_ring_finger.BMP,20260911,BL_WIENER,Baseline,Wiener Deconvolution,M3 restoration comparator,False,True,"{""balance"": 0.06, ""blend"": 0.35, ""psf_sigma"": 0.98}","{""gaussian_noise_sigma"": 0.04825}",0.0020454999757930636,0.0019032871127096307,27.204956930266476,0.7428131429225504,0.001352660358547488,87.95673981455042,28.688112373459468,0.8065820807495713,1.4831554431929916,0.5181123734594664,True
member controlled comparison,dev,gaussian_noise_only_s055,Clean Real -> Gaussian noise severity 0.55 -> P0 -> fixed member technique,399__M_Right_ring_finger.BMP,data\SOCOFing\Real\399__M_Right_ring_finger.BMP,20260911,BL_CONTRAST_1_99,Baseline,Contrast Stretching,Global contrast baseline,False,True,"{""high_percentile"": 99.0, ""low_percentile"": 1.0}","{""gaussian_noise_sigma"": 0.04825}",0.0010179000673815608,0.0019032871127096307,27.204956930266476,0.7428131429225504,0.0019032871127096307,123.76124450394373,27.204956930266476,0.7428131429225504,0.0,-0.9650430697335253,False
member controlled comparison,dev,gaussian_noise_only_s055,Clean Real -> Gaussian noise severity 0.55 -> P0 -> fixed member technique,576__M_Left_middle_finger.BMP,data\SOCOFing\Real\576__M_Left_middle_finger.BMP,20260912,B0,Baseline,Degraded input / P0,Controlled degraded input or direct Altered P0 control,False,True,"{""operation"": ""P0 only; clip/float range only""}","{""gaussian_noise_sigma"": 0.04825}",0.00030499999411404133,0.002031270406233776,26.922322587132548,0.9139492286464572,0.002031270406233776,132.0833581653513,26.922322587132548,0.9139492286464572,0.0,-1.2476774128674535,False
member controlled comparison,dev,gaussian_noise_only_s055,Clean Real -> Gaussian noise severity 0.55 -> P0 -> fixed member technique,576__M_Left_middle_finger.BMP,data\SOCOFing\Real\576__M_Left_middle_finger.BMP,20260912,M1_NLM_h0.06,Member 1,Non-Local Means Denoising,Main frozen member technique,True,False,"{""backend"": ""cv2"", ""cv2_searchWindowSize"": 21, ""cv2_templateWindowSize"": 7, ""h"": 0.06, ""patch_distance"": 6, ""patch_size"": 5}","{""gaussian_noise_sigma"": 0.04825}",0.09481520007830113,0.002031270406233776,26.922322587132548,0.9139492286464572,0.001394595682737294,90.68358426999254,28.55551683578449,0.9523853311181069,1.633194248651943,0.3855168357844896,True
member controlled comparison,dev,gaussian_noise_only_s055,Clean Real -> Gaussian noise severity 0.55 -> P0 -> fixed member technique,576__M_Left_middle_finger.BMP,data\SOCOFing\Real\576__M_Left_middle_finger.BMP,20260912,M2_MOD_GABOR,Member 2,Literature-Inspired Modified / Orientation-Adaptive Gabor,Main frozen member technique,True,False,"{""bandwidth"": 1.8, ""blend"": 0.18, ""frequencies"": [0.075, 0.095, 0.115, 0.14], ""orientation_bins"": 8, ""use_local_frequency"": true}","{""gaussian_noise_sigma"": 0.04825}",1.9253595999907702,0.002031270406233776,26.922322587132548,0.9139492286464572,0.0036321657296866736,236.18157657287594,24.398343435633084,0.9011839856184796,-2.5239791514994643,-3.7716565643669178,False
member controlled comparison,dev,gaussian_noise_only_s055,Clean Real -> Gaussian noise severity 0.55 -> P0 -> fixed member technique,576__M_Left_middle_finger.BMP,data\SOCOFing\Real\576__M_Left_middle_finger.BMP,20260912,M3_TV_w0.02,Member 3,Total Variation Restoration,Main frozen member technique,True,False,"{""backend"": ""skimage.restoration.denoise_tv_chambolle"", ""weight"": 0.02}","{""gaussian_noise_sigma"": 0.04825}",0.005580199998803437,0.002031270406233776,26.922322587132548,0.9139492286464572,0.001493925928706994,97.14253351417229,28.256709350181413,0.9505342468670607,1.3343867630488653,0.08670935018141179,True
member controlled comparison,dev,gaussian_noise_only_s055,Clean Real -> Gaussian noise severity 0.55 -> P0 -> fixed member technique,576__M_Left_middle_finger.BMP,data\SOCOFing\Real\576__M_Left_middle_finger.BMP,20260912,M4_COH_DIFF,Member 4,Coherence-Guided Directional Diffusion,Main frozen member technique,True,False,"{""iterations"": 4, ""orientation_bins"": 8, ""oriented_kernel_sigma_x"": 1.35, ""oriented_kernel_sigma_y"": 0.5, ""oriented_kernel_size"": 9, ""step"": 0.16}","{""gaussian_noise_sigma"": 0.04825}",0.32771019998472184,0.002031270406233776,26.922322587132548,0.9139492286464572,0.0020935021772696006,136.12997907695578,26.791265831005838,0.9191508635531068,-0.13105675612671064,-1.3787341689941641,False
member controlled comparison,dev,gaussian_noise_only_s055,Clean Real -> Gaussian noise severity 0.55 -> P0 -> fixed member technique,576__M_Left_middle_finger.BMP,data\SOCOFing\Real\576__M_Left_middle_finger.BMP,20260912,BL_CLAHE_c0.005,Baseline,CLAHE,Optional contrast baseline,False,True,"{""clip_limit"": 0.005, ""kernel_size"": 32}","{""gaussian_noise_sigma"": 0.04825}",0.006118999910540879,0.002031270406233776,26.922322587132548,0.9139492286464572,0.004506178530676768,293.0142589572568,23.461916059207056,0.8935809563493728,-3.4604065279254925,-4.708083940792946,False
member controlled comparison,dev,gaussian_noise_only_s055,Clean Real -> Gaussian noise severity 0.55 -> P0 -> fixed member technique,576__M_Left_middle_finger.BMP,data\SOCOFing\Real\576__M_Left_middle_finger.BMP,20260912,BL_ORD_GABOR,Baseline,Ordinary Gabor,M2 ordinary Gabor comparator,False,True,"{""blend"": 0.3, ""frequency"": 0.115, ""orientations"": 8}","{""gaussian_noise_sigma"": 0.04825}",0.9613290999550372,0.002031270406233776,26.922322587132548,0.9139492286464572,0.015866026258960157,1031.688357488884,17.99531831273082,0.8352637241138364,-8.927004274401728,-10.174681687269182,False
member controlled comparison,dev,gaussian_noise_only_s055,Clean Real -> Gaussian noise severity 0.55 -> P0 -> fixed member technique,576__M_Left_middle_finger.BMP,data\SOCOFing\Real\576__M_Left_middle_finger.BMP,20260912,BL_WIENER,Baseline,Wiener Deconvolution,M3 restoration comparator,False,True,"{""balance"": 0.06, ""blend"": 0.35, ""psf_sigma"": 0.98}","{""gaussian_noise_sigma"": 0.04825}",0.0032577000092715025,0.002031270406233776,26.922322587132548,0.9139492286464572,0.001729281057945243,112.44650079288944,27.621344156359157,0.9304542691822648,0.6990215692266091,-0.5486558436408444,False
member controlled comparison,dev,gaussian_noise_only_s055,Clean Real -> Gaussian noise severity 0.55 -> P0 -> fixed member technique,576__M_Left_middle_finger.BMP,data\SOCOFing\Real\576__M_Left_middle_finger.BMP,20260912,BL_CONTRAST_1_99,Baseline,Contrast Stretching,Global contrast baseline,False,True,"{""high_percentile"": 99.0, ""low_percentile"": 1.0}","{""gaussian_noise_sigma"": 0.04825}",0.001179700018838048,0.002031270406233776,26.922322587132548,0.9139492286464572,0.002031270406233776,132.0833581653513,26.922322587132548,0.9139492286464572,0.0,-1.2476774128674535,False
member controlled comparison,dev,gaussian_noise_only_s055,Clean Real -> Gaussian noise severity 0.55 -> P0 -> fixed member technique,506__M_Right_ring_finger.BMP,data\SOCOFing\Real\506__M_Right_ring_finger.BMP,20260913,B0,Baseline,Degraded input / P0,Controlled degraded input or direct Altered P0 control,False,True,"{""operation"": ""P0 only; clip/float range only""}","{""gaussian_noise_sigma"": 0.04825}",0.0001998000079765916,0.001830779564256493,27.373639439507528,0.8725444532354772,0.001830779564256493,119.04644116577846,27.373639439507528,0.8725444532354772,0.0,-0.7963605604924737,False
member controlled comparison,dev,gaussian_noise_only_s055,Clean Real -> Gaussian noise severity 0.55 -> P0 -> fixed member technique,506__M_Right_ring_finger.BMP,data\SOCOFing\Real\506__M_Right_ring_finger.BMP,20260913,M1_NLM_h0.06,Member 1,Non-Local Means Denoising,Main frozen member technique,True,False,"{""backend"": ""cv2"", ""cv2_searchWindowSize"": 21, ""cv2_templateWindowSize"": 7, ""h"": 0.06, ""patch_distance"": 6, ""patch_size"": 5}","{""gaussian_noise_sigma"": 0.04825}",0.1009211998898536,0.001830779564256493,27.373639439507528,0.8725444532354772,0.0012803398035443943,83.25409572547424,28.92674752837074,0.9426693833119869,1.5531080888632118,0.7567475283707381,True
member controlled comparison,dev,gaussian_noise_only_s055,Clean Real -> Gaussian noise severity 0.55 -> P0 -> fixed member technique,506__M_Right_ring_finger.BMP,data\SOCOFing\Real\506__M_Right_ring_finger.BMP,20260913,M2_MOD_GABOR,Member 2,Literature-Inspired Modified / Orientation-Adaptive Gabor,Main frozen member technique,True,False,"{""bandwidth"": 1.8, ""blend"": 0.18, ""frequencies"": [0.075, 0.095, 0.115, 0.14], ""orientation_bins"": 8, ""use_local_frequency"": true}","{""gaussian_noise_sigma"": 0.04825}",1.9547824999317527,0.001830779564256493,27.373639439507528,0.8725444532354772,0.0031405463842003193,204.21402863262574,25.02994787913949,0.856607482861422,-2.3436915603680397,-3.1400521208605134,False
member controlled comparison,dev,gaussian_noise_only_s055,Clean Real -> Gaussian noise severity 0.55 -> P0 -> fixed member technique,506__M_Right_ring_finger.BMP,data\SOCOFing\Real\506__M_Right_ring_finger.BMP,20260913,M3_TV_w0.02,Member 3,Total Variation Restoration,Main frozen member technique,True,False,"{""backend"": ""skimage.restoration.denoise_tv_chambolle"", ""weight"": 0.02}","{""gaussian_noise_sigma"": 0.04825}",0.005076100002042949,0.001830779564256493,27.373639439507528,0.8725444532354772,0.0012278025944374598,79.83786370329582,29.108714532584727,0.9450542095925808,1.7350750930771994,0.9387145325847257,True
member controlled comparison,dev,gaussian_noise_only_s055,Clean Real -> Gaussian noise severity 0.55 -> P0 -> fixed member technique,506__M_Right_ring_finger.BMP,data\SOCOFing\Real\506__M_Right_ring_finger.BMP,20260913,M4_COH_DIFF,Member 4,Coherence-Guided Directional Diffusion,Main frozen member technique,True,False,"{""iterations"": 4, ""orientation_bins"": 8, ""oriented_kernel_sigma_x"": 1.35, ""oriented_kernel_sigma_y"": 0.5, ""oriented_kernel_size"": 9, ""step"": 0.16}","{""gaussian_noise_sigma"": 0.04825}",0.30331660003867,0.001830779564256493,27.373639439507528,0.8725444532354772,0.001625313299582125,105.68599730532767,27.8906291089138,0.8885112454654575,0.5169896694062714,-0.2793708910862023,False
member controlled comparison,dev,gaussian_noise_only_s055,Clean Real -> Gaussian noise severity 0.55 -> P0 -> fixed member technique,506__M_Right_ring_finger.BMP,data\SOCOFing\Real\506__M_Right_ring_finger.BMP,20260913,BL_CLAHE_c0.005,Baseline,CLAHE,Optional contrast baseline,False,True,"{""clip_limit"": 0.005, ""kernel_size"": 32}","{""gaussian_noise_sigma"": 0.04825}",0.006852900027297437,0.001830779564256493,27.373639439507528,0.8725444532354772,0.003400701039418678,221.13058508819952,24.684315458496023,0.8462481243586987,-2.689323981011505,-3.4856845415039786,False
member controlled comparison,dev,gaussian_noise_only_s055,Clean Real -> Gaussian noise severity 0.55 -> P0 -> fixed member technique,506__M_Right_ring_finger.BMP,data\SOCOFing\Real\506__M_Right_ring_finger.BMP,20260913,BL_ORD_GABOR,Baseline,Ordinary Gabor,M2 ordinary Gabor comparator,False,True,"{""blend"": 0.3, ""frequency"": 0.115, ""orientations"": 8}","{""gaussian_noise_sigma"": 0.04825}",0.9189901000354439,0.001830779564256493,27.373639439507528,0.8725444532354772,0.016463361059407617,1070.5300528879802,17.834814971587868,0.7787377387245928,-9.53882446791966,-10.335185028412134,False
member controlled comparison,dev,gaussian_noise_only_s055,Clean Real -> Gaussian noise severity 0.55 -> P0 -> fixed member technique,506__M_Right_ring_finger.BMP,data\SOCOFing\Real\506__M_Right_ring_finger.BMP,20260913,BL_WIENER,Baseline,Wiener Deconvolution,M3 restoration comparator,False,True,"{""balance"": 0.06, ""blend"": 0.35, ""psf_sigma"": 0.98}","{""gaussian_noise_sigma"": 0.04825}",0.0018442999571561813,0.001830779564256493,27.373639439507528,0.8725444532354772,0.0013737837663689162,89.33028940813877,28.620816198696563,0.9018977979111076,1.2471767591890348,0.4508161986965611,True
member controlled comparison,dev,gaussian_noise_only_s055,Clean Real -> Gaussian noise severity 0.55 -> P0 -> fixed member technique,506__M_Right_ring_finger.BMP,data\SOCOFing\Real\506__M_Right_ring_finger.BMP,20260913,BL_CONTRAST_1_99,Baseline,Contrast Stretching,Global contrast baseline,False,True,"{""high_percentile"": 99.0, ""low_percentile"": 1.0}","{""gaussian_noise_sigma"": 0.04825}",0.0010244000004604459,0.001830779564256493,27.373639439507528,0.8725444532354772,0.001830779564256493,119.04644116577846,27.373639439507528,0.8725444532354772,0.0,-0.7963605604924737,False
