Image,Quality band,Severity,Pipeline ID,Pipeline,Selected common preprocessing,MSE,PSNR (dB),SSIM,Ridge coherence,Runtime (s),Delta PSNR vs degraded (dB),Delta SSIM vs degraded,Delta coherence vs degraded
75__F_Left_middle_finger.BMP,Higher quality,0.35,P0,"grayscale + resize + float [0,1] only",True,0.015114983280240843,18.205923288899456,0.7435694100628281,0.7118552923202515,3.00002284348011e-07,0.0,0.0,0.0
75__F_Left_middle_finger.BMP,Higher quality,0.35,P1,P0 + mild 3x3 median filtering,False,0.017291478568169327,17.62167869274237,0.7310596169729643,0.7788148522377014,3.00002284348011e-07,-0.5842445961570846,-0.012509793089863774,0.06695955991744995
75__F_Left_middle_finger.BMP,Higher quality,0.35,P2,P0 + mild bilateral filtering,False,0.015924271697155348,17.979404211677757,0.7464216792848175,0.7248882055282593,2.00001522898674e-07,-0.22651907722169895,0.002852269221989445,0.013032913208007812
75__F_Left_middle_finger.BMP,Higher quality,0.35,P3,P0 + mild Gaussian filtering sigma=0.55,False,0.016194847696949448,17.906231319196554,0.7435828523012744,0.747744083404541,2.00001522898674e-07,-0.29969196970290213,1.3442238446348398e-05,0.03588879108428955
422__M_Left_index_finger.BMP,Higher quality,0.55,P0,"grayscale + resize + float [0,1] only",True,0.029822220553575703,15.254600222425044,0.5762982588451102,0.5745490789413452,3.00002284348011e-07,0.0,0.0,0.0
422__M_Left_index_finger.BMP,Higher quality,0.55,P1,P0 + mild 3x3 median filtering,False,0.030393981735686713,15.172124018429576,0.6027776267034989,0.7072454690933228,2.00001522898674e-07,-0.0824762039954674,0.02647936785838867,0.13269639015197754
422__M_Left_index_finger.BMP,Higher quality,0.55,P2,P0 + mild bilateral filtering,False,0.030921732528392528,15.09736180780842,0.5693869226446862,0.5867157578468323,2.0999577827751637e-06,-0.15723841461662325,-0.006911336200424056,0.01216667890548706
422__M_Left_index_finger.BMP,Higher quality,0.55,P3,P0 + mild Gaussian filtering sigma=0.55,False,0.029497139347115932,15.302201001575316,0.6034642061565537,0.6456859111785889,5.00003807246685e-07,0.04760077915027239,0.027165947311443506,0.07113683223724365
184__M_Right_index_finger.BMP,Higher quality,0.75,P0,"grayscale + resize + float [0,1] only",True,0.054350025105621494,12.648002509662726,0.3909409718803697,0.42632046341896057,3.00002284348011e-07,0.0,0.0,0.0
184__M_Right_index_finger.BMP,Higher quality,0.75,P1,P0 + mild 3x3 median filtering,False,0.05361078919155588,12.707477995828418,0.4357905043773856,0.6052377223968506,3.00002284348011e-07,0.05947548616569165,0.0448495324970159,0.17891725897789001
184__M_Right_index_finger.BMP,Higher quality,0.75,P2,P0 + mild bilateral filtering,False,0.056448213579410086,12.483497976695864,0.36704254775127526,0.4159543216228485,2.00001522898674e-07,-0.16450453296686263,-0.02389842412909443,-0.01036614179611206
184__M_Right_index_finger.BMP,Higher quality,0.75,P3,P0 + mild Gaussian filtering sigma=0.55,False,0.05284940421347717,12.769599042554711,0.4270265891809247,0.5182719230651855,2.9994407668709755e-07,0.12159653289198502,0.036085617300554984,0.09195145964622498
445__M_Left_ring_finger.BMP,Higher quality,0.35,P0,"grayscale + resize + float [0,1] only",True,0.014399337938248978,18.416574757085808,0.7061618986973255,0.6278500556945801,4.00003045797348e-07,0.0,0.0,0.0
445__M_Left_ring_finger.BMP,Higher quality,0.35,P1,P0 + mild 3x3 median filtering,False,0.01616464543600776,17.914338169957656,0.7354852244442404,0.6964238286018372,2.00001522898674e-07,-0.5022365871281522,0.029323325746914874,0.06857377290725708
445__M_Left_ring_finger.BMP,Higher quality,0.35,P2,P0 + mild bilateral filtering,False,0.015069737642971412,18.2189430848176,0.7362154528125473,0.6436818838119507,2.00001522898674e-07,-0.19763167226820855,0.030053554115221814,0.015831828117370605
445__M_Left_ring_finger.BMP,Higher quality,0.35,P3,P0 + mild Gaussian filtering sigma=0.55,False,0.015194501673460693,18.18313538691316,0.7371745441188924,0.6628801226615906,2.00001522898674e-07,-0.23343937017264693,0.031012645421566898,0.0350300669670105
576__M_Right_middle_finger.BMP,Higher quality,0.55,P0,"grayscale + resize + float [0,1] only",True,0.027405958687992386,15.621550012683855,0.5191537437271285,0.48222148418426514,4.00003045797348e-07,0.0,0.0,0.0
576__M_Right_middle_finger.BMP,Higher quality,0.55,P1,P0 + mild 3x3 median filtering,False,0.028237200806111973,15.491783577163076,0.5222988600415588,0.5988894104957581,2.00001522898674e-07,-0.1297664355207786,0.003145116314430263,0.11666792631149292
576__M_Right_middle_finger.BMP,Higher quality,0.55,P2,P0 + mild bilateral filtering,False,0.02898071290435982,15.378909354065467,0.4935902426424995,0.48249852657318115,2.00001522898674e-07,-0.24264065861838802,-0.025563501084629014,0.0002770423889160156
576__M_Right_middle_finger.BMP,Higher quality,0.55,P3,P0 + mild Gaussian filtering sigma=0.55,False,0.02707186078727729,15.674818919253767,0.5386560666919258,0.5446204543113708,2.00001522898674e-07,0.05326890656991168,0.01950232296479726,0.06239897012710571
533__M_Right_ring_finger.BMP,Higher quality,0.75,P0,"grayscale + resize + float [0,1] only",True,0.037505378832330516,14.259064434807145,0.3472088247192675,0.3226686716079712,4.00003045797348e-07,0.0,0.0,0.0
533__M_Right_ring_finger.BMP,Higher quality,0.75,P1,P0 + mild 3x3 median filtering,False,0.03560131024771559,14.485340182383183,0.3911698774612695,0.5160442590713501,2.00001522898674e-07,0.22627574757603774,0.043961052742002016,0.1933755874633789
533__M_Right_ring_finger.BMP,Higher quality,0.75,P2,P0 + mild bilateral filtering,False,0.0381596764849211,14.18395315870698,0.32392197057283756,0.3217327892780304,1.500011421740055e-06,-0.07511127610016466,-0.023286854146429947,-0.0009358823299407959
533__M_Right_ring_finger.BMP,Higher quality,0.75,P3,P0 + mild Gaussian filtering sigma=0.55,False,0.03540536795548494,14.509308877846575,0.38739719209864737,0.40893179178237915,6.00004568696022e-07,0.2502444430394295,0.040188367379379863,0.08626312017440796
158__M_Right_middle_finger.BMP,Higher quality,0.35,P0,"grayscale + resize + float [0,1] only",True,0.013497373831101628,18.697507234760902,0.7171050518347732,0.6117162108421326,2.9994407668709755e-07,0.0,0.0,0.0
158__M_Right_middle_finger.BMP,Higher quality,0.35,P1,P0 + mild 3x3 median filtering,False,0.014580999734770402,18.3621269793785,0.7387618313284368,0.6909942030906677,3.00002284348011e-07,-0.3353802553824039,0.021656779493663514,0.07927799224853516
158__M_Right_middle_finger.BMP,Higher quality,0.35,P2,P0 + mild bilateral filtering,False,0.014165243831265037,18.487759454173517,0.7254826685799509,0.6189960241317749,1.0999501682817936e-06,-0.20974778058738508,0.008377616745177674,0.007279813289642334
158__M_Right_middle_finger.BMP,Higher quality,0.35,P3,P0 + mild Gaussian filtering sigma=0.55,False,0.013891491900326259,18.57251109965369,0.7413416138896384,0.6528085470199585,3.00002284348011e-07,-0.12499613510721375,0.02423656205486513,0.04109233617782593
148__M_Right_ring_finger.BMP,Higher quality,0.55,P0,"grayscale + resize + float [0,1] only",True,0.028741822356150123,15.414856991757253,0.5234865874058405,0.49878770112991333,5.00003807246685e-07,0.0,0.0,0.0
148__M_Right_ring_finger.BMP,Higher quality,0.55,P1,P0 + mild 3x3 median filtering,False,0.029159508763415238,15.352197966481334,0.5658227324245889,0.6189250946044922,3.00002284348011e-07,-0.06265902527591827,0.04233614501874838,0.12013739347457886
148__M_Right_ring_finger.BMP,Higher quality,0.55,P2,P0 + mild bilateral filtering,False,0.030104739290054038,15.213651294726505,0.5181777206919947,0.5000098943710327,2.00001522898674e-07,-0.20120569703074764,-0.0053088667138457835,0.0012221932411193848
148__M_Right_ring_finger.BMP,Higher quality,0.55,P3,P0 + mild Gaussian filtering sigma=0.55,False,0.028257260595178097,15.48869943197447,0.5619619663396105,0.5606522560119629,3.00002284348011e-07,0.0738424402172182,0.038475378933769955,0.06186455488204956
112__M_Left_middle_finger.BMP,Medium quality,0.75,P0,"grayscale + resize + float [0,1] only",True,0.03650229166639555,14.376798690551027,0.2948518343508618,0.2769134044647217,3.00002284348011e-07,0.0,0.0,0.0
112__M_Left_middle_finger.BMP,Medium quality,0.75,P1,P0 + mild 3x3 median filtering,False,0.03410383472586888,14.671967850353633,0.3988258327757679,0.4386003911495209,3.00002284348011e-07,0.2951691598026063,0.10397399842490607,0.1616869866847992
112__M_Left_middle_finger.BMP,Medium quality,0.75,P2,P0 + mild bilateral filtering,False,0.036472376380987465,14.380359390298679,0.3009059123261272,0.28057020902633667,2.00001522898674e-07,0.003560699747652052,0.0060540779752653595,0.0036568045616149902
112__M_Left_middle_finger.BMP,Medium quality,0.75,P3,P0 + mild Gaussian filtering sigma=0.55,False,0.034272605780649175,14.650528744690341,0.3659683919819492,0.3428594470024109,2.00001522898674e-07,0.27373005413931395,0.07111655763108737,0.06594604253768921
412__M_Left_middle_finger.BMP,Medium quality,0.35,P0,"grayscale + resize + float [0,1] only",True,0.009071834659731591,20.423048736871216,0.7047279850341517,0.544333815574646,5.00003807246685e-07,0.0,0.0,0.0
412__M_Left_middle_finger.BMP,Medium quality,0.35,P1,P0 + mild 3x3 median filtering,False,0.009082927048849703,20.417741739112824,0.736129466569867,0.6599098443984985,6.999471224844456e-07,-0.005306997758392384,0.031401481535715314,0.11557602882385254
412__M_Left_middle_finger.BMP,Medium quality,0.35,P2,P0 + mild bilateral filtering,False,0.009491586669055467,20.226611823022402,0.6953797395655206,0.5486099720001221,2.00001522898674e-07,-0.1964369138488138,-0.009348245468631111,0.004276156425476074
412__M_Left_middle_finger.BMP,Medium quality,0.35,P3,P0 + mild Gaussian filtering sigma=0.55,False,0.008712381879445811,20.598630969229305,0.746944791964151,0.6033939123153687,1.00000761449337e-07,0.17558223235808867,0.042216806929999295,0.059060096740722656
480__M_Right_thumb_finger.BMP,Medium quality,0.55,P0,"grayscale + resize + float [0,1] only",True,0.028699726523408173,15.42122241591465,0.5122240778470925,0.4813656508922577,5.00003807246685e-07,0.0,0.0,0.0
480__M_Right_thumb_finger.BMP,Medium quality,0.55,P1,P0 + mild 3x3 median filtering,False,0.029250828167445786,15.338618333951285,0.5170714928689432,0.5990376472473145,4.00003045797348e-07,-0.08260408196336577,0.0048474150218507095,0.11767199635505676
480__M_Right_thumb_finger.BMP,Medium quality,0.55,P2,P0 + mild bilateral filtering,False,0.02979680667218594,15.258302768284448,0.49246357233965093,0.4917033314704895,9.00006853044033e-07,-0.1629196476302024,-0.019760505507441517,0.010337680578231812
480__M_Right_thumb_finger.BMP,Medium quality,0.55,P3,P0 + mild Gaussian filtering sigma=0.55,False,0.02827723789593413,15.485630144345023,0.5300769102668152,0.5435705184936523,2.00001522898674e-07,0.06440772843037301,0.017852832419722797,0.06220486760139465
514__F_Left_middle_finger.BMP,Medium quality,0.75,P0,"grayscale + resize + float [0,1] only",True,0.044556419395196015,13.510897168331795,0.3285024152864841,0.3337242603302002,5.00003807246685e-07,0.0,0.0,0.0
514__F_Left_middle_finger.BMP,Medium quality,0.75,P1,P0 + mild 3x3 median filtering,False,0.04266480516623698,13.699302332827514,0.4135354795054701,0.5183311700820923,3.00002284348011e-07,0.18840516449571965,0.08503306421898599,0.1846069097518921
514__F_Left_middle_finger.BMP,Medium quality,0.75,P2,P0 + mild bilateral filtering,False,0.04506066276654725,13.462024248239622,0.3232655101607582,0.3328425884246826,3.00002284348011e-07,-0.04887292009217248,-0.005236905125725888,-0.0008816719055175781
514__F_Left_middle_finger.BMP,Medium quality,0.75,P3,P0 + mild Gaussian filtering sigma=0.55,False,0.042529008994092475,13.713147370464178,0.3900609262207004,0.4186738133430481,4.00003045797348e-07,0.2022502021323831,0.06155851093421627,0.0849495530128479
457__M_Right_index_finger.BMP,Medium quality,0.35,P0,"grayscale + resize + float [0,1] only",True,0.013251318050460982,18.777409222122316,0.6898256189738503,0.6012032628059387,5.00003807246685e-07,0.0,0.0,0.0
457__M_Right_index_finger.BMP,Medium quality,0.35,P1,P0 + mild 3x3 median filtering,False,0.014134381997569582,18.49723175565888,0.7339739664324559,0.6884620785713196,3.00002284348011e-07,-0.2801774664634351,0.04414834745860563,0.08725881576538086
457__M_Right_index_finger.BMP,Medium quality,0.35,P2,P0 + mild bilateral filtering,False,0.013764056284259498,18.61253560121629,0.7139557950180899,0.6081911325454712,1.300009898841381e-06,-0.1648736209060253,0.024130176044239615,0.006987869739532471
457__M_Right_index_finger.BMP,Medium quality,0.35,P3,P0 + mild Gaussian filtering sigma=0.55,False,0.013550135097940032,18.680563747528684,0.729094014353021,0.6456385850906372,9.00006853044033e-07,-0.09684547459363202,0.039268395379170706,0.044435322284698486
195__M_Right_index_finger.BMP,Medium quality,0.55,P0,"grayscale + resize + float [0,1] only",True,0.02774234539963244,15.568568254884044,0.5394321414318124,0.5299065709114075,5.00003807246685e-07,0.0,0.0,0.0
195__M_Right_index_finger.BMP,Medium quality,0.55,P1,P0 + mild 3x3 median filtering,False,0.02762100236300545,15.587605649745068,0.5752301821874771,0.6629620790481567,4.00003045797348e-07,0.019037394861024737,0.03579804075566473,0.13305550813674927
195__M_Right_index_finger.BMP,Medium quality,0.55,P2,P0 + mild bilateral filtering,False,0.028930180511707572,15.386488565354274,0.5240146776975613,0.5283299088478088,7.00005330145359e-07,-0.18207968952977005,-0.015417463734251124,-0.0015766620635986328
195__M_Right_index_finger.BMP,Medium quality,0.55,P3,P0 + mild Gaussian filtering sigma=0.55,False,0.027087068265289234,15.672379977393812,0.57245994774167,0.5976595878601074,2.00001522898674e-07,0.10381172250976789,0.03302780630985758,0.06775301694869995
183__M_Left_ring_finger.BMP,Medium quality,0.75,P0,"grayscale + resize + float [0,1] only",True,0.05116287396425381,12.910450679510072,0.32278156574308914,0.3605555295944214,3.00002284348011e-07,0.0,0.0,0.0
183__M_Left_ring_finger.BMP,Medium quality,0.75,P1,P0 + mild 3x3 median filtering,False,0.04991230971907356,13.017923324572882,0.39483413332016765,0.5409575700759888,2.00001522898674e-07,0.10747264506280985,0.07205256757707851,0.18040204048156738
183__M_Left_ring_finger.BMP,Medium quality,0.75,P2,P0 + mild bilateral filtering,False,0.05258395965262752,12.79146713959241,0.30772561886596356,0.34933173656463623,3.00002284348011e-07,-0.11898353991766264,-0.015055946877125581,-0.011223793029785156
183__M_Left_ring_finger.BMP,Medium quality,0.75,P3,P0 + mild Gaussian filtering sigma=0.55,False,0.04943549465946353,13.05961115866075,0.37541056230567477,0.4464031755924225,2.00001522898674e-07,0.14916047915067843,0.05262899656258563,0.0858476459980011
494__F_Left_thumb_finger.BMP,Medium quality,0.35,P0,"grayscale + resize + float [0,1] only",True,0.013553076706866908,18.679621036724463,0.7133231194557166,0.6164482831954956,8.999486453831196e-07,0.0,0.0,0.0
494__F_Left_thumb_finger.BMP,Medium quality,0.35,P1,P0 + mild 3x3 median filtering,False,0.014610752703871849,18.35327409889279,0.7449766491994188,0.6945193409919739,7.00005330145359e-07,-0.3263469378316728,0.03165352974370217,0.07807105779647827
494__F_Left_thumb_finger.BMP,Medium quality,0.35,P2,P0 + mild bilateral filtering,False,0.014124364874528178,18.500310718405057,0.7346868545439486,0.6308535933494568,3.00002284348011e-07,-0.17931031831940558,0.021363735088231972,0.014405310153961182
494__F_Left_thumb_finger.BMP,Medium quality,0.35,P3,P0 + mild Gaussian filtering sigma=0.55,False,0.013961170967262942,18.55078154542831,0.742997410167016,0.6562731266021729,2.00001522898674e-07,-0.12883949129615146,0.029674290711299456,0.039824843406677246
159__M_Right_thumb_finger.BMP,Lower quality,0.55,P0,"grayscale + resize + float [0,1] only",True,0.02976756429694738,15.26256699638508,0.3952516253058921,0.37059158086776733,2.00001522898674e-07,0.0,0.0,0.0
159__M_Right_thumb_finger.BMP,Lower quality,0.55,P1,P0 + mild 3x3 median filtering,False,0.028379147372169497,15.47000656698291,0.5700741132259779,0.5010968446731567,2.00001522898674e-07,0.20743957059782936,0.1748224879200858,0.1305052638053894
159__M_Right_thumb_finger.BMP,Lower quality,0.55,P2,P0 + mild bilateral filtering,False,0.029635157459907892,15.281927608903773,0.45002379890631805,0.37616923451423645,2.00001522898674e-07,0.019360612518692477,0.054772173600425966,0.005577653646469116
159__M_Right_thumb_finger.BMP,Lower quality,0.55,P3,P0 + mild Gaussian filtering sigma=0.55,False,0.02840286862594251,15.466377949704826,0.509707112266121,0.4286426603794098,5.00003807246685e-07,0.20381095331974564,0.11445548696022889,0.058051079511642456
493__M_Left_little_finger.BMP,Lower quality,0.75,P0,"grayscale + resize + float [0,1] only",True,0.044177192527388644,13.54801887120194,0.31363286437437116,0.28244054317474365,8.00006091594696e-07,0.0,0.0,0.0
493__M_Left_little_finger.BMP,Lower quality,0.75,P1,P0 + mild 3x3 median filtering,False,0.04157064117326299,13.812132770126059,0.46732646858390947,0.44405174255371094,3.00002284348011e-07,0.2641138989241192,0.15369360420953831,0.16161119937896729
493__M_Left_little_finger.BMP,Lower quality,0.75,P2,P0 + mild bilateral filtering,False,0.04398702176327935,13.566754418776469,0.3333651567005607,0.2904444932937622,4.00003045797348e-07,0.01873554757452922,0.01973229232618956,0.008003950119018555
493__M_Left_little_finger.BMP,Lower quality,0.75,P3,P0 + mild Gaussian filtering sigma=0.55,False,0.04187210558629433,13.780751995693265,0.4123305142850771,0.34976625442504883,5.00003807246685e-07,0.23273312449132533,0.09869764991070595,0.06732571125030518
543__M_Right_middle_finger.BMP,Lower quality,0.35,P0,"grayscale + resize + float [0,1] only",True,0.013593711746510157,18.666619434933,0.622298704735867,0.4842648506164551,8.999486453831196e-07,0.0,0.0,0.0
543__M_Right_middle_finger.BMP,Lower quality,0.35,P1,P0 + mild 3x3 median filtering,False,0.01341478456834606,18.724162973885974,0.7617409778734167,0.5880113244056702,3.00002284348011e-07,0.057543538952973705,0.13944227313754964,0.10374647378921509
543__M_Right_middle_finger.BMP,Lower quality,0.35,P2,P0 + mild bilateral filtering,False,0.013715355808157541,18.62792921306623,0.7012997592232011,0.4877468943595886,4.00003045797348e-07,-0.03869022186676929,0.07900105448733408,0.003482043743133545
543__M_Right_middle_finger.BMP,Lower quality,0.35,P3,P0 + mild Gaussian filtering sigma=0.55,False,0.013250718225651607,18.777605811246374,0.7260753877648805,0.5294198393821716,1.200009137392044e-06,0.11098637631337382,0.10377668302901344,0.04515498876571655
471__M_Left_little_finger.BMP,Lower quality,0.55,P0,"grayscale + resize + float [0,1] only",True,0.030785269586528136,15.116570389401645,0.45705769311734173,0.48607102036476135,5.00003807246685e-07,0.0,0.0,0.0
471__M_Left_little_finger.BMP,Lower quality,0.55,P1,P0 + mild 3x3 median filtering,False,0.030611138978276137,15.141205108868954,0.6155825861518038,0.6043567657470703,2.00001522898674e-07,0.02463471946730955,0.1585248930344621,0.11828574538230896
471__M_Left_little_finger.BMP,Lower quality,0.55,P2,P0 + mild bilateral filtering,False,0.03130370566070418,15.044042486281072,0.5134604038553475,0.4946417808532715,3.00002284348011e-07,-0.072527903120573,0.05640271073800579,0.008570760488510132
471__M_Left_little_finger.BMP,Lower quality,0.55,P3,P0 + mild Gaussian filtering sigma=0.55,False,0.03009456369658973,15.21511948585646,0.558618849999764,0.542138934135437,3.00002284348011e-07,0.09854909645481591,0.10156115688242223,0.05606791377067566
516__M_Right_little_finger.BMP,Lower quality,0.75,P0,"grayscale + resize + float [0,1] only",True,0.044848563318974695,13.482514646072946,0.29702657738757515,0.3059859275817871,6.00004568696022e-07,0.0,0.0,0.0
516__M_Right_little_finger.BMP,Lower quality,0.75,P1,P0 + mild 3x3 median filtering,False,0.04281903837204628,13.683630902971496,0.43341070139931887,0.4604548513889313,4.199973773211241e-06,0.2011162568985494,0.1363841240117437,0.15446892380714417
516__M_Right_little_finger.BMP,Lower quality,0.75,P2,P0 + mild bilateral filtering,False,0.04530180610820343,13.438844830381562,0.312598254618171,0.3069194257259369,4.999455995857716e-07,-0.04366981569138417,0.015571677230595826,0.0009334981441497803
516__M_Right_little_finger.BMP,Lower quality,0.75,P3,P0 + mild Gaussian filtering sigma=0.55,False,0.042772240945799476,13.688379953616245,0.3823309977058419,0.3720269203186035,2.00001522898674e-07,0.20586530754329857,0.08530442031826674,0.0660409927368164
455__M_Left_little_finger.BMP,Lower quality,0.35,P0,"grayscale + resize + float [0,1] only",True,0.011603674548016493,19.354044604952506,0.6664696059230519,0.5289819240570068,6.00004568696022e-07,0.0,0.0,0.0
455__M_Left_little_finger.BMP,Lower quality,0.35,P1,P0 + mild 3x3 median filtering,False,0.011486801543137243,19.398008821506288,0.7482763301958367,0.6289626359939575,3.00002284348011e-07,0.04396421655378191,0.08180672427278479,0.09998071193695068
455__M_Left_little_finger.BMP,Lower quality,0.35,P2,P0 + mild bilateral filtering,False,0.011856422300265712,19.260463404537433,0.7046886903670109,0.5371558666229248,3.00002284348011e-07,-0.09358120041507334,0.03821908444395894,0.008173942565917969
455__M_Left_little_finger.BMP,Lower quality,0.35,P3,P0 + mild Gaussian filtering sigma=0.55,False,0.01122019697050446,19.49999518975372,0.7366725082349889,0.5796031951904297,4.00003045797348e-07,0.1459505848012128,0.07020290231193693,0.05062127113342285
466__F_Left_little_finger.BMP,Lower quality,0.55,P0,"grayscale + resize + float [0,1] only",True,0.03090636792412731,15.09952029656597,0.44553192054988794,0.43197768926620483,5.00003807246685e-07,0.0,0.0,0.0
466__F_Left_little_finger.BMP,Lower quality,0.55,P1,P0 + mild 3x3 median filtering,False,0.030682938158246346,15.131030552570818,0.5706736768528383,0.5569450855255127,3.00002284348011e-07,0.03151025600484836,0.12514175630295038,0.12496739625930786
466__F_Left_little_finger.BMP,Lower quality,0.55,P2,P0 + mild bilateral filtering,False,0.03134584710452512,15.03819989093494,0.48452930076654976,0.4390188753604889,1.9994331523776054e-07,-0.06132040563102947,0.038997380216661826,0.007041186094284058
466__F_Left_little_finger.BMP,Lower quality,0.55,P3,P0 + mild Gaussian filtering sigma=0.55,False,0.030097670618854235,15.214671149219113,0.5347292321549761,0.49220526218414307,9.00006853044033e-07,0.11515085265314262,0.0891973116050882,0.06022757291793823
371__M_Right_index_finger.BMP,Lower quality,0.75,P0,"grayscale + resize + float [0,1] only",True,0.052331200866164815,12.812392992071155,0.3671201100462844,0.36429160833358765,4.00003045797348e-07,0.0,0.0,0.0
371__M_Right_index_finger.BMP,Lower quality,0.75,P1,P0 + mild 3x3 median filtering,False,0.05081861874742007,12.939771432708081,0.4752525947738485,0.5300137996673584,3.00002284348011e-07,0.12737844063692627,0.1081324847275641,0.16572219133377075
371__M_Right_index_finger.BMP,Lower quality,0.75,P2,P0 + mild bilateral filtering,False,0.05328633598625626,12.73384141190079,0.36936064374701283,0.36324286460876465,3.00002284348011e-07,-0.07855158017036423,0.0022405337007284087,-0.001048743724822998
371__M_Right_index_finger.BMP,Lower quality,0.75,P3,P0 + mild Gaussian filtering sigma=0.55,False,0.05046952796586632,12.969707571402632,0.4390265378208247,0.4441814422607422,3.00002284348011e-07,0.15731457933147652,0.07190642777454026,0.07988983392715454
