split,filename,subject_id,noise_seed,psnr,ssim,mse
development,380__M_Left_index_finger.BMP,380,20260903,27.39224514157606,0.8241426620333194,0.001822953059489075
development,380__M_Left_little_finger.BMP,380,20260904,27.71736251270148,0.7666588592921495,0.0016914678547986946
development,380__M_Left_middle_finger.BMP,380,20260905,27.121060618568507,0.8799680408276915,0.0019404119392070196
development,380__M_Left_ring_finger.BMP,380,20260906,27.285753289932494,0.8393499275820852,0.0018682056062418646
development,380__M_Left_thumb_finger.BMP,380,20260907,26.99028703291933,0.9075991768866778,0.001999729699585501
development,380__M_Right_index_finger.BMP,380,20260908,27.368707254437247,0.8433519870930314,0.0018328599206484284
development,380__M_Right_little_finger.BMP,380,20260909,27.631904571796152,0.757674889871031,0.0017250812023077028
development,380__M_Right_middle_finger.BMP,380,20260910,27.17154990964595,0.8700292221297026,0.0019179841285608963
development,380__M_Right_ring_finger.BMP,380,20260911,27.430048920692375,0.7953303607811034,0.0018071537693830535
development,380__M_Right_thumb_finger.BMP,380,20260912,27.05838210736847,0.8953427772864699,0.001968619529933384
development,600__M_Left_index_finger.BMP,600,20260913,27.35319272178306,0.8397514104789794,0.001839419252730077
development,600__M_Left_little_finger.BMP,600,20260914,27.75017516117653,0.7569456012638808,0.001678736309374416
development,600__M_Left_middle_finger.BMP,600,20260915,27.44947810926937,0.8171206154738665,0.0017990870980429466
development,600__M_Left_ring_finger.BMP,600,20260916,27.310341456038962,0.8390093911606371,0.001857658394379474
development,600__M_Left_thumb_finger.BMP,600,20260917,27.207857503343792,0.875479294952333,0.0019020163666061496
development,600__M_Right_index_finger.BMP,600,20260918,27.305187216878938,0.8529470467790365,0.0018598643859407287
development,600__M_Right_little_finger.BMP,600,20260919,27.918805267842984,0.7369490548488498,0.001614802723510412
development,600__M_Right_middle_finger.BMP,600,20260920,27.34016167642271,0.8407204843213558,0.001844946735382432
development,600__M_Right_ring_finger.BMP,600,20260921,27.513543547532386,0.804082875896126,0.0017727424533858249
development,600__M_Right_thumb_finger.BMP,600,20260922,27.40887796153935,0.8515884021518827,0.0018159847780061798
development,501__M_Left_index_finger.BMP,501,20260923,27.43685245746518,0.8191895882745981,0.0018043249488174829
development,501__M_Left_little_finger.BMP,501,20260924,27.58424679240497,0.7924946965949238,0.0017441158175301977
development,501__M_Left_middle_finger.BMP,501,20260925,27.52430149906059,0.8029155948780179,0.0017683566098870935
development,501__M_Left_ring_finger.BMP,501,20260926,27.358389124902512,0.8241556460552215,0.0018372196742751177
development,501__M_Left_thumb_finger.BMP,501,20260927,27.81660114041582,0.7769351523290873,0.0016532551565629702
development,501__M_Right_index_finger.BMP,501,20260928,27.4909620744602,0.8130318595907092,0.0017819839682411266
development,501__M_Right_little_finger.BMP,501,20260929,27.573768505254993,0.7845928464406728,0.0017483289520418919
development,501__M_Right_middle_finger.BMP,501,20260930,27.491269245747194,0.8174476757915616,0.0017818579351058632
development,501__M_Right_ring_finger.BMP,501,20260931,27.778547761307667,0.7602594677556157,0.0016678048170976419
development,501__M_Right_thumb_finger.BMP,501,20260932,27.340959923282963,0.8611186378437876,0.001844607659556476
development,443__M_Left_index_finger.BMP,443,20260933,27.135094969734823,0.8466296955327391,0.0019341515629242856
development,443__M_Left_little_finger.BMP,443,20260934,27.13340595635713,0.8394890675188899,0.0019349039195231878
development,443__M_Left_middle_finger.BMP,443,20260935,27.14151541310484,0.8253531774876117,0.0019312942998486661
development,443__M_Left_ring_finger.BMP,443,20260936,27.237265248598867,0.8298590763946772,0.0018891805912286746
development,443__M_Left_thumb_finger.BMP,443,20260937,26.800304933742755,0.8761664312357903,0.00208914943902406
development,443__M_Right_index_finger.BMP,443,20260938,27.35710649714296,0.896552869089663,0.0018377623514359127
development,443__M_Right_little_finger.BMP,443,20260939,27.00440155233622,0.8630209608132839,0.0019932411512218785
development,443__M_Right_middle_finger.BMP,443,20260940,27.064112289055643,0.8992271602718234,0.001966023800672798
development,443__M_Right_ring_finger.BMP,443,20260941,26.925258364749403,0.8801929126424491,0.0020298977562655464
development,443__M_Right_thumb_finger.BMP,443,20260942,27.180918571542815,0.9082978897159397,0.001913851085644088
development,572__F_Left_index_finger.BMP,572,20260943,27.6241298412811,0.7974931483537555,0.001728172204909599
development,572__F_Left_little_finger.BMP,572,20260944,27.812594150599153,0.7617954299381375,0.0016547812255908382
development,572__F_Left_middle_finger.BMP,572,20260945,27.320467020532956,0.8414032366846502,0.0018533323137710088
development,572__F_Left_ring_finger.BMP,572,20260946,27.400851017810083,0.8340889724407196,0.0018193443157140715
development,572__F_Left_thumb_finger.BMP,572,20260947,27.305828412733867,0.834587592176944,0.0018595898143411753
development,572__F_Right_index_finger.BMP,572,20260948,27.46236185610437,0.8347724638455808,0.0017937578488015497
development,572__F_Right_little_finger.BMP,572,20260949,27.974544939353972,0.7329479814072252,0.001594209915804351
development,572__F_Right_middle_finger.BMP,572,20260950,27.286906419383943,0.8481148620772362,0.0018677096301195127
development,572__F_Right_ring_finger.BMP,572,20260951,27.675962306992894,0.7896063315761983,0.0017076692938429667
development,572__F_Right_thumb_finger.BMP,572,20260952,27.222879613560988,0.8812139176847636,0.0018954487167133127
development,29__F_Left_index_finger.BMP,29,20260953,27.623691427691885,0.7954367920094132,0.0017283466700372958
development,29__F_Left_little_finger.BMP,29,20260954,27.41274074675311,0.8241425118806959,0.0018143702881231619
development,29__F_Left_middle_finger.BMP,29,20260955,27.14871397879486,0.8713243151237965,0.0019280957712296085
development,29__F_Left_ring_finger.BMP,29,20260956,27.068069623154493,0.8852838855306506,0.0019642331563697636
development,29__F_Left_thumb_finger.BMP,29,20260957,27.00724258759245,0.8884813020378352,0.0019919376539917696
development,29__F_Right_index_finger.BMP,29,20260958,27.13446795737326,0.8550214416386783,0.001934430826082868
development,29__F_Right_little_finger.BMP,29,20260959,27.241294751244425,0.8476442870678902,0.0018874285708654986
development,29__F_Right_middle_finger.BMP,29,20260960,27.250855791884682,0.83831398543185,0.0018832779466694744
development,29__F_Right_ring_finger.BMP,29,20260961,26.977191599302174,0.8919698833798766,0.002005768654746689
development,29__F_Right_thumb_finger.BMP,29,20260962,26.97520674425169,0.9095325257153511,0.0020066855602344016
development,236__M_Left_index_finger.BMP,236,20260963,27.230110186596267,0.8644258776392341,0.0018922956078444896
development,236__M_Left_little_finger.BMP,236,20260964,27.487337971316265,0.8122688657089174,0.001783471619891689
development,236__M_Left_middle_finger.BMP,236,20260965,27.268425888389103,0.8386161139320135,0.0018756742278643796
development,236__M_Left_ring_finger.BMP,236,20260966,27.080380833903757,0.8716979291836321,0.00195867290946392
development,236__M_Left_thumb_finger.BMP,236,20260967,27.252487499118946,0.8528684914248585,0.0018825705047901583
development,236__M_Right_index_finger.BMP,236,20260968,27.53921246464294,0.857044079580307,0.0017622955863351969
development,236__M_Right_little_finger.BMP,236,20260969,27.254971723082324,0.8556590841823817,0.0018814939565873446
development,236__M_Right_middle_finger.BMP,236,20260970,27.369746618381576,0.870484657946229,0.0018324213287117393
development,236__M_Right_ring_finger.BMP,236,20260971,27.35531229242566,0.8474338980606199,0.001838521744710349
development,236__M_Right_thumb_finger.BMP,236,20260972,27.43324241478733,0.8936245013394952,0.0018058254049184786
development,71__M_Left_index_finger.BMP,71,20260973,27.400723074409225,0.852191063885957,0.0018193979144903785
development,71__M_Left_little_finger.BMP,71,20260974,27.71066654139068,0.7914544510637522,0.0016940777788120003
development,71__M_Left_middle_finger.BMP,71,20260975,27.324002819836846,0.8594442137144804,0.0018518240412643122
development,71__M_Left_ring_finger.BMP,71,20260976,27.206743096008278,0.8708310496015549,0.0019025044899998523
development,71__M_Left_thumb_finger.BMP,71,20260977,27.216405175825415,0.8884816764104366,0.0018982765483447198
development,71__M_Right_index_finger.BMP,71,20260978,27.699973363822046,0.8149432333825231,0.0016982540681729117
development,71__M_Right_little_finger.BMP,71,20260979,27.569618878214843,0.8136471458607912,0.0017500002558434424
development,71__M_Right_middle_finger.BMP,71,20260980,27.378813624145167,0.8729499959701598,0.0018285996722272328
development,71__M_Right_ring_finger.BMP,71,20260981,27.672722631596756,0.8099496431675554,0.0017089436269009956
development,71__M_Right_thumb_finger.BMP,71,20260982,27.40409092316142,0.8698846017852724,0.0018179875622943683
development,470__F_Left_index_finger.BMP,470,20260983,28.133949643174056,0.7459431124183834,0.0015367564184578272
development,470__F_Left_little_finger.BMP,470,20260984,28.327626771703812,0.7130688598952889,0.0014697292005971575
development,470__F_Left_middle_finger.BMP,470,20260985,28.16470653625059,0.7449561038237215,0.001525911501017648
development,470__F_Left_ring_finger.BMP,470,20260986,28.377701313850427,0.7209687273773551,0.0014528804121575277
development,470__F_Left_thumb_finger.BMP,470,20260987,27.507522688430683,0.8424409932396412,0.0017752018064236539
development,470__F_Right_index_finger.BMP,470,20260988,28.214565289387025,0.7059878581789732,0.0015084935968839085
development,470__F_Right_little_finger.BMP,470,20260989,28.225990208025095,0.7106608752552271,0.0015045304409989717
development,470__F_Right_middle_finger.BMP,470,20260990,27.99238090038815,0.7877955089430213,0.0015876761100837291
development,470__F_Right_ring_finger.BMP,470,20260991,28.175147109810183,0.749459243629396,0.0015222475684804621
development,470__F_Right_thumb_finger.BMP,470,20260992,27.378970878121308,0.9028311878447532,0.001828533461539503
development,503__M_Left_index_finger.BMP,503,20260993,27.558826483469133,0.8253404413299561,0.0017543544857281078
development,503__M_Left_little_finger.BMP,503,20260994,27.795892542403124,0.7767085953725874,0.0016611572491486452
development,503__M_Left_middle_finger.BMP,503,20260995,27.554136114835103,0.8208168461535275,0.0017562502073207595
development,503__M_Left_ring_finger.BMP,503,20260996,27.62301142125986,0.8177495028933287,0.0017286173110234886
development,503__M_Left_thumb_finger.BMP,503,20260997,27.846020264971038,0.7823283968015909,0.0016420938459679472
development,503__M_Right_index_finger.BMP,503,20260998,27.79343889482849,0.8155751483942568,0.0016620960236962943
development,503__M_Right_little_finger.BMP,503,20260999,27.991153400585176,0.7409707042609454,0.0015881249178941682
development,503__M_Right_middle_finger.BMP,503,20261000,27.683429520839404,0.7966362979086637,0.0017047356678858785
development,503__M_Right_ring_finger.BMP,503,20261001,27.555357865597834,0.8240069340211749,0.0017557562111187638
development,503__M_Right_thumb_finger.BMP,503,20261002,27.817514338954645,0.7458579296948016,0.0016529075602801694
development,506__M_Left_index_finger.BMP,506,20261003,27.643579359755208,0.8132179812993109,0.001720450033361916
development,506__M_Left_little_finger.BMP,506,20261004,27.710191280563457,0.80468445682019,0.0016942631767149123
development,506__M_Left_middle_finger.BMP,506,20261005,27.570809542457887,0.8419147579144239,0.0017495205405318789
development,506__M_Left_ring_finger.BMP,506,20261006,27.694589395511755,0.8118410489529371,0.0017003607069476518
development,506__M_Left_thumb_finger.BMP,506,20261007,27.534055045008536,0.8642787358059884,0.0017643896255386013
development,506__M_Right_index_finger.BMP,506,20261008,27.299857493641092,0.8645324024113417,0.001862148238892479
development,506__M_Right_little_finger.BMP,506,20261009,27.85389854846535,0.7702839099378586,0.0016391177192953534
development,506__M_Right_middle_finger.BMP,506,20261010,27.119787705399837,0.8907959406009912,0.0019409807555337767
development,506__M_Right_ring_finger.BMP,506,20261011,27.36860944686921,0.8716563114051818,0.0018329011989969962
development,506__M_Right_thumb_finger.BMP,506,20261012,27.373150894179908,0.8726340962157846,0.0018309855233806663
development,196__M_Left_index_finger.BMP,196,20261013,27.225188033807047,0.8788863218829036,0.0018944414901145012
development,196__M_Left_little_finger.BMP,196,20261014,27.35312935031732,0.80335026320225,0.0018394460933991352
development,196__M_Left_middle_finger.BMP,196,20261015,26.807005035396653,0.8383593658879399,0.00208592887731423
development,196__M_Left_ring_finger.BMP,196,20261016,26.939914390359956,0.8466373486337065,0.0020230590575295833
development,196__M_Left_thumb_finger.BMP,196,20261017,27.17645207629467,0.8700256631715297,0.0019158203954876966
development,196__M_Right_index_finger.BMP,196,20261018,27.224484755205218,0.8981884044620096,0.0018947482930095384
development,196__M_Right_little_finger.BMP,196,20261019,27.235133280733237,0.8482631195524931,0.0018901082247221315
development,196__M_Right_middle_finger.BMP,196,20261020,27.164009700572716,0.8754404190505147,0.0019213170198695128
development,196__M_Right_ring_finger.BMP,196,20261021,27.057676189333762,0.8875853133841157,0.0019689395425137503
development,196__M_Right_thumb_finger.BMP,196,20261022,27.64260682140499,0.8075118985310793,0.0017208353458780567
development,265__M_Left_index_finger.BMP,265,20261023,27.37477247790581,0.8335138076359629,0.0018303019913041506
development,265__M_Left_little_finger.BMP,265,20261024,27.521793017059277,0.8208397956510186,0.0017693783065107287
development,265__M_Left_middle_finger.BMP,265,20261025,27.421710121866024,0.8523282516956031,0.0018106269814393515
development,265__M_Left_ring_finger.BMP,265,20261026,27.322529482400647,0.8486792822626233,0.0018524523763336202
development,265__M_Left_thumb_finger.BMP,265,20261027,27.243867806531142,0.8530412479772568,0.0018863106612669986
development,265__M_Right_index_finger.BMP,265,20261028,27.994514576044143,0.7635853212453126,0.0015868962811916459
development,265__M_Right_little_finger.BMP,265,20261029,27.22406780249401,0.7860550264142155,0.0018949302106704036
development,265__M_Right_middle_finger.BMP,265,20261030,27.44169408769286,0.8604290589330197,0.0018023145602693164
development,265__M_Right_ring_finger.BMP,265,20261031,27.173464398425633,0.8322634105684161,0.0019171388150660998
development,265__M_Right_thumb_finger.BMP,265,20261032,27.140057381383137,0.9020136943075061,0.001931942790954203
development,160__M_Left_index_finger.BMP,160,20261033,27.303570949514576,0.7907936160339714,0.0018605566806086
development,160__M_Left_little_finger.BMP,160,20261034,27.531663336668917,0.7885290796279312,0.0017653615622648393
development,160__M_Left_middle_finger.BMP,160,20261035,27.146254995156678,0.8256858516879678,0.0019291877718492464
development,160__M_Left_ring_finger.BMP,160,20261036,27.23062336848946,0.8173601523184181,0.001892072018894839
development,160__M_Left_thumb_finger.BMP,160,20261037,27.108709341869236,0.8690183506274819,0.0019459382994065641
development,160__M_Right_index_finger.BMP,160,20261038,26.99832164341442,0.8972657453120947,0.0019960335448471166
development,160__M_Right_little_finger.BMP,160,20261039,27.48913865843233,0.8360082027926445,0.001782732303870606
development,160__M_Right_middle_finger.BMP,160,20261040,27.011266096070855,0.8938943397240638,0.001990093083780042
development,160__M_Right_ring_finger.BMP,160,20261041,27.07201037653663,0.8671734888896943,0.0019624516353101543
development,160__M_Right_thumb_finger.BMP,160,20261042,27.289347613496005,0.8825245719928742,0.0018666600748665795
development,62__M_Left_index_finger.BMP,62,20261043,27.274088464853573,0.8563027203037142,0.001873230211658336
development,62__M_Left_little_finger.BMP,62,20261044,27.55815447129063,0.7999236232132911,0.0017546259694440607
development,62__M_Left_middle_finger.BMP,62,20261045,27.09364508069681,0.8829929620497823,0.0019526998456379572
development,62__M_Left_ring_finger.BMP,62,20261046,27.34469167000693,0.8460635849570334,0.0018430233308815236
development,62__M_Left_thumb_finger.BMP,62,20261047,27.055077921169186,0.8918692719667852,0.0019701178590208713
development,62__M_Right_index_finger.BMP,62,20261048,27.219071292957725,0.8454904471601248,0.0018971115612948335
development,62__M_Right_little_finger.BMP,62,20261049,27.345322944919694,0.8500274815535546,0.001842755455076693
development,62__M_Right_middle_finger.BMP,62,20261050,27.108900613178943,0.8883837219081521,0.001945852598577628
development,62__M_Right_ring_finger.BMP,62,20261051,27.062684935819536,0.8746964724934995,0.0019666700606983125
development,62__M_Right_thumb_finger.BMP,62,20261052,26.926085992200093,0.9124182408870757,0.0020295109590327716
development,298__M_Left_index_finger.BMP,298,20261053,27.21506173666514,0.8980616415718198,0.001898863848814617
development,298__M_Left_little_finger.BMP,298,20261054,27.668090636120375,0.8152994267068505,0.0017107672839618286
development,298__M_Left_middle_finger.BMP,298,20261055,26.89100259050226,0.8927949140241146,0.002045972259286786
development,298__M_Left_ring_finger.BMP,298,20261056,26.974147312555235,0.8789561929982305,0.0020071751371694177
development,298__M_Left_thumb_finger.BMP,298,20261057,27.617141552360607,0.8357814332177043,0.0017309552677832224
development,298__M_Right_index_finger.BMP,298,20261058,27.472722246295017,0.8526852923721671,0.001789483817498891
development,298__M_Right_little_finger.BMP,298,20261059,27.499072655778257,0.8438631699736119,0.0017786591646247179
development,298__M_Right_middle_finger.BMP,298,20261060,27.220693528847182,0.9116894049499035,0.00189640305868329
development,298__M_Right_ring_finger.BMP,298,20261061,27.422696694736175,0.8674880841903388,0.0018102157138198314
development,298__M_Right_thumb_finger.BMP,298,20261062,27.224693413952195,0.9114079438939094,0.0018946572611581649
development,249__M_Left_index_finger.BMP,249,20261063,27.124570472016103,0.7470878210087121,0.0019388443829746948
development,249__M_Left_little_finger.BMP,249,20261064,27.850348680485556,0.7587672882475555,0.0016404580610319855
development,249__M_Left_middle_finger.BMP,249,20261065,27.086136842742746,0.7350637589780092,0.0019560786626691674
development,249__M_Left_ring_finger.BMP,249,20261066,27.286670865582614,0.700930704194814,0.0018678109342006519
development,249__M_Left_thumb_finger.BMP,249,20261067,26.984771156079184,0.8261111951120794,0.0020022711250024757
development,249__M_Right_index_finger.BMP,249,20261068,27.925095882335967,0.77181945014894,0.001612465427378501
development,249__M_Right_little_finger.BMP,249,20261069,27.657119233589647,0.6353878059021234,0.001715094588497569
development,249__M_Right_middle_finger.BMP,249,20261070,27.168536038644476,0.7934208035671115,0.0019193156128915168
development,249__M_Right_ring_finger.BMP,249,20261071,27.08777009207556,0.788884221210897,0.0019553431793387643
development,249__M_Right_thumb_finger.BMP,249,20261072,28.10834497793756,0.6780079972983599,0.001545843421819905
development,393__M_Left_index_finger.BMP,393,20261073,27.308206704505906,0.8914485091529191,0.0018585717409852326
development,393__M_Left_little_finger.BMP,393,20261074,27.318831886242837,0.8610343153392672,0.0018540302314057613
development,393__M_Left_middle_finger.BMP,393,20261075,27.599379652066386,0.8259976084778606,0.0017380490746276103
development,393__M_Left_ring_finger.BMP,393,20261076,27.3096594584879,0.8725850996860862,0.001857950136045422
development,393__M_Left_thumb_finger.BMP,393,20261077,27.203729999603823,0.8870638376303315,0.0019038248886444147
development,393__M_Right_index_finger.BMP,393,20261078,27.18564958969017,0.8956395128723978,0.0019117673533812795
development,393__M_Right_little_finger.BMP,393,20261079,27.38883507911954,0.8566403560225367,0.0018243849968554713
development,393__M_Right_middle_finger.BMP,393,20261080,27.34189386160175,0.8759159202563465,0.0018442110244102443
development,393__M_Right_ring_finger.BMP,393,20261081,27.53648716712822,0.8377262864155174,0.0017634018143036256
development,393__M_Right_thumb_finger.BMP,393,20261082,27.279869519902554,0.8713236901729107,0.0018707383442700316
development,245__M_Left_index_finger.BMP,245,20261083,27.369483519165946,0.8475481766363681,0.0018325323416851827
development,245__M_Left_little_finger.BMP,245,20261084,27.90731007442499,0.7520611994141341,0.0016190825516656838
development,245__M_Left_middle_finger.BMP,245,20261085,27.144213089173356,0.8857407036245465,0.0019300950240497081
development,245__M_Left_ring_finger.BMP,245,20261086,27.034777154693998,0.8768079179877639,0.0019793485830217304
development,245__M_Left_thumb_finger.BMP,245,20261087,27.29682163769929,0.864652694988966,0.0018634503945447873
development,245__M_Right_index_finger.BMP,245,20261088,27.86161374413362,0.7314716830980778,0.0016362084288809222
development,245__M_Right_little_finger.BMP,245,20261089,27.759733272900732,0.7882265864093005,0.0016750457477857116
development,245__M_Right_middle_finger.BMP,245,20261090,27.610087418904833,0.8386277327285409,0.0017337690984571036
development,245__M_Right_ring_finger.BMP,245,20261091,27.62839155773911,0.8352236195013225,0.0017264771874037441
development,245__M_Right_thumb_finger.BMP,245,20261092,27.02799729760429,0.9315969390202463,0.0019824409964453883
development,353__M_Left_index_finger.BMP,353,20261093,27.210708483175573,0.7456378089148998,0.0019007681741822528
development,353__M_Left_little_finger.BMP,353,20261094,27.310469338294897,0.8111156491096616,0.0018576036946173202
development,353__M_Left_middle_finger.BMP,353,20261095,27.07881538087769,0.8079627258788943,0.001959379057768534
development,353__M_Left_ring_finger.BMP,353,20261096,26.889426053059687,0.8387388352847099,0.0020467151048752454
development,353__M_Left_thumb_finger.BMP,353,20261097,27.050436755067842,0.817199472497642,0.0019722243862978625
development,353__M_Right_index_finger.BMP,353,20261098,27.759630496506418,0.7777755392009615,0.001675085388445793
development,353__M_Right_little_finger.BMP,353,20261099,27.173805315813695,0.7856670542563796,0.001916988327244512
development,353__M_Right_middle_finger.BMP,353,20261100,26.857230134638407,0.8565264380849004,0.002061944571451783
development,353__M_Right_ring_finger.BMP,353,20261101,26.911811584863287,0.8226192198185026,0.0020361925377766475
development,353__M_Right_thumb_finger.BMP,353,20261102,27.32793629146971,0.8724088980541229,0.0018501475751853827
development,382__M_Left_index_finger.BMP,382,20261103,27.724036629139857,0.7947871396856904,0.0016888704505084351
development,382__M_Left_little_finger.BMP,382,20261104,27.09271034075746,0.893729249388218,0.0019531201740218458
development,382__M_Left_middle_finger.BMP,382,20261105,27.57607971360535,0.8350109269056917,0.0017473987819297552
development,382__M_Left_ring_finger.BMP,382,20261106,27.060884356324884,0.8998926139307618,0.0019674856086986654
development,382__M_Left_thumb_finger.BMP,382,20261107,27.255791680260188,0.8907386924384832,0.0018811387600763264
development,382__M_Right_index_finger.BMP,382,20261108,27.455173245065584,0.8698757472695112,0.0017967294051407137
development,382__M_Right_little_finger.BMP,382,20261109,27.739852403413927,0.8104227801680863,0.001682731248342592
development,382__M_Right_middle_finger.BMP,382,20261110,27.363344701743767,0.8778663659537435,0.0018351244851289054
development,382__M_Right_ring_finger.BMP,382,20261111,27.682723706584703,0.8205907543003559,0.0017050127435947287
development,382__M_Right_thumb_finger.BMP,382,20261112,27.614139616680177,0.8601692046675384,0.001732152154429862
development,95__M_Left_index_finger.BMP,95,20261113,27.39134677204572,0.8359918886170089,0.0018233301895119857
development,95__M_Left_little_finger.BMP,95,20261114,27.54402322678643,0.7636391966834069,0.0017603445389775525
development,95__M_Left_middle_finger.BMP,95,20261115,27.293829348976956,0.8689211923083067,0.001864734754166977
development,95__M_Left_ring_finger.BMP,95,20261116,27.092209087232433,0.8861374237051011,0.001953345612039718
development,95__M_Left_thumb_finger.BMP,95,20261117,27.28356618176967,0.8596593739498853,0.001869146672021306
development,95__M_Right_index_finger.BMP,95,20261118,27.733939330068015,0.7975209111049771,0.0016850239070106336
development,95__M_Right_little_finger.BMP,95,20261119,27.35006041895754,0.8177310701611936,0.0018407463928654848
development,95__M_Right_middle_finger.BMP,95,20261120,27.256887464854394,0.8745515389959216,0.001880664182818134
development,95__M_Right_ring_finger.BMP,95,20261121,27.06599395535293,0.8813759167299867,0.0019651721666833826
development,95__M_Right_thumb_finger.BMP,95,20261122,27.280560331397304,0.858041308440566,0.0018704407985196255
development,344__M_Left_index_finger.BMP,344,20261123,27.762510472264623,0.7805653719962835,0.0016739749423528873
development,344__M_Left_little_finger.BMP,344,20261124,27.452418963348357,0.827007361033082,0.0017978692465879286
development,344__M_Left_middle_finger.BMP,344,20261125,27.198867390325397,0.8704623010368348,0.0019059577136130844
development,344__M_Left_ring_finger.BMP,344,20261126,27.60905736985692,0.799125665891707,0.0017341803583473727
development,344__M_Left_thumb_finger.BMP,344,20261127,27.632042690311692,0.8132330956027806,0.0017250263404855889
development,344__M_Right_index_finger.BMP,344,20261128,28.06532231982077,0.7543945262865425,0.0015612331638131629
development,344__M_Right_little_finger.BMP,344,20261129,27.731778392957537,0.7995503482174575,0.0016858625399856957
development,344__M_Right_middle_finger.BMP,344,20261130,27.123512802150984,0.8627072790634036,0.001939316621763977
development,344__M_Right_ring_finger.BMP,344,20261131,27.835652295697912,0.7775291997701526,0.0016460187212879532
development,344__M_Right_thumb_finger.BMP,344,20261132,27.33616603778286,0.8854889540035129,0.0018466449224242521
development,11__M_Left_index_finger.BMP,11,20261133,27.203616911366883,0.9008611038495302,0.0019038744639929986
development,11__M_Left_little_finger.BMP,11,20261134,27.603947845869165,0.8116633612370789,0.0017362218419469892
development,11__M_Left_middle_finger.BMP,11,20261135,27.590430544347054,0.8268025367977023,0.0017416342053143082
development,11__M_Left_ring_finger.BMP,11,20261136,27.392334022377923,0.8411362929831148,0.001822915752113899
development,11__M_Left_thumb_finger.BMP,11,20261137,27.226832768569444,0.8868178059300185,0.0018937241741067202
development,11__M_Right_index_finger.BMP,11,20261138,27.136074356580547,0.9018011115424037,0.001933715437414644
development,11__M_Right_little_finger.BMP,11,20261139,27.152824278914682,0.8622665558641552,0.0019262718237624946
development,11__M_Right_middle_finger.BMP,11,20261140,27.00580270522638,0.9078310691341758,0.001992598180785455
development,11__M_Right_ring_finger.BMP,11,20261141,27.021850611583677,0.8927556960483194,0.0019852487847385036
development,11__M_Right_thumb_finger.BMP,11,20261142,27.17641616657664,0.8897543843449354,0.001915836236548887
development,596__M_Left_index_finger.BMP,596,20261143,27.260806598241672,0.8798176140753031,0.0018789678110145568
development,596__M_Left_little_finger.BMP,596,20261144,27.245229741228027,0.8731450250470638,0.0018857192125455908
development,596__M_Left_middle_finger.BMP,596,20261145,26.99262791235228,0.912509316891849,0.0019986521208996
development,596__M_Left_ring_finger.BMP,596,20261146,27.129796070868846,0.8973039204165042,0.001936512893520118
development,596__M_Left_thumb_finger.BMP,596,20261147,27.379324201259738,0.8905684232832194,0.0018283847060455828
development,596__M_Right_index_finger.BMP,596,20261148,27.133718326101807,0.9018753187772035,0.001934764755031613
development,596__M_Right_little_finger.BMP,596,20261149,27.37921045502823,0.8755564471014738,0.0018284325939654745
development,596__M_Right_middle_finger.BMP,596,20261150,26.909507831988964,0.9266714336516261,0.0020372729403576964
development,596__M_Right_ring_finger.BMP,596,20261151,27.017619156241306,0.899512990084827,0.001987184012026754
development,596__M_Right_thumb_finger.BMP,596,20261152,27.048373670607816,0.9173447010877133,0.001973161499765388
development,64__M_Left_index_finger.BMP,64,20261153,27.62826064340018,0.8292306531518697,0.0017265292313591058
development,64__M_Left_little_finger.BMP,64,20261154,27.893549799331836,0.7610234317880273,0.0016242206213852067
development,64__M_Left_middle_finger.BMP,64,20261155,27.366287206965186,0.8809769827733636,0.0018338815417542622
development,64__M_Left_ring_finger.BMP,64,20261156,27.55558662593171,0.8294891931387186,0.001755663730828133
development,64__M_Left_thumb_finger.BMP,64,20261157,27.204435955098237,0.91235571216169,0.0019035154427577963
development,64__M_Right_index_finger.BMP,64,20261158,27.238002271579553,0.8908969863732458,0.001888860013503536
development,64__M_Right_little_finger.BMP,64,20261159,27.444163471016246,0.8477464560411573,0.0018012900617678633
development,64__M_Right_middle_finger.BMP,64,20261160,27.4283313174614,0.8536297265289425,0.0018078686269653874
development,64__M_Right_ring_finger.BMP,64,20261161,27.374413374669906,0.8559058133390546,0.0018304533389655862
development,64__M_Right_thumb_finger.BMP,64,20261162,27.17219743797839,0.9198942623021007,0.0019176981805384982
development,135__F_Left_index_finger.BMP,135,20261163,27.423818629850537,0.8518224754294157,0.0018097481319487815
development,135__F_Left_little_finger.BMP,135,20261164,27.84520262745671,0.7640395160872936,0.0016424030287879527
development,135__F_Left_middle_finger.BMP,135,20261165,27.277573154300654,0.8487684782577753,0.0018717277731732577
development,135__F_Left_ring_finger.BMP,135,20261166,27.513315591185844,0.8218552142975032,0.0017728355051089403
development,135__F_Left_thumb_finger.BMP,135,20261167,27.40938655376724,0.8404738877059519,0.0018157721246788688
development,135__F_Right_index_finger.BMP,135,20261168,27.76410661094929,0.810985444376856,0.0016733598285670905
development,135__F_Right_little_finger.BMP,135,20261169,27.623988349878612,0.7982188686416746,0.0017282285089849337
development,135__F_Right_middle_finger.BMP,135,20261170,27.462280945105775,0.8639801968122423,0.0017937912676214527
development,135__F_Right_ring_finger.BMP,135,20261171,27.609956684626994,0.804960805271864,0.0017338212903388998
development,135__F_Right_thumb_finger.BMP,135,20261172,27.4081633167771,0.8748101439685225,0.0018162836284053958
development,424__M_Left_index_finger.BMP,424,20261173,27.317375192056165,0.8694038546025753,0.0018546522075444747
development,424__M_Left_little_finger.BMP,424,20261174,27.401363411044105,0.8357121815637946,0.0018191296768536327
development,424__M_Left_middle_finger.BMP,424,20261175,27.33433390698997,0.857370330765605,0.00184742411923931
development,424__M_Left_ring_finger.BMP,424,20261176,27.47424047270347,0.8357785314948559,0.0017888583509376465
development,424__M_Left_thumb_finger.BMP,424,20261177,27.188600361672783,0.87748993679744,0.0019104688626597399
development,424__M_Right_index_finger.BMP,424,20261178,27.174379366690623,0.8955533714926243,0.001916734956282951
development,424__M_Right_little_finger.BMP,424,20261179,27.337320892699953,0.8497580680266619,0.0018461539368058535
development,424__M_Right_middle_finger.BMP,424,20261180,27.02658269471865,0.9094320907896459,0.0019830868309300355
development,424__M_Right_ring_finger.BMP,424,20261181,27.345673241984777,0.8621827862345576,0.0018426068264797268
development,424__M_Right_thumb_finger.BMP,424,20261182,27.316341867708683,0.8624623335795403,0.0018550935406428924
development,578__M_Left_index_finger.BMP,578,20261183,27.35761851769128,0.8417353274142743,0.0018375456973775935
development,578__M_Left_little_finger.BMP,578,20261184,27.558573061930566,0.7953207645407915,0.0017544568596249083
development,578__M_Left_middle_finger.BMP,578,20261185,27.135093966852146,0.8753023115475178,0.0019341520095630068
development,578__M_Left_ring_finger.BMP,578,20261186,27.372005875968817,0.8389899275420905,0.0018314683266980089
development,578__M_Left_thumb_finger.BMP,578,20261187,27.18213462021239,0.8910164943242669,0.0019133152717297223
development,578__M_Right_index_finger.BMP,578,20261188,27.16547226735446,0.8923490277692974,0.0019206700898596212
development,578__M_Right_little_finger.BMP,578,20261189,27.595665637936797,0.7815756484834254,0.0017395360610022487
development,578__M_Right_middle_finger.BMP,578,20261190,27.115185164320064,0.891818957228303,0.0019430388473181024
development,578__M_Right_ring_finger.BMP,578,20261191,27.366850939283097,0.8158883026091457,0.0018336435117443657
development,578__M_Right_thumb_finger.BMP,578,20261192,27.310784562766415,0.8849033564694225,0.0018574688688442846
development,222__M_Left_index_finger.BMP,222,20261193,27.28776757742927,0.8967317074397803,0.001867339320620187
development,222__M_Left_little_finger.BMP,222,20261194,27.524900418118612,0.8182178665835858,0.0017681127593446322
development,222__M_Left_middle_finger.BMP,222,20261195,27.08762671990932,0.9180543485129178,0.0019554077314863296
development,222__M_Left_ring_finger.BMP,222,20261196,27.22483877296363,0.8947344528017044,0.0018945938477580209
development,222__M_Left_thumb_finger.BMP,222,20261197,27.233877333274187,0.9065954894123077,0.001890654909059132
development,222__M_Right_index_finger.BMP,222,20261198,27.19226671948666,0.8970285274621844,0.0019088567061743519
development,222__M_Right_little_finger.BMP,222,20261199,27.262363074117783,0.8651409731997252,0.0018782945249877611
development,222__M_Right_middle_finger.BMP,222,20261200,26.882965170091534,0.9380784341383577,0.0020497622142402095
development,222__M_Right_ring_finger.BMP,222,20261201,27.036718360620767,0.912040612370193,0.0019784640531072912
development,222__M_Right_thumb_finger.BMP,222,20261202,27.073244976115962,0.9145674537937045,0.0019618938346201167
development,151__M_Left_index_finger.BMP,151,20261203,27.23395560290063,0.8930598677057028,0.00189062083551545
development,151__M_Left_little_finger.BMP,151,20261204,27.472241816289575,0.8198548839435578,0.0017896817866903754
development,151__M_Left_middle_finger.BMP,151,20261205,27.536807336359356,0.8541098459053635,0.0017632718181337553
development,151__M_Left_ring_finger.BMP,151,20261206,27.488396413754636,0.812058330704093,0.0017830370133939217
development,151__M_Left_thumb_finger.BMP,151,20261207,27.404487538167533,0.8881887589464188,0.0018178215440152973
development,151__M_Right_index_finger.BMP,151,20261208,27.652213195271862,0.8040211875696778,0.001717033151974343
development,151__M_Right_little_finger.BMP,151,20261209,27.35546814456648,0.8597118924495578,0.0018384557681850912
development,151__M_Right_middle_finger.BMP,151,20261210,27.413045160037356,0.8508284536483288,0.0018142431165645374
development,151__M_Right_ring_finger.BMP,151,20261211,27.175853162882543,0.902264971483171,0.0019160846147440553
development,151__M_Right_thumb_finger.BMP,151,20261212,27.373317497544335,0.874674793771565,0.0018309152847499472
development,458__M_Left_index_finger.BMP,458,20261213,27.406615265554862,0.8467918352380395,0.0018169311616773175
development,458__M_Left_little_finger.BMP,458,20261214,27.530400531466974,0.8411853642629386,0.0017658749539836386
development,458__M_Left_middle_finger.BMP,458,20261215,27.15114889397061,0.8979487909154892,0.0019270150681545894
development,458__M_Left_ring_finger.BMP,458,20261216,27.569890619109543,0.813433139367938,0.0017498907606097367
development,458__M_Left_thumb_finger.BMP,458,20261217,27.148467616185208,0.912780851092726,0.0019282051495889698
development,458__M_Right_index_finger.BMP,458,20261218,27.52559520177169,0.8341944850972295,0.0017678299195586524
development,458__M_Right_little_finger.BMP,458,20261219,27.97211041790188,0.7539071512601971,0.0015951038314370991
development,458__M_Right_middle_finger.BMP,458,20261220,27.58630135407322,0.8286793620156646,0.0017432909058239334
development,458__M_Right_ring_finger.BMP,458,20261221,28.07503863890942,0.7279435409357548,0.0015577441756170914
development,458__M_Right_thumb_finger.BMP,458,20261222,27.07077807772415,0.9212769854897856,0.001963008554647105
development,358__M_Left_index_finger.BMP,358,20261223,27.236944199266215,0.8618307483512163,0.0018893202528205673
development,358__M_Left_little_finger.BMP,358,20261224,27.36733780397643,0.8151889041575789,0.0018334379631396484
development,358__M_Left_middle_finger.BMP,358,20261225,27.165820353094215,0.8782265888885855,0.0019205161548903156
development,358__M_Left_ring_finger.BMP,358,20261226,27.571796790413543,0.803453362364322,0.0017491228807993305
development,358__M_Left_thumb_finger.BMP,358,20261227,27.06961823144247,0.8920985052921772,0.001963532874508304
development,358__M_Right_index_finger.BMP,358,20261228,27.082100402676357,0.9081473386961818,0.0019578975355614646
development,358__M_Right_little_finger.BMP,358,20261229,27.061822213891244,0.8810446554100514,0.0019670607766737232
development,358__M_Right_middle_finger.BMP,358,20261230,26.965358684587414,0.9060125459142327,0.0020112410825814135
development,358__M_Right_ring_finger.BMP,358,20261231,27.154618445592902,0.8817748545130193,0.0019254762025709502
development,358__M_Right_thumb_finger.BMP,358,20261232,27.07786003709809,0.9053674690062403,0.001959810121613979
development,584__M_Left_index_finger.BMP,584,20261233,26.808661477259736,0.7405033777887225,0.002085133435231476
development,584__M_Left_little_finger.BMP,584,20261234,27.008643646329304,0.7556378812021911,0.001991295147201889
development,584__M_Left_middle_finger.BMP,584,20261235,26.72595253228611,0.7938240012609362,0.0021252241715175577
development,584__M_Left_ring_finger.BMP,584,20261236,26.756204564552583,0.7725715969515443,0.0021104717515642584
development,584__M_Left_thumb_finger.BMP,584,20261237,26.870392477172857,0.8618936983605623,0.002055704811060843
development,584__M_Right_index_finger.BMP,584,20261238,27.37650748718415,0.8741899077614546,0.0018295709305081917
development,584__M_Right_little_finger.BMP,584,20261239,27.20501659588782,0.8208142622725367,0.001903260964546846
development,584__M_Right_middle_finger.BMP,584,20261240,27.059721458104352,0.8875454616950751,0.001968012507372198
development,584__M_Right_ring_finger.BMP,584,20261241,26.898528336386196,0.8464571140774191,0.00204242993149517
development,584__M_Right_thumb_finger.BMP,584,20261242,27.857015091376837,0.6937121391089857,0.0016379418931114086
development,277__M_Left_index_finger.BMP,277,20261243,27.55193277158026,0.8234430739197731,0.0017571414467860552
development,277__M_Left_little_finger.BMP,277,20261244,27.686402604667066,0.7780064740378558,0.00170356904297558
development,277__M_Left_middle_finger.BMP,277,20261245,27.31515625699761,0.8476906587122083,0.0018556000446645002
development,277__M_Left_ring_finger.BMP,277,20261246,27.728347801250656,0.7729418433285355,0.0016871947675762633
development,277__M_Left_thumb_finger.BMP,277,20261247,27.4740786342539,0.835673814529717,0.0017889250134139915
development,277__M_Right_index_finger.BMP,277,20261248,27.435483209579154,0.8224739772281646,0.0018048939078366122
development,277__M_Right_little_finger.BMP,277,20261249,27.60166142206608,0.8000373865206539,0.0017371361487749735
development,277__M_Right_middle_finger.BMP,277,20261250,27.245325559141563,0.8554567247328758,0.0018856776085891085
development,277__M_Right_ring_finger.BMP,277,20261251,27.26965419473933,0.8603403111504913,0.0018751438097062696
development,277__M_Right_thumb_finger.BMP,277,20261252,27.713893269652402,0.7956702655243874,0.0016928195775946103
development,113__M_Left_index_finger.BMP,113,20261253,27.091395953718273,0.8805550547920465,0.0019537113729576386
development,113__M_Left_little_finger.BMP,113,20261254,27.389659096509163,0.8270766893867254,0.0018240388763275269
development,113__M_Left_middle_finger.BMP,113,20261255,27.115692492636224,0.8776933735228181,0.0019428118812631677
development,113__M_Left_ring_finger.BMP,113,20261256,27.0532031403392,0.8816855724269748,0.001970968511443341
development,113__M_Left_thumb_finger.BMP,113,20261257,27.279303541011437,0.8767163291655778,0.001870982157501112
development,113__M_Right_index_finger.BMP,113,20261258,27.52628103978593,0.7962213375407458,0.0017675507658317642
development,113__M_Right_little_finger.BMP,113,20261259,27.049336324191856,0.8765692704223395,0.0019727241788767436
development,113__M_Right_middle_finger.BMP,113,20261260,27.39106797572276,0.8165695768411756,0.0018234472423621466
development,113__M_Right_ring_finger.BMP,113,20261261,27.556710022814272,0.786957332709074,0.0017552096490527052
development,113__M_Right_thumb_finger.BMP,113,20261262,27.207380810346603,0.8842864897474051,0.0019022251483617964
development,439__M_Left_index_finger.BMP,439,20261263,27.243095184838253,0.8546553031085133,0.0018866462709150498
development,439__M_Left_little_finger.BMP,439,20261264,27.67026514284158,0.7680612674964666,0.0017099109194558372
development,439__M_Left_middle_finger.BMP,439,20261265,27.075266153872867,0.8850007860559821,0.0019609809946537662
development,439__M_Left_ring_finger.BMP,439,20261266,27.26936026487648,0.8321901105798483,0.001875270723456602
development,439__M_Left_thumb_finger.BMP,439,20261267,27.22016145099966,0.8706247874133587,0.0018966354115943194
development,439__M_Right_index_finger.BMP,439,20261268,27.190461892047534,0.860179078065604,0.0019096501477369801
development,439__M_Right_little_finger.BMP,439,20261269,27.46604753235387,0.7971711269533038,0.001792236207049238
development,439__M_Right_middle_finger.BMP,439,20261270,27.195319163986305,0.8431384734453261,0.001907515535095472
development,439__M_Right_ring_finger.BMP,439,20261271,27.088819797633764,0.8616873811286986,0.001954870622892272
development,439__M_Right_thumb_finger.BMP,439,20261272,27.178713895481742,0.860588171741724,0.0019148228900337703
development,184__M_Left_index_finger.BMP,184,20261273,27.14673214910537,0.9094638912225962,0.0019289758260301864
development,184__M_Left_little_finger.BMP,184,20261274,27.68577063332017,0.7966246676869393,0.0017038169588951832
development,184__M_Left_middle_finger.BMP,184,20261275,26.967420814007504,0.924128175724417,0.002010286326054125
development,184__M_Left_ring_finger.BMP,184,20261276,27.16267520307092,0.870679429012537,0.0019219074917362917
development,184__M_Left_thumb_finger.BMP,184,20261277,27.09455659897816,0.894332712657094,0.0019522900465488075
development,184__M_Right_index_finger.BMP,184,20261278,27.168996828915667,0.8836233427411317,0.0019191119826170474
development,184__M_Right_little_finger.BMP,184,20261279,27.192112369058048,0.8865373025163412,0.0019089245491009349
development,184__M_Right_middle_finger.BMP,184,20261280,26.937873520135312,0.9148618301275373,0.0020240099725046343
development,184__M_Right_ring_finger.BMP,184,20261281,26.95258106467255,0.899651739586711,0.002017167180501343
development,184__M_Right_thumb_finger.BMP,184,20261282,27.1155529441821,0.9145130371519327,0.001942874309123023
development,297__M_Left_index_finger.BMP,297,20261283,27.7570804375387,0.7906426064821481,0.0016760692418019418
development,297__M_Left_little_finger.BMP,297,20261284,27.604976193107987,0.8586213655061722,0.0017358107781078177
development,297__M_Left_middle_finger.BMP,297,20261285,27.408921212894597,0.831367049916923,0.0018159666927172965
development,297__M_Left_ring_finger.BMP,297,20261286,27.999195089177213,0.7429669464297891,0.0015851869599302825
development,297__M_Left_thumb_finger.BMP,297,20261287,27.351634550995698,0.8496112274484038,0.0018400793218039874
development,297__M_Right_index_finger.BMP,297,20261288,27.26646688433661,0.8421334111442864,0.0018765204928810162
development,297__M_Right_little_finger.BMP,297,20261289,27.748414561772044,0.7768289119063616,0.0016794169952769212
development,297__M_Right_middle_finger.BMP,297,20261290,27.62754038726817,0.7994520999450088,0.0017268155915228394
development,297__M_Right_ring_finger.BMP,297,20261291,27.67942143460698,0.7884819651403725,0.0017063096877649516
development,297__M_Right_thumb_finger.BMP,297,20261292,27.057159365148596,0.8790298646752238,0.0019691738664962227
development,510__M_Left_index_finger.BMP,510,20261293,27.049783248781104,0.8853918248358965,0.001972521179848049
development,510__M_Left_little_finger.BMP,510,20261294,27.388994176833812,0.8156364864462018,0.0018243181642848185
development,510__M_Left_middle_finger.BMP,510,20261295,26.927380314475773,0.9163373613706232,0.002028906196606752
development,510__M_Left_ring_finger.BMP,510,20261296,27.139391128208246,0.8814989184703231,0.0019322391939270728
development,510__M_Left_thumb_finger.BMP,510,20261297,27.04511604334945,0.9147710483712554,0.0019746421163289608
development,510__M_Right_index_finger.BMP,510,20261298,27.23055457921046,0.866017082233429,0.0018921019882603737
development,510__M_Right_little_finger.BMP,510,20261299,27.394827670703343,0.8089458301949203,0.0018218693639567604
development,510__M_Right_middle_finger.BMP,510,20261300,27.098886756793288,0.887872908428371,0.001950344474744861
development,510__M_Right_ring_finger.BMP,510,20261301,27.19464273199484,0.8686249066267312,0.001907812661832362
development,510__M_Right_thumb_finger.BMP,510,20261302,27.147269107323716,0.8867233144706488,0.0019287373437475198
development,329__M_Left_index_finger.BMP,329,20261303,27.33983850281261,0.8673399185726046,0.0018450840293860148
development,329__M_Left_little_finger.BMP,329,20261304,27.483534424271237,0.7969700508410931,0.0017850342668649715
development,329__M_Left_middle_finger.BMP,329,20261305,27.170496652176993,0.8806207271711528,0.0019184493373478708
development,329__M_Left_ring_finger.BMP,329,20261306,27.048095149200076,0.8606330455324054,0.0019732880464668353
development,329__M_Left_thumb_finger.BMP,329,20261307,27.274119087408604,0.8811508820807934,0.001873217003364104
development,329__M_Right_index_finger.BMP,329,20261308,27.187816851277667,0.9046109719729424,0.001910813561316814
development,329__M_Right_little_finger.BMP,329,20261309,27.743813777829764,0.7948134238148331,0.0016811970613825667
development,329__M_Right_middle_finger.BMP,329,20261310,27.191388370015403,0.9068319340829849,0.0019092428065988977
development,329__M_Right_ring_finger.BMP,329,20261311,27.27178725921972,0.8700721985939145,0.0018742230472468093
development,329__M_Right_thumb_finger.BMP,329,20261312,27.0467404622004,0.909762505359292,0.0019739036666828963
development,500__M_Left_index_finger.BMP,500,20261313,27.22097697852984,0.8126579431100488,0.0018962792907501484
development,500__M_Left_little_finger.BMP,500,20261314,27.393190376862407,0.8031483195633888,0.0018225563397227824
development,500__M_Left_middle_finger.BMP,500,20261315,27.140279470727975,0.8293306801019311,0.0019318439978642497
development,500__M_Left_ring_finger.BMP,500,20261316,27.295580705283417,0.8248268218860626,0.0018639829240834243
development,500__M_Left_thumb_finger.BMP,500,20261317,26.95658644166975,0.8581379957226812,0.0020153076610392906
development,500__M_Right_index_finger.BMP,500,20261318,27.331157922060033,0.8369927438261509,0.0018487756300997896
development,500__M_Right_little_finger.BMP,500,20261319,27.37286064895845,0.8175403233197629,0.0018311078948542933
development,500__M_Right_middle_finger.BMP,500,20261320,27.2916266852288,0.8575968000411391,0.001865680754078539
development,500__M_Right_ring_finger.BMP,500,20261321,27.155657376306145,0.8889747540159821,0.001925015640166392
development,500__M_Right_thumb_finger.BMP,500,20261322,27.303108432332884,0.8768635264593064,0.001860754837687004
development,546__M_Left_index_finger.BMP,546,20261323,27.17939859729466,0.8178055724727511,0.0019145210258810648
development,546__M_Left_little_finger.BMP,546,20261324,27.58377739293818,0.7815911141959428,0.0017443043373741387
development,546__M_Left_middle_finger.BMP,546,20261325,27.4038782178077,0.7900903055039644,0.001818076604447424
development,546__M_Left_ring_finger.BMP,546,20261326,27.1960749589077,0.811261339558661,0.0019071836024613185
development,546__M_Left_thumb_finger.BMP,546,20261327,27.021483915545907,0.8652175775358677,0.001985416416064281
development,546__M_Right_index_finger.BMP,546,20261328,28.061231288264025,0.7160751357330084,0.0015627045302793903
development,546__M_Right_little_finger.BMP,546,20261329,27.63564668951084,0.7798252788092495,0.0017235954186269598
development,546__M_Right_middle_finger.BMP,546,20261330,27.055545225753267,0.8390291150278747,0.0019699058840555576
development,546__M_Right_ring_finger.BMP,546,20261331,27.41220324434771,0.8016949292868972,0.0018145948566559466
development,546__M_Right_thumb_finger.BMP,546,20261332,27.25553281696742,0.9009375226513148,0.0018812508895890972
development,339__M_Left_index_finger.BMP,339,20261333,27.168168273784936,0.9018743955249489,0.001919478149316312
development,339__M_Left_little_finger.BMP,339,20261334,27.38284470479606,0.8433663844787479,0.0018269031706211621
development,339__M_Left_middle_finger.BMP,339,20261335,26.873471350702367,0.9168854509427845,0.0020542479626780162
development,339__M_Left_ring_finger.BMP,339,20261336,27.249917444994132,0.8514360282585621,0.0018836848961017005
development,339__M_Left_thumb_finger.BMP,339,20261337,27.26277479330367,0.8888812686822712,0.0018781164676396895
development,339__M_Right_index_finger.BMP,339,20261338,27.13878511628046,0.8817343702910244,0.0019325088362432837
development,339__M_Right_little_finger.BMP,339,20261339,27.55192668038311,0.8072073154693842,0.001757143911266478
development,339__M_Right_middle_finger.BMP,339,20261340,26.929466550812975,0.9228188951424956,0.002027931797549491
development,339__M_Right_ring_finger.BMP,339,20261341,27.038256510915005,0.8957082019684315,0.001977763460225771
development,339__M_Right_thumb_finger.BMP,339,20261342,27.11046778040246,0.9044235747672915,0.001945150557358994
development,82__M_Left_index_finger.BMP,82,20261343,27.407533077197563,0.8338205388668776,0.0018165472230260648
development,82__M_Left_little_finger.BMP,82,20261344,27.69229082988279,0.7763772368124128,0.0017012608853540223
development,82__M_Left_middle_finger.BMP,82,20261345,27.880716384195686,0.7725335403455496,0.001629027296628847
development,82__M_Left_ring_finger.BMP,82,20261346,27.892192977055572,0.7594045024935603,0.0016247281394634915
development,82__M_Left_thumb_finger.BMP,82,20261347,27.27279496261675,0.8799613435319364,0.0018737882174453759
development,82__M_Right_index_finger.BMP,82,20261348,27.377923386348108,0.8815812092620731,0.00182897454583705
development,82__M_Right_little_finger.BMP,82,20261349,27.508672695264686,0.8410461886511446,0.001774731797242011
development,82__M_Right_middle_finger.BMP,82,20261350,27.57387435613134,0.8563310876093507,0.0017482863404259983
development,82__M_Right_ring_finger.BMP,82,20261351,27.29889436135744,0.8531962656697631,0.0018625612521925405
development,82__M_Right_thumb_finger.BMP,82,20261352,27.376577421841297,0.8896566295321285,0.001829541469073406
development,233__M_Left_index_finger.BMP,233,20261353,27.231448446651516,0.881167633240223,0.0018917125947972063
development,233__M_Left_little_finger.BMP,233,20261354,27.517264572307603,0.8166662105587423,0.0017712242223760113
development,233__M_Left_middle_finger.BMP,233,20261355,27.06610764982347,0.8987743058198094,0.00196512072088019
development,233__M_Left_ring_finger.BMP,233,20261356,27.21594022648782,0.8684191310635209,0.0018984797859420758
development,233__M_Left_thumb_finger.BMP,233,20261357,27.225324345100958,0.8898841066287756,0.0018943820305245258
development,233__M_Right_index_finger.BMP,233,20261358,27.50662691038512,0.8214849174355269,0.0017755679982309547
development,233__M_Right_little_finger.BMP,233,20261359,27.51716208580386,0.8188212123342753,0.0017712660209084244
development,233__M_Right_middle_finger.BMP,233,20261360,27.58550540080451,0.8223692128821611,0.001743610436767703
development,233__M_Right_ring_finger.BMP,233,20261361,27.32663857679203,0.8532075932916999,0.0018507005001051732
development,233__M_Right_thumb_finger.BMP,233,20261362,27.358350027517254,0.8703843627896904,0.0018372362139300598
development,384__F_Left_index_finger.BMP,384,20261363,27.585880267422205,0.7939810056756735,0.0017434599413858843
development,384__F_Left_little_finger.BMP,384,20261364,27.73487095126321,0.7763853534689545,0.0016846624850512509
development,384__F_Left_middle_finger.BMP,384,20261365,27.118571655332776,0.8717084888616204,0.0019415243176466404
development,384__F_Left_ring_finger.BMP,384,20261366,27.285154102190788,0.8293552509646416,0.0018684633767569378
development,384__F_Left_thumb_finger.BMP,384,20261367,27.318048246885297,0.8491703983755707,0.0018543648021192723
development,384__F_Right_index_finger.BMP,384,20261368,27.486196197178927,0.8517396650123894,0.0017839405619474507
development,384__F_Right_little_finger.BMP,384,20261369,28.013672442708103,0.7328998680624962,0.001579911483427486
development,384__F_Right_middle_finger.BMP,384,20261370,27.627489404881164,0.8129671659176647,0.0017268358629518306
development,384__F_Right_ring_finger.BMP,384,20261371,27.74839173628873,0.7761508576027751,0.0016794258219157423
development,384__F_Right_thumb_finger.BMP,384,20261372,27.15122576087472,0.8853496424844265,0.0019269809617181043
development,218__M_Left_index_finger.BMP,218,20261373,26.95555240343883,0.8582802163401246,0.002015787555065108
development,218__M_Left_little_finger.BMP,218,20261374,27.522404178182647,0.7467122343437076,0.0017691293281806295
development,218__M_Left_middle_finger.BMP,218,20261375,26.89328640320218,0.8228105702443123,0.002044896632206302
development,218__M_Left_ring_finger.BMP,218,20261376,27.126296343694097,0.7792105915739537,0.0019380740458066112
development,218__M_Left_thumb_finger.BMP,218,20261377,26.789339122859307,0.8764949646649957,0.002094431146604478
development,218__M_Right_index_finger.BMP,218,20261378,27.474097601586816,0.8698191221582293,0.00178891720049819
development,218__M_Right_little_finger.BMP,218,20261379,27.443423655111545,0.7658184392821192,0.001801596935698824
development,218__M_Right_middle_finger.BMP,218,20261380,27.217295792036982,0.8971402516595721,0.0018978873049628026
development,218__M_Right_ring_finger.BMP,218,20261381,26.95709928583952,0.8327536396930217,0.002015069693990176
development,218__M_Right_thumb_finger.BMP,218,20261382,27.637037325791376,0.799559909917891,0.0017230436016656254
development,388__F_Left_index_finger.BMP,388,20261383,27.434830134381247,0.7567465921532214,0.001805165341190282
development,388__F_Left_little_finger.BMP,388,20261384,27.98442957887024,0.6975278495342135,0.001590585584483631
development,388__F_Left_middle_finger.BMP,388,20261385,27.399794303652847,0.7921330856817365,0.0018197870477510971
development,388__F_Left_ring_finger.BMP,388,20261386,27.437567115393712,0.7653816156967879,0.0018040280606242424
development,388__F_Left_thumb_finger.BMP,388,20261387,27.17949176016525,0.8447717253379226,0.0019144799568901047
development,388__F_Right_index_finger.BMP,388,20261388,27.61372773170838,0.80119189695701,0.0017323164395644335
development,388__F_Right_little_finger.BMP,388,20261389,28.04488920137958,0.723980187090516,0.0015685959156988764
development,388__F_Right_middle_finger.BMP,388,20261390,27.313102645720537,0.8297754257121086,0.0018564776939187433
development,388__F_Right_ring_finger.BMP,388,20261391,27.716038896253863,0.7575584495838285,0.0016919834487040936
development,388__F_Right_thumb_finger.BMP,388,20261392,27.55911536979275,0.8019520732866228,0.0017542377925203654
development,360__M_Left_index_finger.BMP,360,20261393,27.165084363827205,0.8898551899549961,0.0019208416481011192
development,360__M_Left_little_finger.BMP,360,20261394,27.399325172695054,0.8119907206172347,0.0018199836343041967
development,360__M_Left_middle_finger.BMP,360,20261395,27.08551766612191,0.8791890184856653,0.0019563575620263644
development,360__M_Left_ring_finger.BMP,360,20261396,27.091988943418762,0.8734895505541563,0.0019534446296117437
development,360__M_Left_thumb_finger.BMP,360,20261397,27.026290934916474,0.9165627529365719,0.001983220059529698
development,360__M_Right_index_finger.BMP,360,20261398,27.08561337748189,0.8906102343575955,0.0019563144475988514
development,360__M_Right_little_finger.BMP,360,20261399,27.463896775058526,0.8475569175820946,0.001793123996300255
development,360__M_Right_middle_finger.BMP,360,20261400,27.148777613505686,0.8873132509153784,0.0019280675201412143
development,360__M_Right_ring_finger.BMP,360,20261401,27.17668080215109,0.885943676270783,0.0019157194994044895
development,360__M_Right_thumb_finger.BMP,360,20261402,27.111307542512527,0.9121589699819982,0.0019447744747953257
