candidate,images,mean_psnr,std_psnr,median_psnr,min_psnr,max_psnr,mean_ssim,std_ssim,median_ssim,min_ssim,max_ssim,mean_mse,std_mse,median_mse,min_mse,max_mse,mean_delta_psnr,mean_delta_ssim,mean_delta_mse,mean_absolute_change
"M2 Modified Gabor (frequencies=0.075/0.095/0.115/0.14, orientation_bins=12, strength=0.12, orientation_offset=1.5708, sigma_scale=0.55, gamma=0.5, detail_clip=0.1)",50,27.394693326459088,0.2965150575861642,27.34930614860359,26.805521253416224,28.232395944117595,0.8337484547299076,0.052745570744327994,0.8506096794340611,0.7013777293177546,0.9128310891419054,0.0018259872065235735,0.00012013598677705453,0.0018410670649974896,0.0015023129316329535,0.002086641663819558,0.009912194883610965,0.0003744978864938031,-4.121047490095423e-06,0.0002733784544398077
"M2 Modified Gabor (frequencies=0.075/0.095/0.115/0.14, orientation_bins=12, strength=0.1, orientation_offset=1.5708, sigma_scale=0.55, gamma=0.5, detail_clip=0.1)",50,27.393150713506465,0.2962139983385244,27.348081123526583,26.80474653625486,28.229627010950477,0.8336866574247188,0.05275271365146443,0.8505574444022179,0.7013039545563757,0.9127776784726679,0.0018266277989687438,0.00012006186075900166,0.0018415864416389549,0.0015032710673319035,0.002087013923050901,0.008369581930988588,0.00031270058130502545,-3.4804550449252454e-06,0.00022799174912506713
"M2 Modified Gabor (frequencies=0.07/0.085/0.105/0.125/0.15, orientation_bins=12, strength=0.08, orientation_offset=1.5708, sigma_scale=0.55, gamma=0.5, detail_clip=0.1)",50,27.39183404325048,0.29598543855413223,27.346959936759326,26.80405800306998,28.22756384795121,0.8336453786478615,0.0527568933129026,0.8505240348269343,0.7012481085380614,0.9127412109751701,0.0018271754662396334,0.00012000741742476659,0.00184206188709522,0.0015039853822009417,0.002087344825772201,0.0070529116750002886,0.0002714218044477712,-2.932787774035622e-06,0.00017639251076616346
"M2 Modified Gabor (frequencies=0.075/0.095/0.115/0.14, orientation_bins=8, strength=0.08, orientation_offset=1.5708, sigma_scale=0.55, gamma=0.5, detail_clip=0.1)",50,27.39165041741293,0.2959642694822627,27.34686358081976,26.80377608469999,28.22702887854434,0.8336255831578153,0.05275912882035979,0.8505066048825085,0.7012369918738306,0.912723533054173,0.0018272522392458704,0.00012000814478502313,0.0018421028323588283,0.0015041706564234776,0.002087480328288473,0.0068692858374524235,0.00025162631440162064,-2.8560147677986247e-06,0.00018747199792414903
"M2 Modified Gabor (frequencies=0.075/0.095/0.115/0.14, orientation_bins=16, strength=0.08, orientation_offset=1.5708, sigma_scale=0.55, gamma=0.5, detail_clip=0.1)",50,27.391567596267386,0.2959046304776299,27.346836057340436,26.80398732643695,28.226788233228813,0.8336247780440462,0.052760083467835,0.8505052479160726,0.701228174195379,0.9127252123935222,0.0018272854343578371,0.0001199851838820354,0.001842114476745307,0.0015042540057788182,0.0020873787952815615,0.006786464691908165,0.00025082120063244726,-2.8228196558319597e-06,0.0001814277798985131
"M2 Modified Gabor (frequencies=0.075/0.095/0.115/0.14, orientation_bins=12, strength=0.08, orientation_offset=1.5708, sigma_scale=0.55, gamma=0.5, detail_clip=0.1)",50,27.39156475621082,0.2959063612247745,27.346825012955456,26.80393319677638,28.226777601027983,0.8336246040348226,0.052759944558788206,0.8505049754206836,0.7012297644835412,0.912724150004983,0.0018272866868776932,0.00011998643215698144,0.0018421191476862104,0.001504257688429861,0.0020874048121467333,0.006783624635343344,0.00025064719140886814,-2.8215671359757296e-06,0.00018253332935273649
"M2 Modified Gabor (frequencies=0.075/0.095/0.115/0.14, orientation_bins=12, strength=0.06, orientation_offset=1.5708, sigma_scale=0.55, gamma=0.5, detail_clip=0.1)",50,27.389935067896637,0.29559211493223136,27.345538042377335,26.803082205975958,28.223846175842958,0.8335623220339471,0.05276721903351693,0.8504522802097201,0.7011554000844359,0.9126704365030825,0.0018279640524624017,0.00011990970031276352,0.0018426650991928287,0.0015052733834492417,0.002087813874756205,0.005153936321158739,0.00018836519053339718,-2.1442015512673642e-06,0.00013700411960599013
"M2 Modified Gabor (frequencies=0.075/0.095/0.115/0.14, orientation_bins=12, strength=0.04, orientation_offset=1.5708, sigma_scale=0.5, gamma=0.5, detail_clip=0.1)",50,27.388544813830485,0.2953233384427393,27.344442848772434,26.80236434975541,28.221292082059364,0.8335106654149019,0.05277355971208731,0.850408234308213,0.7010920184978843,0.9126266125549972,0.0018285420871473447,0.00011984396340372973,0.0018431298288586924,0.0015061588978373067,0.0020881590032606435,0.0037636822550098257,0.00013670857148825543,-1.5661668663241373e-06,9.388308360939845e-05
"M2 Modified Gabor (frequencies=0.07/0.085/0.105/0.125/0.15, orientation_bins=12, strength=0.04, orientation_offset=1.5708, sigma_scale=0.55, gamma=0.5, detail_clip=0.1)",50,27.38839323342069,0.29531109676206796,27.344286698353663,26.80224361130361,28.221226402859507,0.8335099628158195,0.05277306036026914,0.8504087869532704,0.7010895661270022,0.9126252857108712,0.0018286055582079394,0.00011984240958301015,0.0018431960736249203,0.0015061816759437325,0.0020882170570928507,0.0036121018452098495,0.00013600597240567058,-1.5026958057296185e-06,8.833942069031763e-05
"M2 Modified Gabor (frequencies=0.075/0.095/0.115/0.14, orientation_bins=8, strength=0.04, orientation_offset=1.5708, sigma_scale=0.55, gamma=0.5, detail_clip=0.1)",50,27.388307034882565,0.29529975632139527,27.34424237079613,26.802122593253692,28.220961696181988,0.8335002773011255,0.0527741241200009,0.8504001767457425,0.701084461305648,0.9126165810056924,0.0018286415897428515,0.00011984228133370572,0.001843214924684656,0.0015062734819681022,0.0020882752469818756,0.0035259033070865796,0.00012632045771180379,-1.4666642708175294e-06,9.38761283759959e-05
"M2 Modified Gabor (frequencies=0.075/0.095/0.115/0.14, orientation_bins=16, strength=0.04, orientation_offset=1.5708, sigma_scale=0.55, gamma=0.5, detail_clip=0.1)",50,27.388261732839975,0.29527033057258806,27.344225530583756,26.802217034234186,28.220838648894194,0.8334998458299399,0.052774606002709556,0.8503994986669718,0.7010799211698174,0.9126173340237737,0.001828659851114658,0.00011983106725104388,0.0018432220571238571,0.0015063161593448617,0.002088229836177511,0.0034806012644987305,0.00012588898652612368,-1.4484028990111508e-06,9.085272744414396e-05
"M2 Modified Gabor (frequencies=0.075/0.095/0.115/0.14, orientation_bins=12, strength=0.04, orientation_offset=1.5708, sigma_scale=0.55, gamma=0.5, detail_clip=0.1)",50,27.388261246419056,0.29527113830586216,27.344220421992148,26.80219475191162,28.220833841900784,0.8334997753565776,0.05277453255002755,0.8503993764478862,0.7010808098270596,0.9126168601096273,0.0018286600828425533,0.00011983163013676645,0.0018432242186468791,0.0015063178266135372,0.002088240550274076,0.0034801148435779083,0.00012581851316391556,-1.4481711711157846e-06,9.140512309386396e-05
"M2 Modified Gabor (frequencies=0.075/0.095/0.115/0.14, orientation_bins=12, strength=0.04, orientation_offset=1.5708, sigma_scale=0.65, gamma=0.5, detail_clip=0.1)",50,27.387826208970846,0.2951945186538183,27.34388153822428,26.80192113901089,28.220142186647262,0.8334831521493858,0.05277584025624076,0.8503857551228702,0.7010642233560085,0.9126014182846844,0.0018288412159103212,0.00011981407617799684,0.0018433680391189697,0.0015065577411527596,0.0020883721171203527,0.003045077395368878,0.00010919530597209847,-1.2670381033479378e-06,8.831241910229438e-05
"M2 Modified Gabor (frequencies=0.075/0.095/0.115/0.14, orientation_bins=12, strength=0.02, orientation_offset=1.5708, sigma_scale=0.55, gamma=0.5, detail_clip=0.1)",50,27.386543215786556,0.2949434211309519,27.342873375408605,26.80126884275228,28.21774019866637,0.8334369784876668,0.05278188205371978,0.8503463229495882,0.7010059140320122,0.9125630386499762,0.0018293748314931178,0.00011975221717222987,0.0018437959989069802,0.001507391215821078,0.002088685807411687,0.0017620842110765266,6.302164425313172e-05,-7.334225205514596e-07,4.573718630126677e-05
"M2 Modified Gabor (frequencies=0.075/0.095/0.115/0.14, orientation_bins=12, strength=0.12, orientation_offset=0, sigma_scale=0.55, gamma=0.5, detail_clip=0.1)",50,27.38630770735295,0.29485101482952975,27.3432495608905,26.800498394499467,28.216263059097486,0.8334099987495452,0.052787528826493506,0.8503456657205521,0.7009865580143928,0.9125311750850678,0.0018294719775052914,0.00011974155835115858,0.0018436360709041307,0.0015079040028840125,0.0020890563778763163,0.001526575777478314,3.604190613150093e-05,-6.362765083776923e-07,0.00021255409170407803
"M2 Modified Gabor (frequencies=0.075/0.095/0.115/0.14, orientation_bins=12, strength=0.1, orientation_offset=0, sigma_scale=0.55, gamma=0.5, detail_clip=0.1)",50,27.386107906261984,0.2948088280308448,27.34291540307437,26.800537143283382,28.216036989388527,0.8334042927804255,0.05278784690242704,0.8503373051086665,0.700977593370527,0.9125277598647177,0.0018295549415191749,0.00011972749849944718,0.0018437779930309914,0.0015079824980769958,0.002089037738902895,0.0013267746865045637,3.033593701181836e-05,-5.533124944943597e-07,0.0001771493107662536
"M2 Modified Gabor (frequencies=0.075/0.095/0.115/0.14, orientation_bins=16, strength=0.08, orientation_offset=0, sigma_scale=0.55, gamma=0.5, detail_clip=0.1)",50,27.385971803515044,0.29478632155621315,27.342580964456957,26.800685842044953,28.21594998264707,0.8333996188908678,0.05278797417972846,0.8503299115679861,0.7009731417400837,0.9125260291879773,0.001829611584171536,0.000119718465351495,0.0018439200385640972,0.0015080127093652076,0.0020889662132400843,0.0011906719395673093,2.566204745411804e-05,-4.96669842133036e-07,0.00014330133693874814
"M2 Modified Gabor (frequencies=0.075/0.095/0.115/0.14, orientation_bins=8, strength=0.08, orientation_offset=0, sigma_scale=0.55, gamma=0.5, detail_clip=0.1)",50,27.38595431533975,0.29475565258746345,27.34260660148096,26.800451464590513,28.215678690389424,0.8333988869251543,0.052788829510757695,0.850329696588844,0.700966539614737,0.9125241309572756,0.0018296181973316641,0.00011971018720439399,0.0018439091024051273,0.0015081069138665024,0.0020890789523642286,0.001173183764274981,2.493008174060618e-05,-4.900566820050141e-07,0.000147750591422664
"M2 Modified Gabor (frequencies=0.075/0.095/0.115/0.14, orientation_bins=12, strength=0.08, orientation_offset=0, sigma_scale=0.55, gamma=0.5, detail_clip=0.1)",50,27.385886312319016,0.2947673520864238,27.3425592322424,26.800547359838205,28.215788532812724,0.8333984455050831,0.05278815388894184,0.8503287561887801,0.7009683526657522,0.9125242722413242,0.0018296471109806145,0.00011971437143670935,0.0018439292776392668,0.001508068771078588,0.0020890328245545945,0.0011051807435378436,2.4488661669490598e-05,-4.6114303305463956e-07,0.00014173647592542694
"M2 Modified Gabor (frequencies=0.07/0.085/0.105/0.125/0.15, orientation_bins=12, strength=0.08, orientation_offset=0, sigma_scale=0.55, gamma=0.5, detail_clip=0.1)",50,27.385820549155692,0.2947667835455618,27.342446017199602,26.800497257706915,28.215668073436046,0.8333976584475822,0.052787837850948094,0.8503285432175101,0.7009685044742227,0.9125233488861323,0.0018296747635727336,0.00011971427911570384,0.0018439773772789593,0.0015081106006553135,0.0020890569246997605,0.0010394175802150585,2.3701604168411273e-05,-4.3349044093532465e-07,0.00013822335356962866
"M2 Modified Gabor (frequencies=0.075/0.095/0.115/0.14, orientation_bins=12, strength=0.01, orientation_offset=1.5708, sigma_scale=0.55, gamma=0.5, detail_clip=0.1)",50,27.385667695319267,0.2947770613890311,27.34218884918494,26.800791297637492,28.21616286319985,0.8334054812125146,0.05278558972178467,0.8503198283690512,0.7009683481943906,0.9125361368315518,0.0018297392020364363,0.00011971201727511555,0.001844086627037905,0.001507938792075282,0.002088915489479036,0.0008865637437914842,3.152436910091483e-05,-3.690519772327292e-07,2.2876763250678777e-05
"M2 Modified Gabor (frequencies=0.075/0.095/0.115/0.14, orientation_bins=12, strength=0.06, orientation_offset=0, sigma_scale=0.55, gamma=0.5, detail_clip=0.1)",50,27.38564284680765,0.29472655922342267,27.342181878013648,26.800529065261472,28.21551742195785,0.8333924945153511,0.05278844470820277,0.8503200677721501,0.7009591219749153,0.9125206595722437,0.0018297485197839778,0.00011970217236226425,0.0018440895747844025,0.0015081629160867585,0.0020890416245862315,0.0008617152321751576,1.8537671937344235e-05,-3.597342296914269e-07,0.00010631480006850324
"M2 Modified Gabor (frequencies=0.075/0.095/0.115/0.14, orientation_bins=12, strength=0.04, orientation_offset=0, sigma_scale=0.5, gamma=0.5, detail_clip=0.1)",50,27.38543736508698,0.29471974691225916,27.34199522442635,26.800485293667432,28.215412146231383,0.8333879351682711,0.05278813491385988,0.8503121327576637,0.7009536483327746,0.9125178068528473,0.0018298348344541508,0.00011970174673231663,0.0018441688339127724,0.0015081994753518727,0.002089062679687448,0.0006562335115003748,1.3978324857339963e-05,-2.7341955951846496e-07,7.22142434824491e-05
"M2 Modified Gabor (frequencies=0.075/0.095/0.115/0.14, orientation_bins=16, strength=0.04, orientation_offset=0, sigma_scale=0.55, gamma=0.5, detail_clip=0.1)",50,27.385420658887924,0.2946956496042533,27.341963533459957,26.800553324719925,28.215304207950823,0.8333870028021967,0.052788659555641756,0.8503118519717455,0.700952107111007,0.9125178246231973,0.0018298412261267695,0.00011969282580223099,0.0018441822915177507,0.0015082369601664178,0.0020890299553435717,0.0006395273124485357,1.3045958783024502e-05,-2.670278868997485e-07,7.166833442170174e-05
"M2 Modified Gabor (frequencies=0.075/0.095/0.115/0.14, orientation_bins=8, strength=0.04, orientation_offset=0, sigma_scale=0.55, gamma=0.5, detail_clip=0.1)",50,27.3854151117248,0.29467994981797174,27.34197592507295,26.80043639924974,28.215170268107723,0.8333866484040034,0.05278908521942365,0.850311742062807,0.7009488951713443,0.9125168885718286,0.0018298431767261054,0.00011968846983207286,0.001844177002477148,0.0015082834761009668,0.0020890861992306346,0.0006339801493236763,1.2691560589663809e-05,-2.6507728756389704e-07,7.389286103716586e-05
"M2 Modified Gabor (frequencies=0.075/0.095/0.115/0.14, orientation_bins=12, strength=0.04, orientation_offset=0, sigma_scale=0.55, gamma=0.5, detail_clip=0.1)",50,27.38537754608502,0.2946864854847939,27.341963606847834,26.800482408232916,28.21522315513551,0.8333864200761688,0.0527887463672046,0.8503112546927034,0.700949775167644,0.9125169333368838,0.0018298591553354603,0.00011969092444289216,0.0018441822617814528,0.001508265108806945,0.002089064067652482,0.0005964145095429529,1.2463232755057785e-05,-2.490986782086122e-07,7.088455982739106e-05
"M2 Modified Gabor (frequencies=0.07/0.085/0.105/0.125/0.15, orientation_bins=12, strength=0.04, orientation_offset=0, sigma_scale=0.55, gamma=0.5, detail_clip=0.1)",50,27.38534357355079,0.29468661174488137,27.34195282910749,26.80045569824118,28.215163476427108,0.8333860163902027,0.052788594532072124,0.850311183212161,0.7009497932133376,0.912516564329952,0.0018298734536431052,0.00011969105721420628,0.0018441868346798932,0.0015082858348202423,0.0020890769158598394,0.0005624419753143429,1.2059546788918408e-05,-2.3480037056398517e-07,6.912808414199389e-05
"M2 Modified Gabor (frequencies=0.075/0.095/0.115/0.14, orientation_bins=12, strength=0.04, orientation_offset=0, sigma_scale=0.65, gamma=0.5, detail_clip=0.1)",50,27.38530379672261,0.294639188770593,27.341927723828086,26.80048465063811,28.214968140189704,0.8333848286205066,0.05278955465562445,0.850310478883803,0.7009450536785424,0.9125164263609051,0.0018298889750406177,0.0001196752920555667,0.001844197502855482,0.0015083536757710342,0.0020890629890002997,0.0005226651471325283,1.0871777092806844e-05,-2.1927897305122275e-07,6.929936236701906e-05
"M2 Modified Gabor (frequencies=0.075/0.095/0.115/0.14, orientation_bins=12, strength=0.02, orientation_offset=0, sigma_scale=0.55, gamma=0.5, detail_clip=0.1)",50,27.385090369399517,0.29464726911126965,27.341738271378148,26.800407910718896,28.21490574670061,0.8333802317402114,0.05278903587456139,0.8503023268790544,0.7009402414278985,0.912513200761348,0.001829979040130577,0.00011968067972455249,0.0018442779495847752,0.0015083753458885643,0.002089099903109984,0.00030923782404180145,6.274896797540119e-06,-1.2921388309188995e-07,3.544630591932219e-05
"M2 Modified Gabor (frequencies=0.075/0.095/0.115/0.14, orientation_bins=12, strength=0.01, orientation_offset=0, sigma_scale=0.55, gamma=0.5, detail_clip=0.1)",50,27.384938510235497,0.29462799346035895,27.341619504045855,26.800360018130224,28.214738380079396,0.8333770992554128,0.05278917463550128,0.8502978054505288,0.7009355935719908,0.9125112580469846,0.0018300424801479147,0.00011967593621943066,0.001844328385666351,0.0015084334761573518,0.0020891229411540285,0.00015737866001970248,3.1424119990997036e-06,-6.577386575414273e-08,1.7724097306199836e-05
"M2 Modified Gabor (frequencies=0.075/0.095/0.115/0.14, orientation_bins=12, strength=0, orientation_offset=0, sigma_scale=0.55, gamma=0.5, detail_clip=0.1)",50,27.38478113157548,0.2946089157993494,27.341497067342367,26.800304933742755,28.214565289387025,0.8333739568434138,0.052789317786470995,0.8502932608374953,0.700930704194814,0.912509316891849,0.001830108254013669,0.00011967143875495371,0.0018443803816427901,0.0015084935968839085,0.00208914943902406,0.0,0.0,0.0,0.0
"M2 Modified Gabor (frequencies=0.075/0.095/0.115/0.14, orientation_bins=12, strength=0, orientation_offset=1.5708, sigma_scale=0.55, gamma=0.5, detail_clip=0.1)",50,27.38478113157548,0.2946089157993494,27.341497067342367,26.800304933742755,28.214565289387025,0.8333739568434138,0.052789317786470995,0.8502932608374953,0.700930704194814,0.912509316891849,0.001830108254013669,0.00011967143875495371,0.0018443803816427901,0.0015084935968839085,0.00208914943902406,0.0,0.0,0.0,0.0
