candidate,images,mean_psnr,std_psnr,median_psnr,min_psnr,max_psnr,mean_ssim,std_ssim,median_ssim,min_ssim,max_ssim,mean_mse,std_mse,median_mse,min_mse,max_mse,mean_delta_psnr,mean_delta_ssim,mean_delta_mse,mean_absolute_change,runtime_seconds_total,runtime_seconds_mean
"M2 Modified Gabor (frequencies=0.075/0.095/0.115/0.14, orientation_bins=12, strength=0.12, orientation_offset=1.5708, sigma_scale=0.55, gamma=0.5, detail_clip=0.1)",50,27.39469332646604,0.2965150575328829,27.349306148321944,26.80552125405317,28.232395943713115,0.8337484546627771,0.05274557029500442,0.8506096791132092,0.7013777282002867,0.9128310898761153,0.0018259872065189925,0.00012013598674658539,0.0018410670651168382,0.0015023129317728715,0.002086641663513527,0.009912194890563483,0.0003744978193634729,-4.1210474946766494e-06,0.00027337845560396093,0.0865138999906776,0.001730277999813552
"M2 Modified Gabor (frequencies=0.075/0.095/0.115/0.14, orientation_bins=12, strength=0.1, orientation_offset=1.5708, sigma_scale=0.55, gamma=0.5, detail_clip=0.1)",50,27.39315071377158,0.29621399786476466,27.348081123747303,26.80474653840352,28.22962701009043,0.8336866575294047,0.05275271345252497,0.8505574456087946,0.7013039573720395,0.9127776759546101,0.0018266277988447455,0.00012006186057965696,0.0018415864415457358,0.0015032710676296018,0.002087013922018358,0.008369582196101889,0.00031270068599103417,-3.4804551689234658e-06,0.00022799174708779902,0.09444620000795112,0.0018889240001590225
"M2 Modified Gabor (frequencies=0.07/0.085/0.105/0.125/0.15, orientation_bins=12, strength=0.08, orientation_offset=1.5708, sigma_scale=0.55, gamma=0.5, detail_clip=0.1)",50,27.39183404353673,0.2959854384115196,27.34695993707088,26.804058003699055,28.22756384741686,0.8336453786177445,0.05275689361175751,0.8505240354479551,0.7012481084444225,0.9127412125712633,0.0018271754661153973,0.00012000741736350588,0.0018420618869629708,0.0015039853823859898,0.0020873448254698497,0.007052911961253514,0.00027142177433073125,-2.932787898271769e-06,0.00017639251484069974,0.093526100001327,0.0018705220000265399
"M2 Modified Gabor (frequencies=0.075/0.095/0.115/0.14, orientation_bins=8, strength=0.08, orientation_offset=1.5708, sigma_scale=0.55, gamma=0.5, detail_clip=0.1)",50,27.39165041743635,0.2959642692515722,27.34686358182322,26.803776084597594,28.227028878191692,0.8336255830685502,0.052759129148920385,0.8505066041011513,0.7012369860089719,0.9127235328834653,0.001827252239229938,0.00012000814470123626,0.0018421028319331437,0.0015041706565456158,0.0020874803283376896,0.0068692858608699935,0.0002516262251365142,-2.8560147837310278e-06,0.00018747199821518733,0.09717139999338542,0.0019434279998677083
"M2 Modified Gabor (frequencies=0.075/0.095/0.115/0.14, orientation_bins=16, strength=0.08, orientation_offset=1.5708, sigma_scale=0.55, gamma=0.5, detail_clip=0.1)",50,27.391567596329352,0.2959046302780731,27.346836058696667,26.803987326415065,28.22678823293769,0.8336247780326903,0.052760083536444236,0.8505052473945618,0.7012281708684266,0.9127252125098705,0.0018272854343265744,0.00011998518381149209,0.0018421144761699038,0.0015042540058796544,0.0020873787952920804,0.006786464753875947,0.00025082118927656884,-2.822819687094734e-06,0.00018142778309993446,0.09553230000892654,0.0019106460001785308
"M2 Modified Gabor (frequencies=0.075/0.095/0.115/0.14, orientation_bins=12, strength=0.08, orientation_offset=1.5708, sigma_scale=0.55, gamma=0.5, detail_clip=0.1)",50,27.391564756286353,0.29590636096599754,27.34682501368183,26.80393319670192,28.226777600843338,0.8336246040702051,0.05275994453262682,0.8505049751604199,0.7012297604169547,0.9127241505289078,0.0018272866868390186,0.000119986432058239,0.0018421191473780045,0.0015042576884938153,0.0020874048121825224,0.006783624710873824,0.0002506472267913673,-2.821567174650318e-06,0.000182533330807928,0.09032520000255317,0.0018065040000510635
"M2 Modified Gabor (frequencies=0.075/0.095/0.115/0.14, orientation_bins=12, strength=0.06, orientation_offset=1.5708, sigma_scale=0.55, gamma=0.5, detail_clip=0.1)",50,27.389935068060428,0.2955921147772987,27.34553804258619,26.80308220515528,28.22384617518307,0.8335623220380097,0.052767219034551165,0.8504522803311945,0.7011553995629549,0.9126704339107573,0.001827964052389342,0.00011990970025041463,0.0018426650991040915,0.0015052733836779587,0.002087813875150736,0.005153936484949284,0.00018836519459604074,-2.144201624327169e-06,0.00013700412004254758,0.09066220001113834,0.0018132440002227668
"M2 Modified Gabor (frequencies=0.075/0.095/0.115/0.14, orientation_bins=12, strength=0.04, orientation_offset=1.5708, sigma_scale=0.5, gamma=0.5, detail_clip=0.1)",50,27.38854481395927,0.2953233383971192,27.344442848667338,26.802364349985808,28.221292081984338,0.8335106655177342,0.05277355942883422,0.8504082344697714,0.7010920185103416,0.9126266125803888,0.0018285420870919238,0.00011984396338371677,0.0018431298289029755,0.0015061588978633259,0.002088159003149863,0.0037636823837915046,0.000136708674320567,-1.5661669217450395e-06,9.388308390043676e-05,17.974702900024567,0.35949405800049133
"M2 Modified Gabor (frequencies=0.07/0.085/0.105/0.125/0.15, orientation_bins=12, strength=0.04, orientation_offset=1.5708, sigma_scale=0.55, gamma=0.5, detail_clip=0.1)",50,27.388393233579407,0.295311096855447,27.344286697634463,26.80224361113367,28.22122640314641,0.8335099629421336,0.05277306042864654,0.8504087886688412,0.7010895662602782,0.9126252855699658,0.0018286055581436566,0.00011984240961651139,0.0018431960739300245,0.0015061816758442314,0.002088217057174566,0.0036121020039311703,0.0001360060987198275,-1.502695870012399e-06,8.8339419598924e-05,22.036684800008516,0.4407336960001703
"M2 Modified Gabor (frequencies=0.075/0.095/0.115/0.14, orientation_bins=8, strength=0.04, orientation_offset=1.5708, sigma_scale=0.55, gamma=0.5, detail_clip=0.1)",50,27.388307035015256,0.2952997561795932,27.344242370999112,26.802122593983512,28.22096169581251,0.8335002774425125,0.05277412391157569,0.8504001776289641,0.7010844613149464,0.9126165812472701,0.0018286415896831157,0.00011984228127270052,0.0018432149245985717,0.001506273482096249,0.0020882752466309467,0.00352590343977802,0.00012632059909879035,-1.4666643305534218e-06,9.387612968566827e-05,11.707505799993669,0.23415011599987337
"M2 Modified Gabor (frequencies=0.075/0.095/0.115/0.14, orientation_bins=16, strength=0.04, orientation_offset=1.5708, sigma_scale=0.55, gamma=0.5, detail_clip=0.1)",50,27.388261732998544,0.29527033037542266,27.344225530719683,26.802217034765615,28.220838648357272,0.833499845951395,0.052774605689396535,0.8503994988191426,0.7010799212110639,0.9126173340442181,0.0018286598510425566,0.00011983106716879037,0.0018432220570661728,0.0015063161595310895,0.002088229835921983,0.003480601423067,0.00012588910798131404,-1.4484029711125034e-06,9.085272802622057e-05,23.141339700010576,0.46282679400021154
"M2 Modified Gabor (frequencies=0.075/0.095/0.115/0.14, orientation_bins=12, strength=0.04, orientation_offset=1.5708, sigma_scale=0.55, gamma=0.5, detail_clip=0.1)",50,27.388261246547273,0.29527113824816936,27.34422042275033,26.802194752595533,28.2208338411641,0.8334997753818488,0.0527745324747356,0.8503993776273429,0.7010808098879755,0.9126168602260352,0.0018286600827870094,0.00011983163011043749,0.0018432242183249732,0.001506317826869051,0.0020882405499452294,0.0034801149717935687,0.0001258185384351007,-1.4481712266594835e-06,9.14051232393831e-05,0.09414870000182418,0.0018829740000364836
"M2 Modified Gabor (frequencies=0.075/0.095/0.115/0.14, orientation_bins=12, strength=0.04, orientation_offset=1.5708, sigma_scale=0.65, gamma=0.5, detail_clip=0.1)",50,27.387826209028503,0.2951945185989854,27.34388153850788,26.80192113905509,28.220142186186386,0.8334831520529336,0.05277584030453475,0.8503857557441592,0.7010642233604789,0.9126014183051884,0.0018288412158845462,0.00011981407615421596,0.0018433680389987094,0.0015065577413126364,0.0020883721170990984,0.00304507745302665,0.00010919520951985896,-1.26703812912291e-06,8.831241830193903e-05,18.568231200009905,0.3713646240001981
"M2 Modified Gabor (frequencies=0.075/0.095/0.115/0.14, orientation_bins=12, strength=0.02, orientation_offset=1.5708, sigma_scale=0.55, gamma=0.5, detail_clip=0.1)",50,27.386543215900055,0.2949434210077364,27.3428733753797,26.801268842339027,28.21774019855188,0.833436978386109,0.052781882180497466,0.850346322842598,0.7010059140115679,0.9125630379478336,0.001829374831442016,0.00011975221712247267,0.0018437959989192703,0.0015073912158608143,0.002088685807610434,0.0017620843245785523,6.30215426951608e-05,-7.334225716529394e-07,4.573718688334338e-05,0.09594310000829864,0.0019188620001659728
"M2 Modified Gabor (frequencies=0.075/0.095/0.115/0.14, orientation_bins=12, strength=0.12, orientation_offset=0, sigma_scale=0.55, gamma=0.5, detail_clip=0.1)",50,27.386307707345892,0.29485101479969494,27.343249560646832,26.80049839301908,28.216263058797196,0.8334099991070216,0.052787528716825065,0.8503456667121947,0.7009865587758422,0.9125311714371442,0.0018294719775075383,0.00011974155834357986,0.0018436360710076993,0.001507904002988275,0.0020890563785884164,0.001526575770414098,3.6042263607971584e-05,-6.362765061307136e-07,0.00021255409214063548,0.08374859998730244,0.001674971999746049
"M2 Modified Gabor (frequencies=0.075/0.095/0.115/0.14, orientation_bins=12, strength=0.1, orientation_offset=0, sigma_scale=0.55, gamma=0.5, detail_clip=0.1)",50,27.38610790641634,0.2948088280752799,27.342915404106364,26.800537143922895,28.216036989473615,0.833404292671113,0.05278784682119931,0.8503373051222562,0.7009775914615095,0.9125277601024211,0.00182955494145534,0.00011972749851208517,0.0018437779925927957,0.0015079824980474502,0.002089037738595279,0.0013267748408586045,3.0335827699294883e-05,-5.533125583289875e-07,0.0001771493087289855,0.0955749000167998,0.001911498000335996
"M2 Modified Gabor (frequencies=0.075/0.095/0.115/0.14, orientation_bins=16, strength=0.08, orientation_offset=0, sigma_scale=0.55, gamma=0.5, detail_clip=0.1)",50,27.385971803567877,0.2947863215230253,27.342580963869935,26.800685842159865,28.215949982672907,0.8333996189148878,0.05278797429230712,0.850329911880374,0.7009731417312622,0.9125260292490422,0.0018296115841483533,0.00011971846533550762,0.0018439200388132417,0.0015080127093562356,0.0020889662131848103,0.0011906719924022725,2.566207147419064e-05,-4.966698653158112e-07,0.00014330133446492256,0.09844099999463651,0.0019688199998927304
"M2 Modified Gabor (frequencies=0.075/0.095/0.115/0.14, orientation_bins=8, strength=0.08, orientation_offset=0, sigma_scale=0.55, gamma=0.5, detail_clip=0.1)",50,27.3859543154364,0.29475565246792107,27.342606601558224,26.80045146494891,28.21567869035418,0.8333988869577139,0.05278882950104036,0.850329697624892,0.7009665395659804,0.9125241309314072,0.0018296181972876327,0.00011971018715073778,0.0018439091023724878,0.0015081069138787393,0.0020890789521918283,0.001173183860925775,2.493011430023673e-05,-4.900567260364159e-07,0.0001477505917137023,0.10288250000667176,0.002057650000133435
"M2 Modified Gabor (frequencies=0.075/0.095/0.115/0.14, orientation_bins=12, strength=0.08, orientation_offset=0, sigma_scale=0.55, gamma=0.5, detail_clip=0.1)",50,27.385886312307875,0.2947673520652527,27.34255923212509,26.80054736007903,28.215788532778152,0.8333984454407102,0.05278815389999943,0.8503287549047172,0.7009683530771434,0.9125242719527185,0.0018296471109846815,0.00011971437142605922,0.0018439292776892017,0.0015080687710905933,0.0020890328244387558,0.0011051807323995176,2.448859729646591e-05,-4.611430289876671e-07,0.00014173647694406099,0.08094620000338182,0.0016189240000676363
"M2 Modified Gabor (frequencies=0.07/0.085/0.105/0.125/0.15, orientation_bins=12, strength=0.08, orientation_offset=0, sigma_scale=0.55, gamma=0.5, detail_clip=0.1)",50,27.385820549101144,0.2947667836543379,27.342446017043784,26.800497257114998,28.21566807438102,0.8333976585801511,0.05278783775357865,0.8503285429929792,0.7009685042510628,0.9125233488690853,0.0018296747635986,0.00011971427915806114,0.0018439773773448246,0.0015081106003271667,0.002089056924984487,0.0010394175256682558,2.3701736737480327e-05,-4.33490415069032e-07,0.00013822335429722443,0.10736159996667993,0.002147231999333599
"M2 Modified Gabor (frequencies=0.075/0.095/0.115/0.14, orientation_bins=12, strength=0.01, orientation_offset=1.5708, sigma_scale=0.55, gamma=0.5, detail_clip=0.1)",50,27.385667695320684,0.29477706139480503,27.342188849160337,26.80079129767359,28.216162863223346,0.8334054812074936,0.0527855896645314,0.8503198283685744,0.7009683482334316,0.9125361368410886,0.0018297392020359378,0.0001197120172748752,0.001844086627048372,0.001507938792067123,0.0020889154894616715,0.0008865637452076669,3.1524364079824616e-05,-3.6905197773114996e-07,2.287676372361602e-05,16.724500999989687,0.3344900199997937
"M2 Modified Gabor (frequencies=0.075/0.095/0.115/0.14, orientation_bins=12, strength=0.06, orientation_offset=0, sigma_scale=0.55, gamma=0.5, detail_clip=0.1)",50,27.385642846895816,0.2947265592257254,27.34218187791779,26.800529067030055,28.215517421621428,0.8333924945378244,0.05278844483266779,0.8503200675806404,0.7009591196791828,0.9125206597070694,0.00182974851974677,0.00011970217235457854,0.0018440895748251045,0.0015081629162035865,0.002089041623735509,0.0008617153203415739,1.8537694410685202e-05,-3.5973426689905106e-07,0.00010631480035954155,0.10009329998138128,0.0020018659996276257
"M2 Modified Gabor (frequencies=0.075/0.095/0.115/0.14, orientation_bins=12, strength=0.04, orientation_offset=0, sigma_scale=0.5, gamma=0.5, detail_clip=0.1)",50,27.385437364955756,0.294719746920359,27.341995223864387,26.800485293387382,28.21541214576446,0.8333879351834881,0.05278813490661173,0.8503121326547562,0.7009536483611465,0.9125178068553508,0.0018298348345095682,0.00011970174673514887,0.0018441688341515954,0.0015081994755140223,0.0020890626798221556,0.000656233380280824,1.397834007441201e-05,-2.734195041006809e-07,7.221424275485333e-05,18.68912699999055,0.373782539999811
"M2 Modified Gabor (frequencies=0.075/0.095/0.115/0.14, orientation_bins=16, strength=0.04, orientation_offset=0, sigma_scale=0.55, gamma=0.5, detail_clip=0.1)",50,27.38542065888073,0.2946956497016603,27.34196353357111,26.800553323962095,28.21530420830937,0.8333870027438389,0.052788659474479444,0.8503118521674276,0.7009521072012485,0.9125178246146739,0.0018298412261324858,0.00011969282584353455,0.0018441822914704998,0.0015082369600419006,0.0020890299557081013,0.0006395273052548589,1.3045900425312507e-05,-2.6702788118331854e-07,7.166833427618257e-05,23.943566000009014,0.4788713200001803
"M2 Modified Gabor (frequencies=0.075/0.095/0.115/0.14, orientation_bins=8, strength=0.04, orientation_offset=0, sigma_scale=0.55, gamma=0.5, detail_clip=0.1)",50,27.385415111651067,0.29467994988103136,27.341975925012996,26.800436399169097,28.215170268247988,0.8333866484791375,0.05278908523591054,0.8503117424534559,0.7009488950924277,0.9125168885684908,0.0018298431767588073,0.00011968846985600131,0.0018441770025025813,0.0015082834760522538,0.0020890861992694265,0.0006339800755906566,1.269163572370502e-05,-2.6507725486200026e-07,7.389286183752119e-05,12.1365496999897,0.242730993999794
"M2 Modified Gabor (frequencies=0.075/0.095/0.115/0.14, orientation_bins=12, strength=0.04, orientation_offset=0, sigma_scale=0.55, gamma=0.5, detail_clip=0.1)",50,27.385377545969842,0.2946864854368834,27.34196360671239,26.800482408396373,28.215223155645898,0.8333864201069487,0.052788746378706355,0.8503112547335028,0.700949775105536,0.9125169335539639,0.0018298591553825214,0.00011969092441945258,0.0018441822618389114,0.0015082651086296918,0.0020890640675738552,0.0005964143943655387,1.2463263534907564e-05,-2.490986311476763e-07,7.088455888151657e-05,0.09450290000677342,0.0018900580001354683
"M2 Modified Gabor (frequencies=0.07/0.085/0.105/0.125/0.15, orientation_bins=12, strength=0.04, orientation_offset=0, sigma_scale=0.55, gamma=0.5, detail_clip=0.1)",50,27.385343573669125,0.2946866117010159,27.341952829810104,26.800455698252197,28.21516347638458,0.833386016324405,0.05278859455409258,0.8503111830807925,0.7009497931763827,0.9125165643492639,0.0018298734535919902,0.00011969105719051894,0.0018441868343815112,0.0015082858348350132,0.00208907691585454,0.0005624420936482011,1.2059480991353234e-05,-2.348004216786749e-07,6.912808421475348e-05,31.1074342000029,0.622148684000058
"M2 Modified Gabor (frequencies=0.075/0.095/0.115/0.14, orientation_bins=12, strength=0.04, orientation_offset=0, sigma_scale=0.65, gamma=0.5, detail_clip=0.1)",50,27.385303796688515,0.2946391887456769,27.341927723542277,26.80048465039464,28.21496813996766,0.833384828545593,0.05278955464146682,0.8503104794706107,0.7009450538729727,0.9125164263983369,0.0018298889750543426,0.00011967529204804262,0.0018441975029769788,0.001508353675848152,0.002089062989117416,0.0005226651130384852,1.0871702179306997e-05,-2.1927895932644623e-07,6.929936236701906e-05,18.12284479999289,0.3624568959998578
"M2 Modified Gabor (frequencies=0.075/0.095/0.115/0.14, orientation_bins=12, strength=0.02, orientation_offset=0, sigma_scale=0.55, gamma=0.5, detail_clip=0.1)",50,27.385090369386536,0.2946472691618412,27.341738271338457,26.80040791058841,28.214905746848522,0.8333802316976977,0.05278903589010188,0.8503023268819153,0.7009402414289713,0.912513200753957,0.0018299790401374069,0.0001196806797445169,0.001844277949601679,0.0015083753458371896,0.0020890999031727506,0.0003092378110564908,6.274854283923048e-06,-1.2921387626227931e-07,3.5446305046207274e-05,0.10307130001092446,0.002061426000218489
"M2 Modified Gabor (frequencies=0.075/0.095/0.115/0.14, orientation_bins=12, strength=0.01, orientation_offset=0, sigma_scale=0.55, gamma=0.5, detail_clip=0.1)",50,27.3849385101494,0.29462799348702046,27.341619504037215,26.80036001845252,28.21473837985917,0.8333770992907858,0.05278917464404464,0.8502978054367303,0.7009355935758054,0.9125112580305338,0.001830042480184855,0.00011967593622948167,0.0018443283856700164,0.0015084334762338423,0.0020891229409989933,0.00015737857392437605,3.142447372064261e-06,-6.577382881415607e-08,1.7724097742757293e-05,25.521082599982037,0.5104216519996407
"M2 Modified Gabor (frequencies=0.075/0.095/0.115/0.14, orientation_bins=12, strength=0, orientation_offset=0, sigma_scale=0.55, gamma=0.5, detail_clip=0.1)",50,27.38478113157548,0.2946089157993494,27.341497067342367,26.800304933742755,28.214565289387025,0.8333739568434138,0.052789317786470995,0.8502932608374953,0.700930704194814,0.912509316891849,0.001830108254013669,0.00011967143875495371,0.0018443803816427901,0.0015084935968839085,0.00208914943902406,0.0,0.0,0.0,0.0,0.02153139999063569,0.00043062799981271384
"M2 Modified Gabor (frequencies=0.075/0.095/0.115/0.14, orientation_bins=12, strength=0, orientation_offset=1.5708, sigma_scale=0.55, gamma=0.5, detail_clip=0.1)",50,27.38478113157548,0.2946089157993494,27.341497067342367,26.800304933742755,28.214565289387025,0.8333739568434138,0.052789317786470995,0.8502932608374953,0.700930704194814,0.912509316891849,0.001830108254013669,0.00011967143875495371,0.0018443803816427901,0.0015084935968839085,0.00208914943902406,0.0,0.0,0.0,0.0,0.026842599996598437,0.0005368519999319688
